tick,kind,species,patch_x,patch_y,x,y,cause,detail
6,birth,grazer,19,20,153,161,,399
8,birth,grazer,9,15,76,126,,400
9,birth,grazer,17,24,138,194,,401
9,death,grazer,31,21,255,171,eaten,140
10,birth,grazer,8,28,70,229,,402
12,birth,grazer,6,2,48,16,,403
13,birth,grazer,20,7,161,62,,404
15,birth,grazer,30,25,247,204,,405
15,birth,grazer,8,10,71,86,,406
15,birth,grazer,6,20,54,167,,407
16,birth,grazer,31,18,252,149,,408
19,birth,grazer,10,11,84,95,,409
20,birth,grazer,29,10,232,86,,410
23,birth,grazer,9,21,76,175,,411
23,birth,grazer,8,2,70,16,,412
24,birth,grazer,26,9,211,75,,413
24,birth,grazer,11,14,95,116,,414
25,birth,grazer,15,3,123,28,,415
26,birth,grazer,7,25,57,202,,416
26,death,grazer,20,4,167,34,eaten,85
28,birth,grazer,28,19,225,156,,417
31,birth,grazer,12,8,102,67,,418
32,death,grazer,27,25,221,204,eaten,175
34,birth,grazer,11,19,93,157,,419
36,death,grazer,18,7,146,63,eaten,293
37,birth,grazer,3,14,29,117,,420
37,birth,grazer,4,14,39,115,,421
38,birth,grazer,28,20,230,163,,422
40,birth,grazer,24,14,192,119,,423
40,birth,grazer,20,26,164,214,,424
41,birth,grazer,9,12,78,97,,425
43,birth,grazer,29,18,237,147,,426
43,birth,grazer,8,20,71,160,,427
44,birth,grazer,1,0,15,0,,428
45,birth,grazer,13,26,106,215,,429
45,birth,grazer,6,3,48,25,,430
45,birth,grazer,4,2,33,23,,431
46,birth,grazer,9,7,75,60,,432
49,birth,grazer,4,25,38,201,,433
49,birth,grazer,9,7,73,62,,434
49,death,grazer,21,17,173,137,eaten,86
50,birth,grazer,10,17,86,140,,435
50,germination,tree,7,4,58,36,,436
50,germination,tree,30,3,243,29,,437
50,germination,tree,21,4,168,36,,438
50,germination,tree,11,4,89,39,,439
50,germination,tree,12,5,99,40,,440
50,germination,tree,27,5,221,42,,441
50,germination,tree,21,9,172,73,,442
50,germination,tree,28,13,229,107,,443
50,germination,tree,29,21,235,169,,444
50,germination,tree,27,26,219,214,,445
50,germination,tree,11,27,94,221,,446
50,germination,tree,24,30,192,247,,447
50,germination,tree,21,31,168,254,,448
52,birth,grazer,19,25,153,206,,449
53,birth,grazer,30,16,245,134,,450
55,birth,grazer,25,16,206,135,,451
56,birth,grazer,11,11,92,93,,452
56,birth,grazer,3,26,25,213,,453
56,birth,grazer,7,9,60,74,,454
57,birth,grazer,20,19,163,157,,455
57,birth,grazer,18,26,144,209,,456
58,birth,grazer,13,12,107,98,,457
58,birth,grazer,27,3,218,30,,458
59,birth,grazer,8,4,69,35,,459
59,birth,grazer,0,20,0,166,,460
59,birth,grazer,11,0,88,1,,461
59,death,grazer,7,12,56,102,eaten,250
64,birth,grazer,18,26,149,209,,462
68,birth,grazer,31,24,248,194,,463
71,birth,grazer,5,16,43,131,,464
72,birth,grazer,24,20,198,162,,465
72,death,grazer,31,2,249,23,eaten,100
73,birth,grazer,31,23,252,191,,466
74,birth,grazer,31,0,255,1,,467
74,birth,grazer,7,28,63,227,,468
75,birth,grazer,21,26,170,209,,469
75,birth,grazer,13,9,105,79,,470
75,birth,grazer,10,25,82,200,,471
75,birth,grazer,20,19,163,158,,472
76,birth,grazer,7,17,60,137,,473
77,birth,grazer,29,9,232,73,,474
79,birth,grazer,11,27,93,221,,475
79,birth,grazer,26,8,212,64,,476
79,birth,grazer,18,25,144,200,,477
80,birth,grazer,28,6,227,54,,478
82,birth,grazer,28,30,230,246,,479
83,birth,grazer,24,16,195,135,,480
84,birth,grazer,1,27,15,221,,481
84,birth,grazer,8,14,66,116,,482
87,birth,grazer,25,26,201,212,,483
88,birth,grazer,31,9,253,77,,484
89,birth,grazer,25,17,204,138,,485
89,death,grazer,11,3,92,30,eaten,87
90,birth,grazer,11,9,95,77,,486
91,birth,grazer,6,16,55,135,,487
91,birth,grazer,12,6,98,55,,488
93,birth,grazer,0,26,0,208,,489
93,birth,grazer,13,26,105,209,,490
94,birth,grazer,15,11,120,88,,491
95,death,grazer,7,21,58,168,eaten,136
96,birth,grazer,12,23,102,184,,492
96,birth,grazer,20,18,165,151,,493
97,death,grazer,3,1,26,15,eaten,235
98,birth,grazer,25,25,205,205,,494
98,birth,grazer,22,31,181,254,,495
99,birth,grazer,4,17,37,138,,496
99,birth,grazer,9,17,74,140,,497
99,death,grazer,2,8,19,65,eaten,151
100,birth,grazer,24,16,196,132,,498
100,germination,tree,6,3,48,24,,499
100,germination,tree,13,5,107,46,,500
100,germination,tree,19,6,154,48,,501
100,germination,tree,27,17,221,142,,502
100,germination,tree,27,22,222,179,,503
100,germination,tree,12,23,101,184,,504
100,germination,tree,24,25,197,204,,505
100,germination,tree,29,26,233,210,,506
100,germination,tree,25,27,200,223,,507
100,germination,tree,28,27,226,223,,508
100,germination,tree,10,27,87,222,,509
100,germination,tree,17,31,142,253,,510
101,birth,grazer,15,24,127,199,,511
101,birth,grazer,31,23,248,190,,512
101,birth,grazer,13,11,106,94,,513
104,birth,grazer,27,18,221,145,,514
104,death,grazer,23,12,186,97,eaten,282
106,birth,grazer,23,19,190,157,,515
107,birth,grazer,16,23,135,191,,516
107,birth,grazer,19,21,153,175,,517
107,birth,grazer,4,11,36,90,,518
110,birth,grazer,31,7,255,62,,519
110,storm,,0,0,,,,19.7688 7.5699 3.9138
112,birth,grazer,29,12,236,98,,520
113,birth,grazer,20,25,165,204,,521
113,birth,grazer,8,21,65,172,,522
113,birth,grazer,4,3,33,29,,523
114,birth,grazer,2,7,19,61,,524
116,birth,grazer,31,14,252,117,,525
117,birth,grazer,18,6,148,48,,526
118,birth,grazer,6,21,54,175,,527
119,birth,grazer,27,3,223,24,,528
120,birth,grazer,20,6,165,54,,529
120,birth,grazer,5,13,45,105,,530
120,birth,grazer,28,23,225,186,,531
120,birth,grazer,2,7,20,62,,532
121,birth,grazer,26,4,211,36,,533
122,birth,grazer,18,18,148,146,,534
122,birth,grazer,23,23,190,185,,535
122,birth,grazer,6,7,54,62,,536
123,birth,grazer,18,11,150,89,,537
128,birth,grazer,4,10,38,81,,538
129,death,grazer,11,15,90,125,eaten,203
131,birth,grazer,7,31,60,251,,539
133,birth,grazer,30,14,241,119,,540
133,birth,grazer,25,4,207,36,,541
134,birth,grazer,20,7,160,59,,542
134,birth,grazer,24,6,199,51,,543
137,birth,grazer,29,6,232,55,,544
138,birth,grazer,22,7,179,63,,545
139,birth,grazer,29,13,237,109,,546
140,birth,grazer,28,24,225,197,,547
141,birth,grazer,16,3,129,24,,548
143,birth,grazer,4,19,39,153,,549
143,birth,grazer,24,23,199,185,,550
144,birth,grazer,30,17,241,139,,551
146,birth,grazer,0,23,0,184,,552
147,birth,grazer,24,13,197,105,,553
147,birth,grazer,6,9,49,79,,554
150,birth,grazer,6,14,51,119,,555
150,birth,grazer,20,22,163,177,,556
150,birth,grazer,10,6,87,55,,557
150,death,grazer,3,2,31,21,eaten,204
150,birth,hunter,4,2,33,21,,558
150,germination,tree,15,4,123,37,,559
150,germination,tree,3,6,26,52,,560
150,germination,tree,22,8,180,64,,561
150,germination,tree,28,8,229,67,,562
150,germination,tree,26,11,212,88,,563
150,germination,tree,15,27,121,222,,564
153,birth,grazer,3,17,29,138,,565
154,birth,grazer,4,16,32,132,,566
155,death,grazer,3,2,31,21,eaten,216
156,birth,grazer,24,6,195,52,,567
156,birth,grazer,6,9,48,74,,568
156,death,grazer,3,2,31,21,eaten,217
158,birth,grazer,21,20,174,163,,569
158,birth,grazer,21,1,169,15,,570
158,birth,grazer,24,4,195,37,,571
158,death,grazer,3,2,31,21,eaten,270
158,death,grazer,19,23,156,186,eaten,269
161,birth,grazer,6,20,53,163,,572
163,birth,grazer,28,26,227,214,,573
165,birth,grazer,4,8,36,67,,574
167,birth,grazer,10,15,81,127,,575
168,birth,grazer,22,28,183,225,,576
169,birth,grazer,14,30,119,244,,577
169,birth,grazer,18,28,150,229,,578
169,birth,grazer,6,6,51,52,,579
170,birth,grazer,11,4,88,38,,580
171,birth,grazer,24,12,194,98,,581
173,birth,grazer,2,4,20,35,,582
174,birth,grazer,27,12,220,98,,583
179,birth,grazer,3,14,27,116,,584
179,death,grazer,22,15,182,121,eaten,150
179,storm,,0,0,,,,0.5418 0.1542 0.0013
180,birth,grazer,4,25,33,206,,585
180,death,grazer,24,8,198,66,eaten,104
181,birth,grazer,27,22,216,177,,586
181,birth,grazer,7,19,58,152,,587
181,birth,grazer,4,9,38,73,,588
182,birth,grazer,5,27,40,222,,589
182,birth,grazer,31,27,255,216,,590
182,birth,grazer,22,27,176,218,,591
184,birth,grazer,23,8,188,67,,592
187,birth,grazer,5,10,46,87,,593
187,birth,grazer,16,26,132,213,,594
187,birth,grazer,11,27,88,222,,595
187,birth,grazer,3,7,24,57,,596
188,birth,grazer,30,28,247,228,,597
188,birth,grazer,26,16,209,131,,598
188,birth,grazer,8,19,68,154,,599
189,birth,grazer,23,5,185,41,,600
189,birth,grazer,5,2,44,17,,601
190,birth,grazer,17,28,142,225,,602
190,birth,grazer,2,22,17,176,,603
191,birth,grazer,25,26,201,210,,604
195,birth,grazer,4,13,39,106,,605
196,storm,,0,0,,,,5.4630 1.8260 0.7440
197,birth,grazer,6,3,55,28,,606
197,birth,grazer,19,5,157,44,,607
198,birth,grazer,26,10,210,85,,608
199,birth,grazer,28,11,229,94,,609
200,birth,grazer,28,11,231,89,,610
200,death,grazer,20,9,164,79,eaten,537
200,germination,tree,27,3,221,27,,611
200,germination,tree,6,2,52,23,,612
200,germination,tree,28,2,227,22,,613
200,germination,tree,3,4,25,36,,614
200,germination,tree,4,5,33,43,,615
200,germination,tree,27,6,218,55,,616
200,germination,tree,28,6,229,55,,617
200,germination,tree,26,8,209,66,,618
200,germination,tree,28,8,225,71,,619
200,germination,tree,30,8,240,71,,620
200,germination,tree,30,9,240,78,,621
200,germination,tree,28,9,229,77,,622
200,germination,tree,27,10,221,86,,623
200,germination,tree,29,11,239,90,,624
200,germination,tree,28,12,225,99,,625
200,germination,tree,28,13,224,109,,626
200,germination,tree,28,18,230,144,,627
200,germination,tree,30,17,242,136,,628
200,germination,tree,29,17,237,141,,629
200,germination,tree,27,20,216,160,,630
200,germination,tree,23,23,187,184,,631
200,germination,tree,3,25,26,206,,632
200,germination,tree,26,25,212,205,,633
200,germination,tree,28,31,227,248,,634
200,germination,tree,30,31,244,254,,635
201,birth,grazer,5,8,44,68,,636
202,birth,grazer,27,14,217,112,,637
202,death,grazer,4,14,38,116,eaten,322
203,storm,,0,0,,,,2.8620 0.9493 0.4827
204,death,grazer,28,4,226,39,eaten,544
205,birth,grazer,24,21,197,168,,638
205,birth,grazer,19,11,153,88,,639
208,birth,grazer,20,19,161,157,,640
210,birth,grazer,16,4,132,33,,641
210,death,grazer,27,5,218,45,eaten,138
212,birth,grazer,10,20,82,164,,642
213,birth,grazer,4,8,35,70,,643
213,birth,grazer,2,27,23,222,,644
213,birth,grazer,27,15,218,126,,645
214,birth,grazer,13,21,110,175,,646
216,birth,grazer,11,19,88,156,,647
216,birth,grazer,22,27,177,223,,648
216,death,grazer,17,3,143,26,eaten,110
217,storm,,0,0,,,,4.4897 1.5341 0.8738
218,birth,grazer,11,26,92,213,,649
218,storm,,0,0,,,,2.6798 0.9181 0.5852
219,birth,grazer,13,3,105,24,,650
219,birth,grazer,10,14,85,112,,651
220,birth,grazer,22,9,182,79,,652
221,birth,grazer,8,10,71,84,,653
221,birth,grazer,30,17,247,141,,654
221,birth,grazer,29,7,235,62,,655
223,death,grazer,2,12,20,102,eaten,297
224,birth,grazer,31,14,250,117,,656
224,birth,grazer,24,21,197,168,,657
224,death,grazer,31,2,249,23,eaten,478
225,death,grazer,2,18,23,145,eaten,255
226,birth,grazer,23,5,187,46,,658
227,birth,grazer,23,21,191,175,,659
229,birth,grazer,20,17,160,143,,660
232,birth,grazer,25,19,201,154,,661
232,birth,grazer,9,20,77,166,,662
232,birth,grazer,14,31,119,249,,663
232,birth,grazer,3,17,31,138,,664
233,birth,grazer,29,8,239,66,,665
234,birth,grazer,12,10,102,81,,666
235,birth,grazer,14,26,114,209,,667
235,death,grazer,22,15,182,121,eaten,142
238,birth,grazer,23,14,186,117,,668
238,storm,,0,0,,,,0.4696 0.1349 0.0036
239,birth,grazer,29,27,234,218,,669
239,birth,grazer,18,27,151,219,,670
240,birth,grazer,17,6,142,54,,671
240,birth,grazer,29,13,239,105,,672
241,birth,grazer,11,27,92,220,,673
241,storm,,0,0,,,,0.4388 0.1278 0.0059
243,birth,grazer,26,22,209,182,,674
243,birth,grazer,19,9,156,78,,675
245,birth,grazer,3,7,30,59,,676
246,birth,grazer,16,4,128,35,,677
246,birth,grazer,13,19,104,154,,678
247,birth,grazer,9,0,77,1,,679
247,birth,grazer,23,24,184,199,,680
247,birth,grazer,15,5,120,47,,681
248,birth,grazer,7,22,56,177,,682
248,birth,grazer,29,9,238,72,,683
249,birth,grazer,31,5,253,47,,684
250,birth,grazer,22,28,179,224,,685
250,birth,grazer,13,26,109,208,,686
250,germination,tree,7,3,56,31,,687
250,germination,tree,30,4,245,33,,688
250,germination,tree,20,5,167,40,,689
250,germination,tree,11,5,91,42,,690
250,germination,tree,22,4,178,38,,691
250,germination,tree,13,5,110,43,,692
250,germination,tree,28,5,228,45,,693
250,germination,tree,22,6,183,48,,694
250,germination,tree,21,8,173,69,,695
250,germination,tree,29,12,238,102,,696
250,germination,tree,28,14,225,112,,697
250,germination,tree,29,20,233,165,,698
250,germination,tree,27,22,219,181,,699
250,germination,tree,28,25,225,207,,700
256,birth,grazer,7,21,59,175,,701
257,birth,grazer,31,5,249,41,,702
257,birth,grazer,22,28,178,230,,703
259,birth,grazer,12,8,98,67,,704
259,birth,grazer,6,17,50,138,,705
260,birth,grazer,15,26,126,214,,706
260,birth,grazer,12,8,100,70,,707
262,birth,grazer,27,2,217,17,,708
262,birth,grazer,20,23,167,187,,709
264,birth,grazer,9,27,75,221,,710
264,storm,,0,0,,,,2.1452 0.6745 0.2274
266,birth,grazer,29,25,232,200,,711
267,birth,grazer,4,15,39,125,,712
268,birth,hunter,4,19,32,154,,713
270,death,grazer,4,15,38,126,eaten,276
270,death,grazer,20,23,160,188,eaten,494
271,birth,grazer,28,25,227,200,,714
272,birth,grazer,23,31,187,251,,715
272,birth,grazer,12,20,102,162,,716
272,death,grazer,20,23,161,187,eaten,179
274,birth,grazer,3,9,24,72,,717
276,birth,grazer,12,12,99,102,,718
277,birth,grazer,17,26,136,213,,719
277,birth,grazer,8,9,65,76,,720
278,birth,grazer,9,15,77,121,,721
278,birth,grazer,0,7,0,62,,722
283,birth,grazer,30,16,246,133,,723
283,birth,grazer,28,19,230,158,,724
283,death,grazer,31,2,249,23,eaten,240
284,birth,grazer,29,7,235,57,,725
284,death,grazer,8,1,67,15,eaten,378
285,birth,grazer,30,24,246,195,,726
286,birth,grazer,29,11,239,93,,727
286,birth,grazer,28,20,229,165,,728
287,birth,grazer,20,4,165,37,,729
287,birth,grazer,21,11,168,92,,730
289,birth,grazer,11,22,95,181,,731
289,birth,grazer,25,6,204,49,,732
289,birth,grazer,5,5,40,45,,733
289,death,grazer,22,15,182,121,eaten,260
290,birth,grazer,29,20,235,167,,734
290,birth,grazer,10,22,81,176,,735
290,birth,grazer,30,10,246,85,,736
290,birth,grazer,4,13,39,108,,737
290,birth,grazer,27,4,220,34,,738
291,birth,grazer,11,21,94,169,,739
291,birth,grazer,19,19,159,155,,740
292,birth,grazer,7,12,57,100,,741
292,birth,grazer,23,22,189,176,,742
293,birth,grazer,5,18,46,151,,743
293,death,grazer,15,2,123,21,eaten,170
294,birth,grazer,24,14,199,115,,744
295,birth,grazer,13,24,110,195,,745
296,birth,grazer,3,19,30,155,,746
297,birth,grazer,25,21,200,168,,747
297,birth,grazer,17,5,141,41,,748
298,birth,grazer,3,12,30,102,,749
298,birth,grazer,18,6,148,55,,750
298,birth,grazer,12,12,96,97,,751
300,germination,tree,6,3,50,26,,752
300,germination,tree,2,3,23,30,,753
300,germination,tree,13,5,109,46,,754
300,germination,tree,15,6,123,49,,755
300,germination,tree,28,18,224,147,,756
300,germination,tree,28,21,231,174,,757
300,germination,tree,24,25,194,201,,758
300,germination,tree,28,27,230,218,,759
300,germination,tree,3,27,25,221,,760
300,germination,tree,28,28,224,225,,761
300,germination,tree,11,27,89,218,,762
300,germination,tree,18,27,151,221,,763
300,germination,tree,17,31,137,249,,764
300,germination,tree,23,31,184,249,,765
306,birth,grazer,19,21,157,175,,766
306,birth,grazer,21,17,168,143,,767
308,birth,grazer,9,16,72,131,,768
308,birth,grazer,5,17,43,139,,769
309,birth,grazer,15,23,120,191,,770
309,birth,grazer,17,24,143,193,,771
310,birth,grazer,9,28,74,229,,772
312,birth,grazer,10,28,81,229,,773
312,birth,grazer,7,2,62,18,,774
313,birth,grazer,23,7,185,62,,775
313,birth,grazer,21,7,171,62,,776
314,storm,,0,0,,,,7.0519 2.4187 1.2166
315,birth,grazer,29,24,236,194,,777
315,birth,grazer,8,11,66,92,,778
315,birth,grazer,6,18,52,145,,779
315,birth,grazer,3,7,31,60,,780
315,birth,grazer,5,19,46,157,,781
316,birth,grazer,28,18,229,151,,782
316,birth,grazer,29,21,232,171,,783
319,birth,grazer,9,10,77,87,,784
319,birth,grazer,30,4,240,32,,785
319,birth,grazer,30,25,240,200,,786
319,birth,grazer,6,14,53,115,,787
320,birth,grazer,28,10,227,82,,788
323,birth,grazer,5,16,40,129,,789
323,birth,grazer,3,1,30,15,,790
323,birth,grazer,8,20,66,166,,791
323,birth,grazer,3,2,29,18,,792
324,birth,grazer,25,7,205,59,,793
324,birth,grazer,11,13,94,105,,794
324,birth,grazer,23,12,191,101,,795
324,birth,grazer,12,14,97,117,,796
325,birth,grazer,14,2,112,23,,797
325,birth,grazer,14,3,118,26,,798
326,birth,grazer,5,25,45,203,,799
326,birth,grazer,8,24,64,199,,800
328,birth,grazer,29,20,236,161,,801
328,birth,grazer,28,19,224,154,,802
331,birth,grazer,12,8,99,68,,803
331,birth,grazer,13,7,104,61,,804
334,birth,grazer,12,21,97,171,,805
334,birth,grazer,12,20,97,167,,806
337,birth,grazer,3,15,31,120,,807
337,birth,grazer,5,15,46,120,,808
337,birth,grazer,4,15,34,120,,809
337,birth,grazer,4,12,32,101,,810
338,birth,grazer,30,21,241,169,,811
338,birth,grazer,28,19,226,157,,812
340,birth,grazer,23,12,188,103,,813
340,birth,grazer,17,23,143,190,,814
340,birth,grazer,27,14,217,113,,815
340,birth,grazer,18,25,145,204,,816
341,birth,grazer,8,12,68,102,,817
342,birth,grazer,8,11,71,91,,818
343,birth,grazer,29,17,239,136,,819
343,birth,grazer,6,19,48,152,,820
343,birth,grazer,30,15,245,124,,821
343,birth,grazer,9,15,79,125,,822
344,birth,grazer,2,0,18,0,,823
344,birth,grazer,0,0,2,0,,824
345,birth,grazer,6,20,53,163,,825
345,birth,grazer,3,19,30,154,,826
345,birth,grazer,8,3,66,26,,827
345,birth,grazer,5,3,43,28,,828
346,birth,grazer,10,6,82,50,,829
346,birth,grazer,6,7,54,56,,830
349,birth,grazer,3,24,29,196,,831
349,birth,grazer,15,3,123,25,,832
349,birth,grazer,5,23,45,190,,833
349,birth,grazer,9,6,78,52,,834
350,birth,grazer,5,16,40,134,,835
350,birth,grazer,9,18,72,144,,836
350,germination,tree,3,6,25,50,,837
350,germination,tree,22,7,181,61,,838
350,germination,tree,28,8,231,67,,839
350,germination,tree,26,11,211,90,,840
350,germination,tree,28,23,229,185,,841
350,germination,tree,6,27,51,221,,842
350,germination,tree,17,28,138,224,,843
350,germination,tree,15,28,120,226,,844
350,germination,tree,10,28,81,225,,845
352,birth,grazer,17,27,141,221,,846
352,birth,grazer,20,24,160,199,,847
353,birth,grazer,30,16,240,135,,848
353,birth,grazer,30,19,242,154,,849
355,birth,grazer,25,16,202,131,,850
355,birth,grazer,24,18,195,146,,851
356,birth,grazer,11,10,94,83,,852
356,birth,grazer,3,27,27,218,,853
356,birth,grazer,6,9,50,79,,854
356,birth,grazer,11,10,93,84,,855
356,birth,grazer,2,27,22,223,,856
356,birth,grazer,5,11,47,90,,857
357,birth,grazer,20,19,160,155,,858
357,birth,grazer,16,25,130,207,,859
357,birth,grazer,20,18,161,150,,860
357,birth,grazer,19,23,153,189,,861
358,birth,grazer,14,9,112,79,,862
358,birth,grazer,28,2,230,22,,863
358,birth,grazer,12,10,103,82,,864
358,birth,grazer,27,2,216,21,,865
358,death,grazer,5,16,45,131,eaten,228
359,birth,grazer,8,3,68,26,,866
359,birth,grazer,0,19,0,156,,867
359,birth,grazer,13,0,106,1,,868
359,birth,grazer,13,2,104,22,,869
359,birth,grazer,0,24,0,192,,870
359,birth,grazer,13,0,110,1,,871
364,birth,grazer,20,27,161,217,,872
364,birth,grazer,21,26,174,211,,873
366,death,grazer,3,2,31,21,eaten,431
368,birth,grazer,31,23,253,190,,874
368,birth,grazer,28,23,230,186,,875
370,death,grazer,21,17,172,138,eaten,162
370,storm,,0,0,,,,15.1870 5.6567 3.5147
371,birth,grazer,6,20,52,161,,876
371,birth,grazer,6,21,53,173,,877
372,birth,grazer,26,23,214,185,,878
373,birth,grazer,27,24,222,194,,879
373,birth,grazer,27,20,221,162,,880
373,birth,grazer,30,24,246,195,,881
374,birth,grazer,31,0,248,0,,882
374,birth,grazer,8,27,66,217,,883
374,birth,grazer,31,1,255,12,,884
374,birth,grazer,9,26,73,214,,885
375,birth,grazer,12,13,96,105,,886
375,birth,grazer,5,25,45,207,,887
375,birth,grazer,19,27,157,216,,888
375,birth,grazer,13,10,104,83,,889
375,birth,grazer,11,20,90,167,,890
375,birth,grazer,21,17,170,140,,891
376,birth,grazer,6,19,55,157,,892
376,birth,grazer,20,19,160,153,,893
376,birth,grazer,4,18,36,150,,894
377,birth,grazer,28,11,225,95,,895
377,birth,grazer,25,9,203,78,,896
379,birth,grazer,10,27,83,220,,897
379,birth,grazer,26,8,213,66,,898
379,birth,grazer,19,26,156,210,,899
379,birth,grazer,13,26,108,212,,900
379,birth,grazer,26,11,212,91,,901
379,birth,grazer,13,24,110,192,,902
380,birth,grazer,21,26,172,215,,903
380,storm,,0,0,,,,4.2454 1.4552 0.8291
382,birth,grazer,30,30,247,246,,904
382,birth,grazer,28,30,227,246,,905
383,birth,grazer,26,17,210,138,,906
384,birth,grazer,2,27,17,218,,907
384,birth,grazer,6,15,51,123,,908
384,birth,grazer,0,27,7,221,,909
384,birth,grazer,5,14,44,115,,910
387,birth,grazer,24,26,192,214,,911
387,birth,grazer,25,24,203,194,,912
388,birth,grazer,30,10,243,83,,913
388,birth,grazer,30,9,247,78,,914
389,birth,grazer,26,19,215,152,,915
389,birth,grazer,24,18,199,145,,916
389,birth,grazer,26,15,209,126,,917
390,birth,grazer,12,9,98,76,,918
390,birth,grazer,13,8,104,68,,919
391,birth,grazer,13,6,110,51,,920
391,birth,grazer,6,17,54,141,,921
391,birth,grazer,10,5,83,40,,922
393,birth,grazer,0,24,0,199,,923
393,birth,grazer,14,25,119,203,,924
393,birth,grazer,1,28,10,226,,925
393,birth,grazer,12,26,103,214,,926
394,birth,grazer,14,9,114,74,,927
394,birth,grazer,12,11,97,94,,928
394,storm,,0,0,,,,0.2972 0.0840 0.0009
396,birth,grazer,11,23,93,186,,929
396,birth,grazer,18,17,148,142,,930
396,birth,grazer,12,21,100,170,,931
396,birth,grazer,19,18,152,148,,932
398,birth,grazer,26,26,213,212,,933
398,birth,grazer,22,31,183,253,,934
398,birth,grazer,24,31,194,249,,935
399,birth,grazer,2,21,23,168,,936
399,birth,grazer,11,15,88,126,,937
399,birth,grazer,5,21,42,168,,938
399,birth,grazer,5,15,41,125,,939
400,birth,grazer,24,16,192,130,,940
400,birth,grazer,25,19,203,153,,941
400,germination,tree,28,2,225,20,,942
400,germination,tree,6,2,54,23,,943
400,germination,tree,27,3,220,30,,944
400,germination,tree,27,3,223,24,,945
400,germination,tree,3,4,30,34,,946
400,germination,tree,5,5,40,46,,947
400,germination,tree,27,6,218,51,,948
400,germination,tree,28,6,228,50,,949
400,germination,tree,26,8,214,69,,950
400,germination,tree,27,9,222,73,,951
400,germination,tree,30,8,247,71,,952
400,germination,tree,31,9,248,78,,953
400,germination,tree,29,9,234,73,,954
400,germination,tree,27,11,223,88,,955
400,germination,tree,27,13,222,106,,956
400,germination,tree,28,16,225,135,,957
400,germination,tree,30,16,247,135,,958
400,germination,tree,29,18,234,145,,959
400,germination,tree,26,19,213,154,,960
400,germination,tree,24,22,192,179,,961
400,germination,tree,3,24,31,199,,962
400,germination,tree,25,25,207,204,,963
400,germination,tree,22,27,183,221,,964
401,birth,grazer,13,26,111,209,,965
401,birth,grazer,30,24,245,199,,966
401,birth,grazer,12,10,101,85,,967
401,birth,grazer,15,25,120,205,,968
401,birth,grazer,30,26,246,214,,969
401,birth,grazer,12,10,99,87,,970
404,birth,grazer,30,17,243,141,,971
404,birth,grazer,26,18,212,149,,972
406,birth,grazer,26,19,212,153,,973
406,birth,grazer,25,21,203,174,,974
406,death,grazer,11,15,90,125,eaten,259
407,birth,grazer,19,25,153,202,,975
407,birth,grazer,6,9,49,72,,976
407,birth,grazer,16,28,134,224,,977
407,birth,grazer,19,17,157,140,,978
407,birth,grazer,6,12,55,100,,979
407,death,grazer,11,15,90,125,eaten,712
408,birth,grazer,20,19,161,152,,980
409,death,grazer,11,15,90,125,eaten,937
410,birth,grazer,27,10,218,84,,981
410,birth,grazer,28,13,226,110,,982
412,birth,grazer,29,10,232,80,,983
412,birth,grazer,29,14,237,117,,984
413,birth,grazer,16,26,133,210,,985
413,birth,grazer,10,21,84,172,,986
413,birth,grazer,4,4,32,33,,987
413,birth,grazer,20,25,165,203,,988
413,birth,grazer,7,22,63,179,,989
413,birth,grazer,4,3,35,29,,990
414,birth,grazer,4,8,34,65,,991
416,birth,grazer,31,14,250,113,,992
416,birth,grazer,4,7,32,59,,993
416,birth,grazer,31,15,255,120,,994
417,birth,grazer,18,5,151,40,,995
417,birth,grazer,18,2,147,23,,996
418,birth,grazer,6,25,54,204,,997
418,birth,grazer,5,22,45,179,,998
419,birth,grazer,28,3,227,28,,999
419,birth,grazer,27,2,220,20,,1000
420,birth,grazer,4,12,39,98,,1001
420,birth,grazer,28,25,229,204,,1002
420,birth,grazer,18,6,148,51,,1003
420,birth,grazer,5,12,45,103,,1004
420,birth,grazer,28,22,225,176,,1005
420,birth,grazer,3,10,27,84,,1006
421,birth,grazer,27,3,216,26,,1007
421,birth,grazer,26,4,209,35,,1008
422,birth,grazer,20,18,161,148,,1009
422,birth,grazer,24,22,193,183,,1010
422,birth,grazer,7,8,63,64,,1011
422,birth,grazer,20,20,161,160,,1012
422,birth,grazer,24,22,197,181,,1013
422,birth,grazer,5,6,41,53,,1014
423,birth,grazer,19,10,154,83,,1015
423,death,grazer,3,12,24,96,eaten,177
428,birth,grazer,3,11,25,88,,1016
428,birth,grazer,4,9,39,79,,1017
429,storm,,0,0,,,,0.2104 0.0591 0.0004
430,death,grazer,18,7,146,63,eaten,192
430,death,grazer,17,2,143,23,eaten,377
431,birth,grazer,7,31,60,254,,1018
431,birth,grazer,8,31,64,249,,1019
433,birth,grazer,30,13,242,105,,1020
433,birth,grazer,25,4,200,37,,1021
433,birth,grazer,29,12,234,98,,1022
433,birth,grazer,26,5,215,41,,1023
433,death,grazer,2,11,19,88,eaten,737
434,birth,grazer,19,5,154,40,,1024
434,birth,grazer,23,4,187,36,,1025
434,birth,grazer,18,5,150,46,,1026
434,birth,grazer,25,4,202,37,,1027
435,death,grazer,23,11,185,93,eaten,342
437,birth,grazer,25,14,201,114,,1028
438,birth,grazer,22,8,182,71,,1029
438,birth,grazer,22,10,178,85,,1030
439,birth,grazer,29,14,234,114,,1031
439,birth,grazer,27,12,222,100,,1032
440,birth,grazer,28,25,231,207,,1033
440,birth,grazer,27,23,218,186,,1034
441,birth,grazer,16,3,130,26,,1035
441,birth,grazer,15,4,123,34,,1036
443,birth,grazer,23,21,188,174,,1037
443,birth,grazer,6,19,48,154,,1038
443,birth,grazer,23,22,184,182,,1039
444,birth,grazer,30,18,241,146,,1040
444,birth,grazer,27,19,223,152,,1041
446,birth,grazer,0,19,0,157,,1042
446,birth,grazer,0,23,0,190,,1043
447,birth,grazer,6,7,54,58,,1044
447,birth,grazer,30,4,244,37,,1045
447,birth,grazer,7,9,61,74,,1046
450,birth,grazer,8,13,66,110,,1047
450,birth,grazer,21,22,168,179,,1048
450,birth,grazer,6,14,48,114,,1049
450,birth,grazer,22,22,181,176,,1050
450,birth,grazer,12,5,98,43,,1051
450,germination,tree,7,4,57,34,,1052
450,germination,tree,30,4,240,35,,1053
450,germination,tree,20,4,164,39,,1054
450,germination,tree,22,5,181,42,,1055
450,germination,tree,12,4,100,37,,1056
450,germination,tree,28,5,226,40,,1057
450,germination,tree,21,8,169,66,,1058
450,germination,tree,29,11,235,94,,1059
450,germination,tree,29,21,233,171,,1060
450,germination,tree,27,26,223,213,,1061
450,germination,tree,8,27,66,222,,1062
450,germination,tree,24,31,193,253,,1063
450,germination,tree,21,31,170,255,,1064
453,birth,grazer,3,17,26,138,,1065
454,birth,grazer,3,15,27,127,,1066
454,birth,grazer,4,16,33,134,,1067
455,birth,grazer,2,17,23,137,,1068
456,birth,grazer,22,6,182,51,,1069
456,birth,grazer,7,8,59,69,,1070
456,birth,grazer,22,4,181,38,,1071
456,birth,grazer,3,8,30,71,,1072
458,birth,grazer,21,2,175,17,,1073
458,birth,grazer,23,6,185,53,,1074
458,birth,grazer,21,21,168,173,,1075
458,birth,grazer,18,2,149,17,,1076
458,birth,grazer,24,6,196,52,,1077
461,birth,grazer,7,17,57,139,,1078
461,birth,grazer,6,20,52,165,,1079
463,birth,grazer,28,25,224,206,,1080
463,birth,grazer,20,23,165,189,,1081
463,death,grazer,6,15,49,125,eaten,835
465,birth,grazer,6,8,50,68,,1082
465,birth,grazer,2,11,19,94,,1083
465,death,grazer,20,23,165,188,eaten,680
467,birth,grazer,8,16,65,128,,1084
467,birth,grazer,4,16,39,133,,1085
468,birth,grazer,23,27,186,217,,1086
468,birth,grazer,27,27,221,218,,1087
469,birth,grazer,13,30,107,244,,1088
469,birth,grazer,20,28,166,229,,1089
469,birth,grazer,9,8,72,69,,1090
469,birth,grazer,14,30,116,245,,1091
469,birth,grazer,17,28,136,228,,1092
469,birth,grazer,3,7,30,59,,1093
470,birth,grazer,10,3,80,31,,1094
470,birth,grazer,10,7,83,56,,1095
471,birth,grazer,23,10,191,81,,1096
471,birth,grazer,23,12,187,100,,1097
472,death,grazer,20,23,167,186,eaten,171
473,birth,grazer,6,7,48,57,,1098
473,birth,grazer,2,3,22,27,,1099
474,birth,grazer,28,12,226,101,,1100
474,birth,grazer,30,3,245,28,,1101
479,birth,grazer,3,15,31,120,,1102
480,birth,grazer,3,26,26,214,,1103
480,birth,grazer,5,26,45,213,,1104
481,birth,grazer,27,23,221,184,,1105
481,birth,grazer,8,15,65,126,,1106
481,birth,grazer,2,9,22,74,,1107
481,birth,grazer,3,21,28,174,,1108
481,death,grazer,8,1,67,15,eaten,403
482,birth,grazer,4,25,33,201,,1109
482,birth,grazer,31,27,251,220,,1110
482,birth,grazer,20,27,162,220,,1111
482,birth,grazer,5,11,46,95,,1112
482,birth,grazer,4,26,34,214,,1113
482,birth,grazer,31,26,250,209,,1114
484,birth,grazer,21,9,173,79,,1115
484,birth,grazer,24,20,199,164,,1116
484,birth,grazer,22,10,180,83,,1117
486,birth,grazer,3,15,29,121,,1118
487,birth,grazer,9,14,78,116,,1119
487,birth,grazer,16,26,134,211,,1120
487,birth,grazer,12,27,97,223,,1121
487,birth,grazer,2,4,21,38,,1122
487,birth,grazer,20,25,165,204,,1123
487,birth,grazer,8,9,64,76,,1124
487,birth,grazer,19,26,152,208,,1125
487,birth,grazer,9,28,78,226,,1126
487,birth,grazer,2,5,23,46,,1127
488,birth,grazer,30,28,243,227,,1128
488,birth,grazer,23,17,188,138,,1129
488,birth,grazer,9,21,74,172,,1130
488,birth,grazer,30,28,244,231,,1131
488,birth,grazer,23,18,187,146,,1132
488,birth,grazer,9,19,75,153,,1133
489,birth,grazer,22,6,178,55,,1134
489,birth,grazer,22,5,181,44,,1135
489,birth,grazer,11,2,91,18,,1136
490,birth,grazer,18,27,144,222,,1137
490,birth,grazer,2,18,18,149,,1138
490,birth,grazer,19,27,154,223,,1139
490,birth,grazer,2,23,17,189,,1140
491,birth,grazer,23,24,185,195,,1141
491,birth,grazer,21,24,170,194,,1142
495,birth,grazer,4,11,34,94,,1143
495,birth,grazer,6,13,54,111,,1144
497,birth,grazer,8,5,66,41,,1145
497,birth,grazer,7,3,62,24,,1146
497,birth,grazer,17,3,143,30,,1147
498,birth,grazer,23,11,187,95,,1148
498,birth,grazer,27,11,216,91,,1149
499,birth,grazer,29,12,239,101,,1150
499,birth,grazer,29,10,233,87,,1151
500,birth,grazer,30,12,246,98,,1152
500,birth,grazer,28,11,225,93,,1153
500,germination,tree,12,5,103,41,,1154
500,germination,tree,19,7,152,57,,1155
500,germination,tree,27,18,216,147,,1156
500,germination,tree,12,24,100,192,,1157
500,germination,tree,24,25,195,204,,1158
500,germination,tree,29,27,234,220,,1159
500,germination,tree,3,26,28,212,,1160
500,germination,tree,28,27,224,223,,1161
500,germination,tree,12,27,98,223,,1162
500,germination,tree,16,28,133,225,,1163
500,germination,tree,17,31,140,255,,1164
500,germination,tree,23,31,184,252,,1165
501,birth,grazer,3,10,31,81,,1166
501,birth,grazer,5,6,47,49,,1167
502,birth,grazer,25,13,200,111,,1168
502,birth,grazer,25,14,203,112,,1169
505,birth,grazer,26,19,208,159,,1170
505,birth,grazer,26,22,210,178,,1171
505,birth,grazer,20,11,163,88,,1172
508,birth,grazer,19,21,155,170,,1173
508,birth,grazer,19,17,155,143,,1174
510,birth,grazer,15,5,127,42,,1175
510,birth,grazer,16,3,133,31,,1176
510,death,grazer,13,2,105,21,starved,869
512,birth,grazer,9,19,75,153,,1177
513,birth,grazer,7,10,60,84,,1178
513,birth,grazer,4,27,37,221,,1179
513,birth,grazer,27,15,218,123,,1180
513,birth,grazer,5,5,46,44,,1181
513,birth,grazer,27,14,220,119,,1182
514,birth,grazer,10,22,80,176,,1183
514,birth,grazer,15,21,120,175,,1184
514,birth,grazer,12,17,103,141,,1185
515,storm,,0,0,,,,0.4948 0.1404 0.0011
516,birth,grazer,9,21,79,170,,1186
516,birth,grazer,19,27,152,218,,1187
516,birth,grazer,10,19,84,155,,1188
516,birth,grazer,21,26,173,208,,1189
516,death,grazer,26,15,212,121,eaten,310
518,birth,grazer,11,26,91,213,,1190
518,birth,grazer,11,26,92,213,,1191
519,birth,grazer,9,14,75,115,,1192
519,birth,grazer,4,26,39,214,,1193
519,birth,grazer,13,3,107,29,,1194
519,birth,grazer,10,13,87,104,,1195
520,birth,grazer,22,11,182,94,,1196
520,birth,grazer,22,12,181,97,,1197
521,birth,grazer,10,10,87,86,,1198
521,birth,grazer,30,17,243,140,,1199
521,birth,grazer,31,9,255,72,,1200
521,birth,grazer,7,11,60,89,,1201
521,birth,grazer,30,15,245,125,,1202
521,birth,grazer,30,6,246,48,,1203
521,death,grazer,27,5,216,47,eaten,684
521,storm,,0,0,,,,1.0814 0.3162 0.0147
524,birth,grazer,31,14,251,117,,1204
524,birth,grazer,25,20,204,164,,1205
524,birth,grazer,31,12,250,101,,1206
524,birth,grazer,25,18,200,144,,1207
525,death,grazer,13,2,104,21,eaten,199
526,birth,grazer,20,5,167,40,,1208
526,birth,grazer,24,4,198,32,,1209
527,birth,grazer,22,19,178,152,,1210
528,birth,grazer,23,22,188,176,,1211
529,birth,grazer,20,18,167,149,,1212
529,birth,grazer,20,20,161,160,,1213
532,birth,grazer,26,19,215,155,,1214
532,birth,grazer,4,18,38,148,,1215
532,birth,grazer,15,31,121,253,,1216
532,birth,grazer,4,15,32,127,,1217
532,birth,grazer,27,21,216,175,,1218
532,birth,grazer,7,22,61,178,,1219
532,birth,grazer,17,31,139,252,,1220
532,birth,grazer,2,17,20,141,,1221
533,birth,grazer,23,12,184,100,,1222
533,birth,grazer,25,8,203,65,,1223
534,birth,grazer,12,11,103,90,,1224
534,birth,grazer,13,9,106,77,,1225
535,birth,grazer,12,26,98,214,,1226
535,birth,grazer,15,27,121,217,,1227
539,birth,grazer,26,25,213,202,,1228
539,birth,grazer,28,26,225,215,,1229
539,birth,grazer,15,27,120,222,,1230
540,birth,grazer,17,6,142,53,,1231
540,birth,grazer,19,25,156,207,,1232
540,birth,grazer,28,13,230,111,,1233
540,birth,grazer,17,6,139,50,,1234
540,birth,grazer,31,10,254,84,,1235
541,birth,grazer,10,26,83,209,,1236
542,birth,grazer,11,27,93,217,,1237
542,storm,,0,0,,,,8.5690 2.9684 1.4925
543,birth,grazer,24,21,197,174,,1238
543,birth,grazer,19,10,154,80,,1239
543,birth,grazer,23,11,187,95,,1240
543,birth,grazer,25,22,205,182,,1241
543,birth,grazer,19,8,153,67,,1242
545,birth,grazer,4,8,37,70,,1243
545,birth,grazer,4,7,36,59,,1244
546,birth,grazer,16,4,128,35,,1245
546,birth,grazer,15,17,121,143,,1246
546,birth,grazer,16,5,129,45,,1247
546,birth,grazer,13,21,108,170,,1248
547,birth,grazer,9,0,76,1,,1249
547,birth,grazer,17,5,143,44,,1250
547,birth,grazer,9,0,78,1,,1251
547,birth,grazer,13,6,109,52,,1252
548,birth,grazer,29,9,236,72,,1253
548,birth,grazer,5,22,45,181,,1254
548,birth,grazer,29,11,238,90,,1255
549,birth,grazer,5,19,47,152,,1256
550,birth,grazer,20,27,164,221,,1257
550,birth,grazer,16,25,133,202,,1258
550,birth,grazer,21,27,175,222,,1259
550,birth,grazer,9,26,78,209,,1260
550,germination,tree,15,4,121,33,,1261
550,germination,tree,3,6,30,52,,1262
550,germination,tree,22,8,179,66,,1263
550,germination,tree,29,8,235,70,,1264
550,germination,tree,26,11,213,90,,1265
550,germination,tree,28,22,227,180,,1266
550,germination,tree,7,27,57,221,,1267
550,germination,tree,14,27,117,220,,1268
550,germination,tree,10,28,83,226,,1269
556,birth,grazer,8,20,71,166,,1270
556,birth,grazer,5,19,40,153,,1271
557,birth,grazer,28,4,229,36,,1272
557,birth,grazer,22,28,177,228,,1273
557,birth,grazer,28,5,226,42,,1274
557,birth,grazer,21,28,168,231,,1275
559,birth,grazer,11,9,93,75,,1276
559,birth,grazer,5,18,46,147,,1277
559,birth,grazer,11,7,90,60,,1278
559,birth,grazer,5,17,40,143,,1279
560,birth,grazer,11,10,95,84,,1280
560,birth,grazer,15,25,121,207,,1281
560,birth,grazer,12,7,103,59,,1282
562,birth,grazer,28,2,230,17,,1283
562,birth,grazer,26,2,215,17,,1284
562,birth,grazer,21,23,174,190,,1285
563,birth,grazer,11,27,95,222,,1286
564,birth,grazer,11,26,88,215,,1287
564,birth,grazer,12,27,98,216,,1288
566,birth,grazer,31,24,253,198,,1289
566,birth,grazer,27,21,219,173,,1290
571,birth,grazer,28,24,229,195,,1291
571,birth,grazer,26,21,210,171,,1292
572,birth,grazer,22,31,180,249,,1293
572,birth,grazer,12,17,96,138,,1294
572,birth,grazer,23,31,191,249,,1295
572,birth,grazer,14,21,112,175,,1296
574,birth,grazer,2,5,23,41,,1297
574,birth,grazer,3,6,26,49,,1298
576,birth,grazer,13,10,106,86,,1299
577,birth,grazer,12,11,99,94,,1300
577,birth,grazer,14,23,115,190,,1301
577,birth,grazer,5,7,46,56,,1302
577,birth,grazer,11,25,89,204,,1303
577,birth,grazer,6,9,51,79,,1304
578,birth,grazer,8,13,66,109,,1305
578,birth,grazer,0,8,0,66,,1306
578,birth,grazer,5,14,46,118,,1307
578,birth,grazer,0,4,0,36,,1308
583,birth,grazer,28,20,228,162,,1309
583,birth,grazer,25,17,207,139,,1310
583,birth,grazer,28,17,230,142,,1311
583,birth,grazer,31,17,251,138,,1312
584,birth,grazer,28,6,224,54,,1313
584,birth,grazer,28,5,229,42,,1314
585,birth,grazer,29,24,239,198,,1315
586,birth,grazer,28,7,229,59,,1316
586,birth,grazer,25,7,200,63,,1317
586,birth,grazer,28,16,228,133,,1318
586,storm,,0,0,,,,0.0947 0.0265 0.0002
587,birth,grazer,21,5,171,46,,1319
587,birth,grazer,19,10,157,82,,1320
587,birth,grazer,26,20,210,160,,1321
587,birth,grazer,19,5,159,40,,1322
587,birth,grazer,19,12,153,96,,1323
588,birth,grazer,31,24,250,194,,1324
589,birth,grazer,12,21,103,175,,1325
589,birth,grazer,23,5,191,42,,1326
589,birth,grazer,5,5,43,41,,1327
589,birth,grazer,12,20,96,167,,1328
589,birth,grazer,23,6,190,48,,1329
589,birth,grazer,6,6,50,48,,1330
590,birth,grazer,31,18,248,149,,1331
590,birth,grazer,10,23,81,188,,1332
590,birth,grazer,30,9,241,72,,1333
590,birth,grazer,5,11,44,95,,1334
590,birth,grazer,26,5,208,47,,1335
590,birth,grazer,27,20,221,165,,1336
590,birth,grazer,8,23,67,186,,1337
590,birth,grazer,31,8,248,67,,1338
590,birth,grazer,28,2,230,20,,1339
591,birth,grazer,13,23,110,184,,1340
591,birth,grazer,12,20,99,167,,1341
591,birth,grazer,19,21,159,175,,1342
592,birth,grazer,7,11,61,91,,1343
592,birth,grazer,8,12,71,100,,1344
593,birth,grazer,19,19,159,153,,1345
593,birth,grazer,7,18,56,151,,1346
593,birth,grazer,23,22,185,183,,1347
593,birth,grazer,7,19,59,158,,1348
594,birth,grazer,23,13,187,105,,1349
594,birth,grazer,23,11,190,94,,1350
595,birth,grazer,13,23,108,190,,1351
596,birth,grazer,4,21,38,173,,1352
596,birth,grazer,15,26,125,210,,1353
596,birth,grazer,6,17,48,137,,1354
597,birth,grazer,26,22,210,176,,1355
597,birth,grazer,25,20,201,166,,1356
598,birth,grazer,2,10,21,80,,1357
598,birth,grazer,21,5,172,41,,1358
598,birth,grazer,12,13,98,107,,1359
598,birth,grazer,17,5,141,40,,1360
598,birth,grazer,23,22,186,178,,1361
598,birth,grazer,3,8,27,68,,1362
598,birth,grazer,18,6,149,49,,1363
598,birth,grazer,12,13,98,106,,1364
600,germination,tree,27,3,223,26,,1365
600,germination,tree,4,3,33,30,,1366
600,germination,tree,5,6,40,49,,1367
600,germination,tree,4,5,36,43,,1368
600,germination,tree,28,6,225,48,,1369
600,germination,tree,27,8,219,65,,1370
600,germination,tree,28,7,224,63,,1371
600,germination,tree,30,10,240,80,,1372
600,germination,tree,29,9,238,76,,1373
600,germination,tree,28,10,229,81,,1374
600,germination,tree,30,12,241,98,,1375
600,germination,tree,27,12,221,100,,1376
600,germination,tree,27,17,223,138,,1377
600,germination,tree,29,17,239,140,,1378
600,germination,tree,26,19,208,156,,1379
600,germination,tree,24,22,193,177,,1380
600,germination,tree,3,26,27,208,,1381
600,germination,tree,31,31,249,253,,1382
600,storm,,0,0,,,,0.1822 0.0512 0.0004
606,birth,grazer,21,17,168,138,,1383
606,birth,grazer,21,18,168,146,,1384
606,birth,grazer,20,20,162,164,,1385
607,birth,grazer,19,20,156,167,,1386
608,birth,grazer,9,19,77,156,,1387
608,birth,grazer,8,17,68,139,,1388
608,birth,grazer,4,16,38,128,,1389
609,birth,grazer,14,24,118,196,,1390
609,birth,grazer,4,18,34,149,,1391
609,birth,grazer,16,26,129,212,,1392
609,birth,grazer,12,25,98,205,,1393
609,birth,grazer,17,25,141,202,,1394
610,birth,grazer,9,28,72,229,,1395
610,birth,grazer,9,28,74,229,,1396
610,death,grazer,31,3,249,31,eaten,795
612,birth,grazer,4,2,38,18,,1397
613,birth,grazer,22,8,183,64,,1398
613,birth,grazer,22,13,180,105,,1399
613,birth,grazer,24,7,192,60,,1400
613,birth,grazer,21,10,173,84,,1401
614,birth,grazer,17,5,140,47,,1402
615,birth,grazer,8,10,67,82,,1403
615,birth,grazer,3,10,26,84,,1404
615,birth,grazer,6,18,51,149,,1405
615,birth,grazer,28,23,228,188,,1406
615,birth,grazer,4,6,34,49,,1407
615,birth,grazer,4,19,35,155,,1408
616,birth,grazer,30,24,247,197,,1409
616,birth,grazer,25,18,205,145,,1410
616,birth,grazer,4,18,33,147,,1411
616,birth,grazer,25,21,207,174,,1412
616,birth,grazer,27,19,222,155,,1413
616,birth,grazer,28,19,230,153,,1414
617,birth,grazer,6,17,48,142,,1415
618,birth,grazer,6,13,48,108,,1416
619,birth,grazer,31,6,250,48,,1417
619,birth,grazer,31,24,248,193,,1418
619,birth,grazer,2,9,19,78,,1419
619,birth,grazer,10,11,80,89,,1420
619,birth,grazer,29,4,239,33,,1421
619,birth,grazer,31,25,249,201,,1422
619,birth,grazer,8,11,71,91,,1423
620,birth,grazer,10,8,87,71,,1424
620,birth,grazer,30,11,247,88,,1425
620,birth,grazer,28,11,229,95,,1426
623,birth,grazer,4,17,39,139,,1427
623,birth,grazer,6,2,51,17,,1428
623,birth,grazer,6,21,48,172,,1429
623,birth,grazer,3,2,28,18,,1430
623,birth,grazer,2,19,21,155,,1431
623,birth,grazer,4,2,34,18,,1432
623,birth,grazer,5,20,45,161,,1433
623,birth,grazer,3,2,27,16,,1434
624,birth,grazer,23,10,191,85,,1435
624,birth,grazer,14,12,112,97,,1436
624,birth,grazer,11,14,94,113,,1437
624,birth,grazer,25,8,205,67,,1438
624,birth,grazer,11,14,93,117,,1439
625,birth,grazer,14,2,117,23,,1440
625,birth,grazer,15,3,127,27,,1441
625,birth,grazer,12,13,101,105,,1442
625,death,grazer,2,12,20,102,eaten,810
626,birth,grazer,5,25,47,202,,1443
626,birth,grazer,29,3,239,30,,1444
626,birth,grazer,8,25,66,202,,1445
626,birth,grazer,10,28,80,229,,1446
626,birth,grazer,6,23,50,187,,1447
626,birth,grazer,6,27,48,220,,1448
627,birth,grazer,9,28,72,229,,1449
628,birth,grazer,30,19,241,158,,1450
628,birth,grazer,31,21,250,168,,1451
628,birth,grazer,31,18,251,150,,1452
628,birth,grazer,29,21,232,169,,1453
632,birth,grazer,12,7,99,60,,1454
633,birth,grazer,11,7,95,60,,1455
633,birth,grazer,11,8,95,66,,1456
634,birth,grazer,13,2,111,22,,1457
634,birth,grazer,12,7,102,63,,1458
634,birth,grazer,11,21,94,174,,1459
635,birth,grazer,11,22,95,182,,1460
635,birth,grazer,12,23,103,184,,1461
635,birth,grazer,13,23,107,186,,1462
637,birth,grazer,2,13,23,110,,1463
637,birth,grazer,4,14,34,115,,1464
637,birth,grazer,5,13,40,106,,1465
637,birth,grazer,4,15,34,121,,1466
637,birth,grazer,3,14,28,116,,1467
637,death,grazer,3,2,31,21,eaten,238
638,birth,grazer,28,17,231,143,,1468
638,birth,grazer,3,10,27,85,,1469
638,birth,grazer,31,20,254,160,,1470
639,birth,grazer,13,3,111,24,,1471
639,birth,grazer,4,14,38,118,,1472
640,birth,grazer,25,10,202,86,,1473
640,birth,grazer,15,27,121,221,,1474
640,birth,grazer,29,13,233,108,,1475
640,birth,grazer,15,25,120,206,,1476
640,birth,grazer,29,4,236,32,,1477
640,birth,grazer,28,12,227,97,,1478
640,birth,grazer,19,23,154,189,,1479
641,birth,grazer,26,21,208,168,,1480
641,birth,grazer,26,20,211,165,,1481
641,birth,grazer,6,15,51,122,,1482
641,birth,hunter,24,9,195,72,,1483
642,birth,grazer,8,9,67,76,,1484
642,birth,grazer,6,10,48,86,,1485
643,birth,grazer,30,16,244,133,,1486
643,birth,grazer,5,17,46,143,,1487
643,birth,grazer,10,13,87,104,,1488
643,birth,grazer,27,16,218,132,,1489
643,birth,grazer,9,16,79,135,,1490
643,birth,grazer,28,19,227,154,,1491
643,birth,grazer,3,19,29,153,,1492
643,birth,grazer,29,17,234,137,,1493
644,birth,grazer,0,0,5,0,,1494
644,birth,grazer,0,0,0,3,,1495
644,birth,grazer,3,0,30,0,,1496
645,birth,grazer,7,20,56,166,,1497
645,birth,grazer,3,21,30,170,,1498
645,birth,grazer,8,4,68,38,,1499
645,birth,grazer,16,25,128,205,,1500
645,birth,grazer,7,20,59,166,,1501
645,birth,grazer,3,20,30,162,,1502
645,birth,grazer,10,3,86,25,,1503
645,birth,grazer,6,4,49,32,,1504
646,birth,grazer,11,3,93,30,,1505
646,birth,grazer,5,7,42,56,,1506
646,birth,grazer,12,5,102,40,,1507
646,birth,grazer,3,8,30,71,,1508
647,birth,grazer,4,20,36,166,,1509
649,birth,grazer,7,25,61,200,,1510
649,birth,grazer,14,4,117,38,,1511
649,birth,grazer,3,21,28,168,,1512
649,birth,grazer,9,4,76,32,,1513
649,birth,grazer,6,26,51,210,,1514
649,birth,grazer,8,25,65,206,,1515
649,birth,grazer,9,7,75,63,,1516
650,birth,grazer,6,16,51,132,,1517
650,birth,grazer,8,18,66,146,,1518
650,birth,grazer,14,3,115,31,,1519
650,birth,grazer,10,17,82,140,,1520
650,germination,tree,30,3,246,30,,1521
650,germination,tree,11,5,93,41,,1522
650,germination,tree,23,5,187,40,,1523
650,germination,tree,23,6,187,49,,1524
650,germination,tree,28,12,229,97,,1525
650,germination,tree,28,13,230,111,,1526
650,germination,tree,28,20,231,161,,1527
650,germination,tree,28,23,224,186,,1528
650,germination,tree,27,25,220,206,,1529
650,germination,tree,7,28,59,225,,1530
650,germination,tree,11,27,92,221,,1531
650,germination,tree,21,31,174,250,,1532
651,death,grazer,21,7,175,58,eaten,215
652,birth,grazer,15,27,124,216,,1533
652,birth,grazer,15,25,124,207,,1534
652,birth,grazer,18,25,145,203,,1535
653,birth,grazer,29,20,238,162,,1536
653,birth,grazer,20,25,163,206,,1537
653,birth,grazer,28,17,228,138,,1538
653,birth,grazer,29,19,236,154,,1539
655,birth,grazer,26,18,212,149,,1540
655,birth,grazer,29,24,238,192,,1541
655,birth,grazer,25,17,207,143,,1542
655,birth,grazer,0,1,0,8,,1543
655,birth,grazer,24,16,195,131,,1544
656,birth,grazer,11,11,92,93,,1545
656,birth,grazer,7,27,58,217,,1546
656,birth,grazer,11,9,95,77,,1547
656,birth,grazer,2,28,23,224,,1548
656,birth,grazer,10,11,80,88,,1549
656,birth,grazer,12,10,96,84,,1550
656,birth,grazer,4,26,32,208,,1551
656,birth,grazer,7,8,59,66,,1552
656,birth,grazer,11,11,94,90,,1553
656,birth,grazer,3,27,28,218,,1554
656,birth,grazer,6,12,55,99,,1555
657,birth,grazer,17,25,136,202,,1556
657,birth,grazer,21,19,169,152,,1557
657,birth,grazer,19,23,154,188,,1558
657,birth,grazer,21,19,169,152,,1559
657,birth,grazer,13,25,111,207,,1560
657,birth,grazer,19,18,157,147,,1561
657,death,grazer,18,13,148,105,eaten,158
658,birth,grazer,13,10,111,84,,1562
658,birth,grazer,28,2,228,20,,1563
658,birth,grazer,27,3,221,28,,1564
658,birth,grazer,19,24,153,196,,1565
658,birth,grazer,14,9,112,72,,1566
658,birth,grazer,29,2,238,23,,1567
658,birth,grazer,14,10,114,82,,1568
658,birth,grazer,28,4,225,32,,1569
659,birth,grazer,8,2,70,23,,1570
659,birth,grazer,0,19,0,159,,1571
659,birth,grazer,19,19,159,152,,1572
659,birth,grazer,12,0,102,1,,1573
659,birth,grazer,14,3,118,25,,1574
659,birth,grazer,0,28,0,226,,1575
659,birth,grazer,14,0,118,2,,1576
659,birth,grazer,24,18,199,146,,1577
659,birth,grazer,9,3,77,31,,1578
659,birth,grazer,0,19,0,158,,1579
659,birth,grazer,13,0,111,2,,1580
659,birth,grazer,0,20,0,165,,1581
659,birth,grazer,14,0,114,2,,1582
662,birth,grazer,8,13,64,104,,1583
662,birth,grazer,13,10,107,84,,1584
664,birth,grazer,17,26,138,211,,1585
664,birth,grazer,21,27,172,220,,1586
664,birth,grazer,21,25,170,207,,1587
664,birth,grazer,21,26,169,209,,1588
668,birth,grazer,29,25,233,200,,1589
668,birth,grazer,28,23,230,187,,1590
668,birth,grazer,29,26,235,208,,1591
671,birth,grazer,5,21,45,168,,1592
671,birth,grazer,30,24,244,195,,1593
671,birth,grazer,4,19,38,156,,1594
671,birth,grazer,8,20,67,163,,1595
672,birth,grazer,28,20,229,165,,1596
672,birth,grazer,27,23,218,191,,1597
673,birth,grazer,26,23,215,187,,1598
673,birth,grazer,29,23,239,191,,1599
673,birth,grazer,8,20,64,163,,1600
673,birth,grazer,30,26,243,213,,1601
673,birth,grazer,27,20,220,160,,1602
673,birth,grazer,29,25,239,201,,1603
674,birth,grazer,31,4,255,32,,1604
674,birth,grazer,31,0,249,0,,1605
674,birth,grazer,7,28,62,226,,1606
674,birth,grazer,31,0,252,0,,1607
674,birth,grazer,10,27,84,223,,1608
674,birth,grazer,9,26,74,209,,1609
675,birth,grazer,8,28,68,225,,1610
675,birth,grazer,11,13,94,106,,1611
675,birth,grazer,6,25,51,203,,1612
675,birth,grazer,25,18,201,146,,1613
675,birth,grazer,18,27,148,218,,1614
675,birth,grazer,13,8,111,70,,1615
675,birth,grazer,10,21,85,174,,1616
675,birth,grazer,20,17,167,138,,1617
675,birth,grazer,12,11,97,94,,1618
675,birth,grazer,7,27,57,221,,1619
675,birth,grazer,14,8,114,71,,1620
675,birth,grazer,10,20,87,165,,1621
675,birth,grazer,20,20,164,166,,1622
676,birth,grazer,5,16,43,131,,1623
676,birth,grazer,20,19,165,152,,1624
676,birth,grazer,2,19,22,154,,1625
676,birth,grazer,20,17,167,137,,1626
677,birth,grazer,29,10,233,84,,1627
677,birth,grazer,24,9,197,77,,1628
677,birth,grazer,27,10,220,84,,1629
679,birth,grazer,10,25,87,207,,1630
679,birth,grazer,27,9,219,74,,1631
679,birth,grazer,13,26,105,215,,1632
679,birth,grazer,28,9,225,75,,1633
679,birth,grazer,12,24,103,192,,1634
679,birth,grazer,18,24,147,199,,1635
679,birth,grazer,4,16,39,135,,1636
679,birth,grazer,11,27,95,216,,1637
679,birth,grazer,24,10,198,85,,1638
679,birth,grazer,19,25,156,202,,1639
679,birth,grazer,28,9,231,74,,1640
679,birth,grazer,11,25,90,206,,1641
680,birth,grazer,19,27,155,220,,1642
680,birth,grazer,13,24,108,192,,1643
680,birth,grazer,19,27,158,216,,1644
682,birth,grazer,31,31,250,254,,1645
682,birth,grazer,28,31,226,249,,1646
682,birth,grazer,4,18,33,145,,1647
682,birth,grazer,30,31,245,252,,1648
682,birth,grazer,28,31,226,250,,1649
683,birth,grazer,28,20,227,164,,1650
683,birth,grazer,25,17,207,142,,1651
684,birth,grazer,1,27,11,222,,1652
684,birth,grazer,6,12,53,96,,1653
684,birth,grazer,2,26,18,213,,1654
686,birth,grazer,0,27,6,220,,1655
686,birth,grazer,2,10,23,82,,1656
687,birth,grazer,23,26,185,214,,1657
687,birth,grazer,18,26,144,213,,1658
687,birth,grazer,2,26,16,208,,1659
687,birth,grazer,25,24,206,196,,1660
687,birth,grazer,25,26,202,214,,1661
687,birth,grazer,25,24,205,196,,1662
688,birth,grazer,31,12,251,98,,1663
688,birth,grazer,30,9,246,79,,1664
688,birth,grazer,31,0,254,0,,1665
688,birth,grazer,3,7,28,59,,1666
688,birth,grazer,27,12,217,97,,1667
688,birth,grazer,30,10,243,87,,1668
689,birth,grazer,23,19,187,154,,1669
689,birth,grazer,23,15,190,125,,1670
689,birth,grazer,24,16,194,135,,1671
689,birth,grazer,24,20,195,166,,1672
689,birth,grazer,29,16,239,133,,1673
690,birth,grazer,12,7,96,59,,1674
690,birth,grazer,12,8,103,67,,1675
691,birth,grazer,27,19,216,152,,1676
691,birth,grazer,12,5,98,43,,1677
691,birth,grazer,9,17,75,140,,1678
691,birth,grazer,10,4,84,37,,1679
691,birth,grazer,12,8,97,66,,1680
691,birth,grazer,10,6,83,53,,1681
691,birth,grazer,4,18,37,146,,1682
691,birth,grazer,10,5,86,41,,1683
692,birth,grazer,11,9,95,75,,1684
692,death,grazer,11,14,90,118,eaten,83
692,death,grazer,20,24,166,195,eaten,1081
693,birth,grazer,15,27,120,218,,1685
693,birth,grazer,1,27,8,220,,1686
693,birth,grazer,13,26,106,215,,1687
693,birth,grazer,0,23,0,189,,1688
693,birth,grazer,16,28,128,226,,1689
693,birth,grazer,0,27,3,221,,1690
694,birth,grazer,13,8,108,71,,1691
694,birth,grazer,12,13,96,105,,1692
694,birth,grazer,12,12,98,100,,1693
695,birth,grazer,13,9,108,78,,1694
695,death,grazer,2,28,23,226,eaten,549
696,birth,grazer,11,21,95,174,,1695
696,birth,grazer,19,17,156,140,,1696
696,birth,grazer,12,22,97,178,,1697
696,birth,grazer,12,21,98,173,,1698
696,birth,grazer,12,22,97,176,,1699
697,birth,grazer,19,17,157,141,,1700
697,birth,grazer,10,27,84,218,,1701
698,birth,grazer,22,27,182,217,,1702
698,birth,grazer,23,31,184,250,,1703
698,birth,grazer,22,30,181,246,,1704
698,birth,grazer,24,25,197,207,,1705
698,birth,grazer,23,30,187,246,,1706
698,birth,grazer,22,31,180,251,,1707
699,birth,grazer,3,20,28,164,,1708
699,birth,grazer,3,18,28,145,,1709
699,birth,grazer,20,20,160,166,,1710
699,birth,grazer,3,22,28,179,,1711
699,birth,grazer,7,16,61,132,,1712
700,birth,grazer,23,17,187,137,,1713
700,birth,grazer,27,18,217,151,,1714
700,germination,tree,13,5,107,42,,1715
700,germination,tree,18,6,148,51,,1716
700,germination,tree,15,6,126,50,,1717
700,germination,tree,27,18,222,148,,1718
700,germination,tree,28,22,224,177,,1719
700,germination,tree,12,24,98,192,,1720
700,germination,tree,24,24,199,199,,1721
700,germination,tree,29,27,236,219,,1722
700,germination,tree,3,27,28,223,,1723
700,germination,tree,24,27,197,221,,1724
700,germination,tree,27,27,218,217,,1725
700,germination,tree,18,28,151,224,,1726
700,germination,tree,16,27,128,220,,1727
700,germination,tree,18,31,147,253,,1728
700,ignition,,7,22,,,,
701,birth,grazer,13,23,109,190,,1729
701,birth,grazer,15,24,127,199,,1730
701,birth,grazer,31,28,251,224,,1731
701,birth,grazer,13,13,107,104,,1732
701,birth,grazer,31,2,249,23,,1733
701,birth,grazer,14,24,117,196,,1734
701,birth,grazer,27,23,219,187,,1735
701,birth,grazer,12,9,103,79,,1736
701,birth,grazer,13,27,104,216,,1737
701,birth,grazer,30,25,242,203,,1738
701,birth,grazer,11,13,95,111,,1739
702,birth,grazer,24,15,198,127,,1740
703,birth,grazer,7,22,56,176,,1741
703,birth,grazer,24,16,197,131,,1742
703,burnout,,7,22,,,,
704,birth,grazer,30,16,243,130,,1743
704,birth,grazer,26,16,212,131,,1744
704,birth,grazer,30,17,241,137,,1745
704,death,grazer,31,2,249,23,eaten,785
704,death,grazer,3,2,26,16,eaten,290
705,birth,grazer,28,24,230,198,,1746
705,birth,grazer,14,9,112,72,,1747
705,birth,grazer,24,19,199,153,,1748
705,death,grazer,31,2,249,23,eaten,793
706,birth,grazer,24,17,196,138,,1749
706,birth,grazer,26,16,208,131,,1750
706,birth,grazer,23,17,185,137,,1751
706,death,grazer,31,2,249,23,eaten,896
706,death,grazer,31,2,249,23,eaten,1477
707,birth,grazer,8,10,64,80,,1752
707,birth,grazer,28,22,225,181,,1753
707,birth,grazer,17,27,136,221,,1754
707,birth,grazer,20,17,167,137,,1755
707,birth,grazer,5,9,47,72,,1756
707,birth,grazer,19,27,157,219,,1757
707,birth,grazer,8,7,65,57,,1758
707,birth,grazer,17,27,143,221,,1759
707,birth,grazer,19,22,154,176,,1760
707,birth,grazer,6,12,50,98,,1761
708,birth,grazer,19,26,158,210,,1762
708,birth,grazer,20,18,160,144,,1763
708,birth,grazer,20,21,161,169,,1764
709,birth,grazer,1,27,8,221,,1765
710,birth,grazer,26,8,215,64,,1766
710,birth,grazer,23,13,191,107,,1767
710,birth,grazer,28,9,231,72,,1768
710,birth,grazer,28,13,230,111,,1769
710,death,grazer,2,28,21,225,eaten,433
712,birth,grazer,31,12,251,102,,1770
712,birth,grazer,28,14,227,119,,1771
713,birth,grazer,5,20,43,166,,1772
713,birth,grazer,4,6,34,50,,1773
713,birth,grazer,19,19,159,156,,1774
713,birth,grazer,19,27,155,216,,1775
713,birth,grazer,8,23,64,184,,1776
713,birth,grazer,4,4,36,34,,1777
713,birth,grazer,25,10,207,82,,1778
713,birth,grazer,8,19,70,158,,1779
713,birth,grazer,5,5,40,46,,1780
713,birth,grazer,6,24,48,193,,1781
713,birth,grazer,2,4,22,33,,1782
714,birth,grazer,2,7,22,58,,1783
714,birth,grazer,17,25,141,202,,1784
714,birth,grazer,20,26,160,208,,1785
716,birth,grazer,15,24,121,199,,1786
716,birth,grazer,29,12,235,103,,1787
716,birth,grazer,4,4,32,33,,1788
716,birth,grazer,3,9,31,74,,1789
717,birth,grazer,19,4,157,35,,1790
717,birth,grazer,18,5,148,43,,1791
717,birth,grazer,2,7,22,61,,1792
717,birth,grazer,18,5,151,41,,1793
717,birth,grazer,19,4,157,39,,1794
718,birth,grazer,5,27,47,217,,1795
718,birth,grazer,29,14,238,117,,1796
718,birth,grazer,8,22,71,176,,1797
718,birth,grazer,6,23,49,188,,1798
719,birth,grazer,27,3,221,25,,1799
719,birth,grazer,30,12,243,101,,1800
719,birth,grazer,26,2,208,22,,1801
719,birth,grazer,26,4,212,37,,1802
719,birth,grazer,24,3,194,24,,1803
719,birth,hunter,10,14,82,119,,1804
720,birth,grazer,5,10,45,84,,1805
720,birth,grazer,29,22,235,181,,1806
720,birth,grazer,2,22,21,176,,1807
720,birth,grazer,30,12,244,100,,1808
720,birth,grazer,4,12,38,102,,1809
720,birth,grazer,30,20,241,163,,1810
720,birth,grazer,3,9,25,79,,1811
720,birth,grazer,4,11,34,91,,1812
720,birth,grazer,29,25,237,202,,1813
720,birth,grazer,19,5,157,46,,1814
720,birth,grazer,7,11,56,92,,1815
721,birth,grazer,27,4,216,37,,1816
721,birth,grazer,25,6,201,49,,1817
721,birth,grazer,28,24,228,199,,1818
721,birth,grazer,26,2,212,20,,1819
721,birth,grazer,28,3,226,28,,1820
722,birth,grazer,20,18,160,151,,1821
722,birth,grazer,22,22,176,179,,1822
722,birth,grazer,9,6,72,55,,1823
722,birth,grazer,22,21,177,173,,1824
722,birth,grazer,7,6,62,50,,1825
722,birth,grazer,29,12,237,99,,1826
722,birth,grazer,3,7,29,59,,1827
722,birth,grazer,23,20,184,165,,1828
722,birth,grazer,8,5,70,47,,1829
722,birth,grazer,23,22,185,177,,1830
722,birth,grazer,5,7,45,57,,1831
723,birth,grazer,18,8,151,64,,1832
723,birth,grazer,19,8,155,68,,1833
724,birth,grazer,19,22,152,176,,1834
724,death,grazer,14,4,113,38,eaten,641
725,birth,grazer,4,27,38,216,,1835
728,birth,grazer,5,12,42,98,,1836
728,birth,grazer,18,6,147,48,,1837
728,birth,grazer,4,6,38,55,,1838
728,birth,grazer,4,9,33,77,,1839
729,birth,grazer,3,7,26,59,,1840
731,birth,grazer,7,31,58,248,,1841
731,birth,grazer,7,31,59,255,,1842
731,birth,grazer,8,31,65,252,,1843
733,birth,grazer,28,11,230,95,,1844
733,birth,grazer,24,4,197,32,,1845
733,birth,grazer,30,11,246,93,,1846
733,birth,grazer,24,5,193,47,,1847
733,birth,grazer,18,21,151,174,,1848
733,birth,grazer,23,5,188,41,,1849
733,birth,grazer,27,11,219,89,,1850
733,death,grazer,23,9,189,79,eaten,1153
734,birth,grazer,22,6,183,48,,1851
734,birth,grazer,20,5,163,41,,1852
734,birth,grazer,23,6,191,50,,1853
734,birth,grazer,24,6,196,48,,1854
734,birth,grazer,20,7,161,59,,1855
734,birth,grazer,22,5,178,40,,1856
734,birth,grazer,19,7,158,56,,1857
734,birth,grazer,25,3,200,31,,1858
737,birth,grazer,25,14,203,117,,1859
738,birth,grazer,24,7,195,59,,1860
738,birth,grazer,20,20,160,160,,1861
738,birth,grazer,22,11,178,93,,1862
738,birth,grazer,30,4,247,32,,1863
738,birth,grazer,22,11,176,94,,1864
739,birth,grazer,29,12,235,100,,1865
739,birth,grazer,22,5,181,45,,1866
739,birth,grazer,25,11,203,95,,1867
739,birth,grazer,30,14,240,119,,1868
739,birth,grazer,24,13,193,111,,1869
740,birth,grazer,27,19,218,153,,1870
740,birth,grazer,21,10,169,85,,1871
740,death,grazer,31,2,249,23,eaten,813
740,ignition,,25,6,,,,
740,ignition,,9,20,,,,
741,birth,grazer,15,5,125,43,,1872
741,birth,grazer,14,2,113,23,,1873
741,birth,grazer,15,4,123,35,,1874
741,spread,,24,6,,,,217
742,birth,grazer,14,3,114,28,,1875
743,birth,grazer,20,22,162,182,,1876
743,birth,grazer,22,19,183,159,,1877
743,birth,grazer,3,19,30,157,,1878
743,birth,grazer,23,21,184,170,,1879
743,burnout,,25,6,,,,
743,burnout,,9,20,,,,
744,birth,grazer,26,19,211,155,,1880
744,birth,grazer,29,22,233,178,,1881
744,burnout,,24,6,,,,
745,birth,grazer,26,21,211,170,,1882
745,birth,grazer,28,10,231,87,,1883
745,birth,grazer,26,16,212,133,,1884
746,birth,grazer,29,20,233,165,,1885
746,birth,grazer,0,19,0,155,,1886
746,birth,grazer,23,20,185,167,,1887
746,birth,grazer,0,25,0,204,,1888
746,birth,grazer,26,20,210,161,,1889
746,birth,grazer,0,17,0,137,,1890
746,birth,grazer,0,26,0,208,,1891
747,birth,grazer,6,6,51,53,,1892
747,birth,grazer,31,5,249,47,,1893
747,birth,grazer,29,25,236,204,,1894
747,birth,grazer,7,8,59,65,,1895
747,birth,grazer,31,3,248,29,,1896
747,birth,grazer,10,8,81,64,,1897
748,birth,grazer,8,6,65,51,,1898
750,birth,grazer,10,13,81,109,,1899
750,birth,grazer,20,21,167,170,,1900
750,birth,grazer,5,14,46,116,,1901
750,birth,grazer,12,4,101,35,,1902
750,birth,grazer,22,20,176,164,,1903
750,birth,grazer,9,4,74,39,,1904
750,death,hunter,13,2,105,18,starved,396
750,death,hunter,20,0,160,3,starved,398
750,germination,tree,3,6,29,48,,1905
750,germination,tree,22,8,183,70,,1906
750,germination,tree,6,27,55,220,,1907
750,germination,tree,18,27,145,222,,1908
752,birth,grazer,22,21,181,168,,1909
753,birth,grazer,4,16,36,133,,1910
754,birth,grazer,21,21,175,168,,1911
754,birth,grazer,3,16,26,134,,1912
754,birth,grazer,6,11,48,89,,1913
754,birth,grazer,4,15,33,126,,1914
756,birth,grazer,10,7,81,63,,1915
756,birth,grazer,24,3,194,28,,1916
756,birth,grazer,4,10,33,80,,1917
756,birth,grazer,22,5,180,45,,1918
756,birth,grazer,8,10,69,82,,1919
756,birth,grazer,22,4,177,39,,1920
757,birth,grazer,24,4,197,35,,1921
757,birth,grazer,2,17,23,140,,1922
757,birth,grazer,4,6,35,54,,1923
758,birth,grazer,21,2,172,18,,1924
758,birth,grazer,18,4,146,37,,1925
758,birth,grazer,3,17,29,136,,1926
758,birth,grazer,18,2,146,17,,1927
758,birth,grazer,25,5,206,47,,1928
758,birth,grazer,20,2,167,17,,1929
758,birth,grazer,24,3,194,31,,1930
758,birth,grazer,21,22,171,180,,1931
758,birth,grazer,19,2,158,17,,1932
760,birth,grazer,4,16,33,135,,1933
761,birth,grazer,7,20,56,166,,1934
761,birth,grazer,7,21,60,175,,1935
761,birth,grazer,6,16,48,134,,1936
761,birth,grazer,5,23,47,184,,1937
762,birth,grazer,24,5,192,41,,1938
763,birth,grazer,26,25,215,203,,1939
763,birth,grazer,22,24,177,198,,1940
763,birth,grazer,30,28,240,225,,1941
764,birth,grazer,6,31,55,255,,1942
765,birth,grazer,6,8,54,66,,1943
765,birth,grazer,5,12,45,100,,1944
765,birth,grazer,2,11,22,91,,1945
767,birth,grazer,9,17,73,140,,1946
767,birth,grazer,21,21,168,169,,1947
767,birth,grazer,7,16,60,134,,1948
767,birth,grazer,2,28,22,224,,1949
767,birth,grazer,5,17,40,139,,1950
768,birth,grazer,23,26,188,215,,1951
768,birth,grazer,25,25,202,203,,1952
768,birth,grazer,24,27,199,218,,1953
768,birth,grazer,27,26,220,211,,1954
769,birth,grazer,4,17,32,136,,1955
769,birth,grazer,11,30,95,242,,1956
769,birth,grazer,21,28,173,231,,1957
769,birth,grazer,6,8,54,69,,1958
769,birth,grazer,13,30,109,243,,1959
769,birth,grazer,18,28,144,230,,1960
769,birth,grazer,4,8,36,65,,1961
769,birth,grazer,13,30,106,242,,1962
769,birth,grazer,19,28,159,230,,1963
769,birth,grazer,14,30,114,244,,1964
769,birth,grazer,19,28,156,228,,1965
769,birth,grazer,6,10,52,85,,1966
770,death,grazer,27,25,221,204,eaten,347
770,ignition,,26,2,,,,
771,birth,grazer,23,12,185,99,,1967
771,birth,grazer,24,12,197,98,,1968
771,birth,grazer,29,5,239,44,,1969
772,birth,grazer,8,5,69,43,,1970
772,death,grazer,2,28,23,226,eaten,200
773,birth,grazer,7,5,63,43,,1971
773,birth,grazer,5,9,42,72,,1972
773,birth,grazer,6,6,51,49,,1973
773,birth,grazer,8,5,68,45,,1974
773,birth,grazer,7,5,56,46,,1975
773,birth,grazer,5,7,46,59,,1976
773,burnout,,26,2,,,,
774,birth,grazer,31,3,249,31,,1977
774,birth,grazer,30,5,247,41,,1978
775,birth,grazer,29,15,234,121,,1979
775,birth,grazer,7,7,60,56,,1980
775,birth,grazer,27,11,223,91,,1981
776,birth,grazer,3,16,30,134,,1982
776,birth,grazer,4,6,33,51,,1983
778,birth,grazer,24,13,197,109,,1984
779,birth,grazer,3,13,24,108,,1985
780,birth,grazer,5,24,40,198,,1986
780,birth,grazer,5,25,41,201,,1987
780,birth,grazer,4,27,33,222,,1988
780,birth,grazer,6,27,54,216,,1989
781,birth,grazer,4,7,37,58,,1990
781,birth,grazer,4,20,37,161,,1991
781,birth,grazer,26,20,212,167,,1992
781,birth,grazer,3,6,30,50,,1993
781,birth,grazer,4,26,35,211,,1994
782,birth,grazer,31,27,255,222,,1995
782,birth,grazer,28,21,224,168,,1996
782,birth,grazer,7,16,61,134,,1997
782,birth,grazer,21,27,173,217,,1998
782,birth,grazer,9,12,76,103,,1999
782,birth,grazer,4,25,35,203,,2000
782,birth,grazer,31,26,253,215,,2001
782,birth,grazer,3,23,30,188,,2002
782,birth,grazer,27,24,222,199,,2003
782,birth,grazer,5,13,46,105,,2004
782,birth,grazer,4,25,36,201,,2005
783,birth,grazer,2,19,23,155,,2006
783,birth,grazer,20,27,164,218,,2007
783,birth,grazer,28,25,231,201,,2008
783,death,grazer,2,8,19,64,eaten,265
784,birth,grazer,22,11,180,90,,2009
784,birth,grazer,22,8,181,65,,2010
784,birth,grazer,2,13,23,107,,2011
784,birth,grazer,24,8,192,66,,2012
784,birth,grazer,26,19,208,158,,2013
784,birth,grazer,21,9,170,79,,2014
785,birth,grazer,25,19,205,158,,2015
786,birth,grazer,3,14,30,118,,2016
787,birth,grazer,6,25,55,200,,2017
787,birth,grazer,19,23,152,190,,2018
787,birth,grazer,13,28,107,225,,2019
787,birth,grazer,4,5,39,44,,2020
787,birth,grazer,7,8,62,69,,2021
787,birth,grazer,20,24,160,199,,2022
787,birth,grazer,10,28,82,224,,2023
787,birth,grazer,2,3,23,31,,2024
787,birth,grazer,12,26,103,208,,2025
787,birth,grazer,19,25,152,204,,2026
787,birth,grazer,2,4,22,33,,2027
788,birth,grazer,30,28,245,228,,2028
788,birth,grazer,23,18,186,147,,2029
788,birth,grazer,10,22,81,180,,2030
788,birth,grazer,29,28,235,231,,2031
788,birth,grazer,23,15,184,126,,2032
788,birth,grazer,5,27,47,218,,2033
788,birth,grazer,19,25,156,202,,2034
788,birth,grazer,9,27,72,223,,2035
788,birth,grazer,29,29,238,232,,2036
788,birth,grazer,23,16,190,134,,2037
788,birth,grazer,9,22,74,177,,2038
788,birth,grazer,30,28,242,231,,2039
788,birth,grazer,25,17,204,141,,2040
789,birth,grazer,23,6,185,52,,2041
789,birth,grazer,24,5,192,42,,2042
789,birth,grazer,12,2,98,16,,2043
789,birth,grazer,14,26,119,214,,2044
789,birth,grazer,23,4,186,36,,2045
789,birth,grazer,20,7,167,58,,2046
789,birth,grazer,11,1,88,15,,2047
790,birth,grazer,2,22,18,182,,2048
790,birth,grazer,17,28,143,225,,2049
790,birth,grazer,2,24,18,196,,2050
790,birth,grazer,8,11,67,88,,2051
790,birth,grazer,5,16,44,131,,2052
790,birth,grazer,2,21,17,170,,2053
790,birth,grazer,21,26,172,211,,2054
790,birth,grazer,2,20,16,164,,2055
790,ignition,,27,3,,,,
791,birth,grazer,22,25,176,202,,2056
791,birth,grazer,10,11,83,89,,2057
791,birth,grazer,23,23,188,189,,2058
791,birth,grazer,25,25,206,205,,2059
792,birth,grazer,18,26,145,215,,2060
793,death,grazer,2,6,20,54,crowded,605
793,birth,grazer,3,13,24,111,,2061
793,spread,,27,2,,,,123
793,burnout,,27,3,,,,
793,tree_death,tree,27,3,219,27,burnt,2
793,tree_death,tree,27,3,223,24,burnt,945
794,birth,grazer,18,27,149,218,,2062
795,birth,grazer,3,11,24,88,,2063
795,birth,grazer,3,12,27,99,,2064
796,burnout,,27,2,,,,
796,tree_death,tree,27,2,223,21,burnt,0
797,birth,grazer,18,3,148,31,,2065
797,birth,grazer,11,3,90,26,,2066
797,birth,grazer,8,4,64,37,,2067
797,birth,grazer,19,5,152,46,,2068
798,birth,grazer,28,4,231,37,,2069
798,birth,grazer,7,6,62,48,,2070
798,birth,grazer,29,12,235,97,,2071
798,birth,grazer,26,8,215,64,,2072
799,birth,grazer,30,12,241,97,,2073
799,birth,grazer,26,11,215,91,,2074
799,birth,grazer,30,14,247,114,,2075
799,birth,grazer,31,13,252,105,,2076
800,birth,grazer,29,14,237,117,,2077
800,birth,grazer,19,27,159,222,,2078
800,birth,grazer,24,11,193,92,,2079
800,birth,grazer,26,10,210,87,,2080
800,germination,tree,6,3,52,26,,2081
800,germination,tree,28,4,226,32,,2082
800,germination,tree,28,6,224,55,,2083
800,germination,tree,29,9,239,74,,2084
800,germination,tree,28,11,227,91,,2085
800,germination,tree,30,11,242,92,,2086
800,germination,tree,27,13,222,109,,2087
800,germination,tree,28,16,228,134,,2088
800,germination,tree,26,19,210,153,,2089
800,germination,tree,31,31,252,255,,2090
800,ignition,,19,6,,,,
801,birth,grazer,28,10,230,86,,2091
801,birth,grazer,5,5,41,47,,2092
801,birth,grazer,2,6,23,55,,2093
801,birth,grazer,3,3,26,30,,2094
802,birth,grazer,30,4,247,34,,2095
803,burnout,,19,6,,,,
803,tree_death,tree,19,6,154,48,burnt,501
805,birth,grazer,24,17,199,141,,2096
805,birth,grazer,27,22,221,176,,2097
805,birth,grazer,19,8,155,67,,2098
805,birth,grazer,31,4,249,32,,2099
805,birth,grazer,27,20,217,165,,2100
805,birth,grazer,19,12,158,96,,2101
808,birth,grazer,19,20,158,167,,2102
808,birth,grazer,18,18,148,144,,2103
808,birth,grazer,19,17,152,142,,2104
810,birth,grazer,13,3,110,27,,2105
810,birth,grazer,15,5,127,45,,2106
810,birth,grazer,15,2,127,23,,2107
810,ignition,,3,6,,,,
811,birth,grazer,19,18,159,151,,2108
811,death,grazer,21,17,172,138,eaten,225
812,birth,grazer,8,18,66,148,,2109
812,birth,grazer,6,18,49,150,,2110
812,spread,,3,5,,,,195
813,birth,grazer,4,8,32,67,,2111
813,birth,grazer,27,15,218,120,,2112
813,birth,grazer,6,11,49,90,,2113
813,birth,grazer,4,25,34,201,,2114
813,birth,grazer,6,7,55,59,,2115
813,burnout,,3,6,,,,
813,tree_death,tree,3,6,27,50,burnt,18
813,tree_death,tree,3,6,26,52,burnt,560
813,tree_death,tree,3,6,25,50,burnt,837
813,tree_death,tree,3,6,30,52,burnt,1262
813,tree_death,tree,3,6,29,48,burnt,1905
814,birth,grazer,9,21,78,175,,2116
814,birth,grazer,14,21,113,173,,2117
814,birth,grazer,12,17,103,141,,2118
814,birth,grazer,26,19,212,156,,2119
814,birth,grazer,6,20,49,164,,2120
814,birth,grazer,13,21,111,173,,2121
815,birth,grazer,5,26,44,212,,2122
815,spread,,3,4,,,,163
815,burnout,,3,5,,,,
816,birth,grazer,10,21,81,175,,2123
816,birth,grazer,16,25,134,207,,2124
816,birth,grazer,6,21,50,174,,2125
816,birth,grazer,12,17,97,140,,2126
816,birth,grazer,8,19,66,156,,2127
817,birth,grazer,18,28,148,224,,2128
817,birth,grazer,18,26,149,215,,2129
817,birth,grazer,17,26,143,209,,2130
817,spread,,2,4,,,,131
818,birth,grazer,10,27,82,220,,2131
818,birth,grazer,27,14,221,119,,2132
818,birth,grazer,11,27,89,222,,2133
818,birth,grazer,27,15,220,126,,2134
818,birth,grazer,27,14,218,119,,2135
818,birth,grazer,9,26,76,209,,2136
818,birth,grazer,9,25,79,206,,2137
818,spread,,2,3,,,,130
818,burnout,,3,4,,,,
818,tree_death,tree,3,4,25,36,burnt,614
819,birth,grazer,16,6,133,53,,2138
819,birth,grazer,10,11,80,93,,2139
819,birth,grazer,8,15,70,122,,2140
819,birth,grazer,13,2,108,23,,2141
819,birth,grazer,10,13,85,109,,2142
820,birth,grazer,23,7,185,62,,2143
820,birth,grazer,4,3,32,26,,2144
820,birth,grazer,21,9,168,74,,2145
820,birth,grazer,6,22,54,176,,2146
820,birth,grazer,21,13,174,104,,2147
820,birth,grazer,21,11,174,93,,2148
820,spread,,2,2,,,,98
820,burnout,,2,4,,,,
821,birth,grazer,10,9,86,77,,2149
821,birth,grazer,2,4,19,32,,2150
821,birth,grazer,29,8,239,64,,2151
821,birth,grazer,5,13,47,108,,2152
821,birth,grazer,29,15,232,125,,2153
821,birth,grazer,31,7,251,60,,2154
821,birth,grazer,5,27,47,219,,2155
821,birth,grazer,10,10,80,84,,2156
821,birth,grazer,29,17,238,142,,2157
821,birth,grazer,31,8,248,68,,2158
821,birth,grazer,3,11,31,91,,2159
821,birth,grazer,31,15,254,123,,2160
821,birth,grazer,27,6,222,49,,2161
821,death,grazer,2,4,19,32,eaten,291
821,burnout,,2,3,,,,
822,spread,,3,2,,,,66
823,birth,grazer,29,18,232,146,,2162
823,burnout,,2,2,,,,
824,birth,grazer,30,13,246,106,,2163
824,birth,grazer,4,27,38,216,,2164
824,birth,grazer,28,11,228,92,,2165
824,birth,grazer,29,14,236,119,,2166
825,birth,grazer,23,19,187,152,,2167
825,birth,grazer,27,5,217,46,,2168
825,burnout,,3,2,,,,
826,birth,grazer,27,4,221,34,,2169
826,birth,grazer,24,18,196,148,,2170
826,birth,grazer,30,11,244,92,,2171
826,birth,grazer,20,4,167,34,,2172
826,birth,grazer,27,4,219,39,,2173
827,birth,grazer,23,23,189,184,,2174
827,death,grazer,12,2,101,22,eaten,326
828,birth,grazer,20,22,161,182,,2175
828,birth,grazer,23,22,189,183,,2176
829,birth,grazer,21,18,169,150,,2177
829,birth,grazer,3,3,24,24,,2178
829,birth,grazer,20,18,163,148,,2179
830,birth,grazer,19,21,156,174,,2180
832,birth,grazer,23,17,188,143,,2181
832,birth,grazer,15,31,121,249,,2182
832,birth,grazer,2,17,21,140,,2183
832,birth,grazer,27,20,217,166,,2184
832,birth,grazer,5,22,47,181,,2185
832,birth,grazer,17,31,142,248,,2186
832,birth,grazer,5,19,41,155,,2187
832,birth,grazer,15,31,125,254,,2188
832,birth,grazer,26,22,211,178,,2189
832,birth,grazer,7,23,56,186,,2190
832,birth,grazer,18,30,144,247,,2191
833,birth,grazer,3,15,28,127,,2192
833,birth,grazer,25,8,202,71,,2193
833,birth,grazer,2,17,22,142,,2194
833,birth,grazer,24,12,197,96,,2195
833,birth,grazer,28,6,226,49,,2196
834,birth,grazer,26,21,215,175,,2197
834,birth,grazer,12,12,97,98,,2198
835,birth,grazer,13,26,106,211,,2199
835,birth,grazer,15,25,126,201,,2200
835,birth,grazer,10,24,86,199,,2201
835,birth,grazer,14,27,112,220,,2202
836,birth,grazer,4,16,33,131,,2203
837,birth,grazer,26,6,210,55,,2204
837,birth,grazer,26,18,214,151,,2205
838,birth,grazer,25,17,206,143,,2206
839,birth,grazer,26,25,209,202,,2207
839,birth,grazer,27,28,221,225,,2208
839,birth,grazer,15,28,126,225,,2209
839,death,grazer,3,3,30,25,crowded,1166
839,birth,grazer,28,27,228,220,,2210
839,birth,grazer,26,28,211,224,,2211
840,birth,grazer,14,3,113,30,,2212
840,birth,grazer,29,10,236,87,,2213
840,birth,grazer,16,7,134,56,,2214
840,birth,grazer,31,12,253,100,,2215
840,birth,grazer,17,5,138,46,,2216
840,birth,grazer,18,26,144,209,,2217
840,birth,grazer,24,10,193,84,,2218
840,birth,grazer,15,6,127,48,,2219
840,birth,grazer,27,10,218,80,,2220
841,birth,grazer,20,19,160,158,,2221
841,birth,grazer,8,25,69,203,,2222
841,birth,grazer,14,26,119,209,,2223
841,death,grazer,25,7,206,56,eaten,637
842,birth,hunter,23,11,190,94,,2224
842,death,grazer,25,6,206,55,eaten,1869
843,birth,grazer,23,20,191,161,,2225
843,birth,grazer,20,11,161,88,,2226
843,birth,grazer,30,6,245,49,,2227
843,birth,grazer,18,11,151,95,,2228
843,birth,grazer,25,15,201,124,,2229
843,birth,grazer,19,8,152,66,,2230
843,birth,grazer,25,20,204,160,,2231
843,birth,grazer,19,9,153,72,,2232
844,birth,grazer,13,26,106,213,,2233
844,birth,grazer,9,27,79,219,,2234
844,birth,grazer,30,4,247,34,,2235
845,birth,grazer,14,8,114,68,,2236
845,birth,grazer,5,8,47,66,,2237
845,birth,grazer,5,9,41,72,,2238
846,birth,grazer,14,5,114,47,,2239
846,birth,grazer,14,17,118,143,,2240
846,birth,grazer,6,5,51,47,,2241
846,birth,grazer,16,5,129,45,,2242
846,birth,grazer,12,21,103,168,,2243
846,birth,grazer,14,24,114,197,,2244
846,birth,grazer,16,4,131,32,,2245
846,birth,grazer,12,18,97,145,,2246
846,birth,grazer,15,5,127,45,,2247
847,birth,grazer,10,0,80,1,,2248
847,birth,grazer,17,6,140,54,,2249
847,birth,grazer,15,8,120,69,,2250
847,birth,grazer,9,0,78,1,,2251
847,birth,grazer,13,4,110,38,,2252
847,birth,grazer,12,18,96,144,,2253
847,birth,grazer,9,0,79,1,,2254
847,birth,grazer,14,4,118,39,,2255
847,birth,grazer,10,0,81,1,,2256
847,birth,grazer,15,7,124,56,,2257
848,birth,grazer,31,10,253,85,,2258
848,birth,grazer,28,14,226,117,,2259
848,birth,grazer,27,5,216,47,,2260
848,birth,grazer,26,11,214,92,,2261
849,birth,grazer,26,22,208,177,,2262
849,birth,grazer,6,20,53,167,,2263
850,birth,grazer,12,9,103,79,,2264
850,birth,grazer,19,25,154,203,,2265
850,birth,grazer,16,24,129,199,,2266
850,birth,grazer,21,25,171,205,,2267
850,birth,grazer,3,23,31,187,,2268
850,birth,grazer,21,27,168,220,,2269
850,birth,grazer,10,28,80,225,,2270
850,germination,tree,29,4,238,38,,2271
850,germination,tree,12,4,97,38,,2272
850,germination,tree,27,6,223,48,,2273
850,germination,tree,23,6,185,53,,2274
850,germination,tree,29,13,235,104,,2275
850,germination,tree,27,23,223,184,,2276
850,germination,tree,24,31,193,251,,2277
851,birth,grazer,14,27,117,216,,2278
851,birth,grazer,4,24,36,197,,2279
851,birth,grazer,8,28,68,227,,2280
855,birth,grazer,2,18,23,148,,2281
856,birth,grazer,8,21,69,174,,2282
856,birth,grazer,7,19,58,155,,2283
856,birth,grazer,4,17,36,140,,2284
857,birth,grazer,28,6,226,48,,2285
857,birth,grazer,21,28,174,228,,2286
857,birth,grazer,2,25,23,202,,2287
857,birth,grazer,22,28,177,227,,2288
857,birth,grazer,28,7,224,57,,2289
857,birth,grazer,22,28,177,228,,2290
857,birth,grazer,29,7,235,62,,2291
858,birth,grazer,26,6,213,53,,2292
858,birth,grazer,21,25,171,206,,2293
859,birth,grazer,13,8,104,66,,2294
859,birth,grazer,7,16,58,134,,2295
859,birth,grazer,11,8,92,69,,2296
859,birth,grazer,3,28,30,224,,2297
859,birth,grazer,5,21,42,168,,2298
859,birth,grazer,12,8,100,71,,2299
859,birth,grazer,6,19,55,153,,2300
860,birth,grazer,11,12,92,96,,2301
860,birth,grazer,15,25,127,207,,2302
860,birth,grazer,13,7,111,61,,2303
860,birth,grazer,13,24,111,192,,2304
860,birth,grazer,13,8,105,64,,2305
861,birth,grazer,11,10,95,86,,2306
862,birth,grazer,27,2,223,17,,2307
862,birth,grazer,24,2,199,18,,2308
862,birth,grazer,23,23,191,191,,2309
862,birth,grazer,27,2,223,16,,2310
862,birth,grazer,22,26,180,211,,2311
863,birth,grazer,13,7,108,61,,2312
863,birth,grazer,20,28,167,229,,2313
863,birth,grazer,24,2,198,18,,2314
863,birth,grazer,11,25,94,203,,2315
864,birth,grazer,10,24,80,199,,2316
864,birth,grazer,12,25,103,205,,2317
865,birth,grazer,4,5,38,41,,2318
865,birth,grazer,11,25,90,204,,2319
865,birth,grazer,9,27,79,222,,2320
865,death,grazer,21,4,174,32,eaten,103
866,birth,grazer,29,21,236,174,,2321
866,birth,grazer,30,19,240,157,,2322
867,birth,grazer,25,16,203,135,,2323
869,death,grazer,3,6,25,50,crowded,1761
871,birth,grazer,25,19,202,153,,2324
872,birth,grazer,21,31,169,248,,2325
872,birth,grazer,12,19,103,155,,2326
872,birth,grazer,13,21,108,173,,2327
872,birth,grazer,24,31,192,252,,2328
873,birth,grazer,17,26,137,211,,2329
874,birth,grazer,3,3,30,31,,2330
874,birth,grazer,29,24,239,198,,2331
874,birth,grazer,29,25,232,207,,2332
874,birth,grazer,2,7,20,56,,2333
874,birth,grazer,27,22,222,176,,2334
874,birth,grazer,23,31,190,252,,2335
874,birth,grazer,11,17,95,138,,2336
875,birth,grazer,3,7,29,58,,2337
876,birth,grazer,23,31,187,250,,2338
876,birth,grazer,23,17,187,142,,2339
877,birth,grazer,13,11,108,94,,2340
877,birth,grazer,11,23,92,191,,2341
877,birth,grazer,6,11,50,89,,2342
877,birth,grazer,13,18,104,144,,2343
877,birth,grazer,14,10,113,87,,2344
877,birth,grazer,11,24,88,197,,2345
877,birth,grazer,4,9,38,73,,2346
878,birth,grazer,4,13,39,110,,2347
878,birth,grazer,12,25,96,201,,2348
878,birth,grazer,0,9,0,77,,2349
878,birth,grazer,7,13,59,111,,2350
878,birth,grazer,0,5,0,42,,2351
878,birth,grazer,14,26,115,212,,2352
878,birth,grazer,6,15,53,120,,2353
878,birth,grazer,0,7,0,58,,2354
878,birth,grazer,4,12,33,100,,2355
878,birth,grazer,0,6,0,50,,2356
879,birth,grazer,12,10,100,86,,2357
879,birth,grazer,7,5,59,45,,2358
880,birth,grazer,13,10,106,84,,2359
883,birth,grazer,26,21,215,172,,2360
883,birth,grazer,15,26,123,209,,2361
883,birth,grazer,28,18,228,144,,2362
883,birth,grazer,28,17,231,136,,2363
883,birth,grazer,24,17,196,143,,2364
883,birth,grazer,30,18,241,146,,2365
883,birth,grazer,30,15,245,127,,2366
884,birth,grazer,27,5,218,47,,2367
884,birth,grazer,29,3,236,30,,2368
884,birth,grazer,28,4,229,35,,2369
885,birth,grazer,27,16,216,128,,2370
885,birth,grazer,31,24,249,198,,2371
885,birth,grazer,30,24,242,195,,2372
885,death,grazer,18,7,146,63,eaten,639
886,birth,grazer,30,3,247,27,,2373
886,birth,grazer,30,7,246,56,,2374
886,birth,grazer,31,15,250,124,,2375
886,birth,grazer,26,6,213,50,,2376
886,birth,grazer,29,5,234,44,,2377
886,birth,grazer,27,17,219,139,,2378
887,birth,grazer,28,5,230,42,,2379
887,birth,grazer,20,6,163,52,,2380
887,birth,grazer,20,12,161,101,,2381
887,birth,grazer,21,6,168,52,,2382
887,birth,grazer,27,18,216,147,,2383
887,birth,grazer,20,4,161,36,,2384
887,birth,grazer,19,9,157,76,,2385
888,birth,grazer,24,18,199,151,,2386
888,birth,grazer,30,25,245,207,,2387
888,birth,grazer,29,18,232,144,,2388
889,birth,grazer,23,6,184,51,,2389
889,birth,grazer,12,20,97,165,,2390
889,birth,grazer,22,4,182,37,,2391
889,birth,grazer,27,21,216,175,,2392
889,birth,grazer,11,21,95,169,,2393
889,birth,grazer,3,8,25,64,,2394
889,birth,grazer,11,19,93,154,,2395
889,birth,grazer,25,4,201,35,,2396
889,birth,grazer,9,4,78,39,,2397
890,birth,grazer,4,26,35,208,,2398
890,birth,grazer,30,9,241,75,,2399
890,birth,grazer,10,22,84,177,,2400
890,birth,grazer,29,7,236,63,,2401
890,birth,grazer,27,4,223,34,,2402
890,birth,grazer,8,25,65,202,,2403
890,birth,grazer,29,11,239,88,,2404
890,birth,grazer,4,13,34,109,,2405
890,birth,grazer,25,15,203,124,,2406
890,birth,grazer,5,22,44,180,,2407
890,birth,grazer,30,8,247,68,,2408
890,ignition,,3,20,,,,
891,birth,grazer,30,20,247,160,,2409
891,birth,grazer,11,22,94,177,,2410
891,birth,grazer,22,5,179,45,,2411
891,birth,grazer,5,5,42,44,,2412
891,birth,grazer,13,22,107,180,,2413
891,birth,grazer,12,21,99,172,,2414
891,birth,grazer,20,19,166,153,,2415
892,birth,grazer,6,12,54,100,,2416
892,birth,grazer,13,22,104,179,,2417
892,birth,grazer,5,13,44,109,,2418
893,birth,grazer,6,18,50,144,,2419
893,birth,grazer,22,21,180,174,,2420
893,birth,grazer,5,17,43,143,,2421
893,birth,grazer,29,19,238,154,,2422
893,birth,grazer,24,5,199,43,,2423
893,birth,grazer,18,21,144,175,,2424
893,birth,grazer,10,19,82,158,,2425
893,birth,grazer,7,18,62,145,,2426
893,death,grazer,2,9,19,73,crowded,2020
893,spread,,4,20,,,,643
893,burnout,,3,20,,,,
894,birth,grazer,24,13,199,109,,2427
894,birth,grazer,23,14,187,119,,2428
895,birth,grazer,10,24,84,196,,2429
895,birth,grazer,26,21,211,174,,2430
895,birth,grazer,19,22,153,176,,2431
895,birth,grazer,21,6,173,55,,2432
895,birth,grazer,27,9,222,72,,2433
895,birth,grazer,14,25,116,201,,2434
896,birth,grazer,19,27,157,219,,2435
896,birth,grazer,22,21,183,172,,2436
896,birth,grazer,4,21,34,171,,2437
896,birth,grazer,16,26,132,208,,2438
896,birth,grazer,6,16,48,134,,2439
896,spread,,4,19,,,,644
896,burnout,,4,20,,,,
897,birth,grazer,26,23,213,189,,2440
897,birth,grazer,4,22,39,177,,2441
897,birth,grazer,11,22,95,181,,2442
897,birth,grazer,5,4,43,36,,2443
897,birth,grazer,19,9,154,78,,2444
897,birth,grazer,26,22,208,177,,2445
897,birth,grazer,23,19,191,153,,2446
897,spread,,3,19,,,,612
898,birth,grazer,12,14,96,118,,2447
898,birth,grazer,4,4,38,32,,2448
898,birth,grazer,17,7,137,56,,2449
898,birth,grazer,23,21,191,174,,2450
898,birth,grazer,6,17,54,136,,2451
898,birth,grazer,3,8,27,66,,2452
898,birth,grazer,11,13,94,109,,2453
898,birth,grazer,30,4,246,32,,2454
898,birth,grazer,4,7,39,62,,2455
898,birth,grazer,23,22,187,177,,2456
898,birth,grazer,17,4,143,35,,2457
899,birth,grazer,19,19,159,152,,2458
899,birth,grazer,18,4,144,35,,2459
899,birth,grazer,26,5,210,46,,2460
899,birth,grazer,13,11,110,93,,2461
899,birth,grazer,16,7,131,56,,2462
899,birth,grazer,5,6,44,54,,2463
899,burnout,,4,19,,,,
900,birth,grazer,12,13,96,111,,2464
900,tree_death,tree,6,3,49,28,crowded,4
900,germination,tree,19,5,156,47,,2465
900,germination,tree,4,27,33,221,,2466
900,germination,tree,25,27,205,220,,2467
900,germination,tree,17,31,140,251,,2468
900,burnout,,3,19,,,,
900,ignition,,18,0,,,,
901,birth,grazer,7,5,63,47,,2469
903,death,grazer,31,2,249,23,eaten,1733
903,death,grazer,2,27,21,220,eaten,497
903,burnout,,18,0,,,,
904,birth,grazer,27,24,223,192,,2470
906,death,grazer,2,10,20,86,crowded,243
906,birth,grazer,17,22,143,176,,2471
907,birth,grazer,19,21,153,172,,2472
908,birth,grazer,7,23,56,190,,2473
908,birth,grazer,6,15,53,126,,2474
908,birth,grazer,23,5,187,41,,2475
908,birth,grazer,19,20,159,161,,2476
908,birth,grazer,7,23,62,187,,2477
908,birth,grazer,7,15,57,125,,2478
909,birth,grazer,12,23,99,189,,2479
909,birth,grazer,17,27,136,217,,2480
909,birth,grazer,13,27,105,219,,2481
909,birth,grazer,17,25,136,202,,2482
909,birth,grazer,13,24,107,197,,2483
909,birth,grazer,12,23,101,190,,2484
910,birth,grazer,24,2,193,23,,2485
910,birth,grazer,21,18,168,144,,2486
910,birth,grazer,21,17,170,139,,2487
910,birth,grazer,20,20,165,160,,2488
910,birth,grazer,3,26,27,210,,2489
910,birth,grazer,18,27,150,223,,2490
911,birth,grazer,5,27,45,221,,2491
911,birth,grazer,8,28,70,229,,2492
912,birth,grazer,3,2,29,19,,2493
912,birth,grazer,7,2,57,17,,2494
913,birth,grazer,22,10,177,84,,2495
913,birth,grazer,21,13,174,108,,2496
913,birth,grazer,20,8,167,65,,2497
913,birth,grazer,21,9,172,78,,2498
913,birth,grazer,21,7,175,62,,2499
913,birth,grazer,22,10,176,83,,2500
913,birth,grazer,23,7,191,60,,2501
914,birth,grazer,17,6,143,48,,2502
914,death,grazer,2,28,23,226,eaten,1994
915,birth,grazer,6,8,50,64,,2503
915,birth,grazer,4,5,36,43,,2504
915,birth,grazer,4,18,37,148,,2505
915,birth,grazer,17,5,140,47,,2506
915,birth,grazer,5,22,47,176,,2507
915,birth,grazer,27,23,222,186,,2508
916,birth,grazer,28,21,230,171,,2509
916,birth,grazer,26,17,213,138,,2510
916,birth,grazer,25,22,201,176,,2511
916,birth,grazer,28,19,227,156,,2512
916,birth,grazer,20,21,162,170,,2513
916,birth,grazer,22,11,182,88,,2514
916,birth,grazer,9,9,79,75,,2515
916,birth,grazer,4,19,37,157,,2516
916,birth,grazer,28,21,227,170,,2517
916,birth,grazer,26,15,213,126,,2518
916,birth,grazer,2,27,23,216,,2519
916,birth,grazer,28,20,230,161,,2520
917,birth,grazer,4,19,34,157,,2521
917,birth,grazer,27,20,217,160,,2522
917,birth,grazer,14,24,113,196,,2523
917,birth,grazer,10,28,80,229,,2524
918,birth,grazer,4,26,39,214,,2525
918,birth,grazer,3,19,29,152,,2526
918,birth,grazer,5,10,40,82,,2527
918,birth,grazer,27,22,217,182,,2528
918,birth,grazer,6,20,49,164,,2529
918,birth,grazer,6,12,53,103,,2530
919,birth,grazer,31,5,252,40,,2531
919,birth,grazer,31,25,249,204,,2532
919,birth,grazer,10,10,87,84,,2533
919,birth,grazer,8,9,69,79,,2534
919,birth,grazer,2,25,21,206,,2535
919,birth,grazer,31,8,250,64,,2536
919,birth,grazer,30,24,243,199,,2537
919,birth,grazer,10,11,82,88,,2538
919,birth,grazer,29,7,232,61,,2539
919,birth,grazer,30,23,245,189,,2540
920,birth,grazer,2,9,19,79,,2541
920,birth,grazer,8,9,66,79,,2542
920,birth,grazer,4,3,32,31,,2543
920,birth,grazer,2,9,19,79,,2544
920,birth,grazer,3,9,28,79,,2545
920,birth,grazer,20,19,164,152,,2546
920,birth,grazer,26,17,209,137,,2547
920,birth,grazer,10,11,84,93,,2548
920,birth,grazer,10,12,86,99,,2549
920,birth,grazer,31,9,252,75,,2550
921,birth,grazer,24,22,197,176,,2551
921,birth,grazer,3,9,24,79,,2552
921,birth,grazer,29,9,239,78,,2553
922,birth,grazer,30,11,240,89,,2554
922,birth,grazer,26,12,215,100,,2555
923,birth,grazer,8,24,71,195,,2556
923,birth,grazer,3,2,27,16,,2557
923,birth,grazer,2,18,21,149,,2558
923,birth,grazer,4,2,35,18,,2559
923,birth,grazer,6,21,52,169,,2560
923,birth,grazer,6,2,55,19,,2561
923,birth,grazer,6,2,49,18,,2562
923,birth,grazer,6,21,49,169,,2563
923,birth,grazer,3,21,24,172,,2564
924,birth,grazer,25,7,205,63,,2565
924,birth,grazer,8,28,71,229,,2566
924,birth,grazer,12,14,96,118,,2567
924,birth,grazer,30,24,240,199,,2568
924,birth,grazer,11,14,93,118,,2569
924,birth,grazer,2,18,23,149,,2570
924,birth,grazer,3,1,26,15,,2571
924,birth,grazer,3,1,27,15,,2572
924,birth,grazer,14,9,113,72,,2573
924,birth,grazer,12,14,98,117,,2574
924,birth,grazer,25,11,207,91,,2575
924,birth,grazer,11,15,94,121,,2576
925,birth,grazer,13,2,107,23,,2577
925,birth,grazer,15,4,121,37,,2578
925,birth,grazer,3,3,28,31,,2579
925,birth,grazer,14,2,112,23,,2580
925,birth,grazer,16,3,129,26,,2581
926,birth,grazer,9,25,73,203,,2582
926,birth,grazer,9,28,77,229,,2583
926,birth,grazer,5,20,44,160,,2584
926,birth,grazer,12,12,102,101,,2585
926,birth,grazer,6,24,55,199,,2586
926,birth,grazer,7,27,58,219,,2587
926,death,grazer,2,10,19,84,crowded,1044
926,birth,grazer,9,26,76,208,,2588
927,birth,grazer,26,6,213,49,,2589
927,birth,grazer,28,5,227,40,,2590
927,birth,grazer,6,20,50,166,,2591
927,birth,grazer,9,28,77,229,,2592
928,birth,grazer,31,19,250,159,,2593
928,birth,grazer,28,17,229,142,,2594
928,birth,grazer,30,16,244,128,,2595
928,birth,grazer,31,16,252,132,,2596
928,birth,grazer,12,11,99,94,,2597
928,birth,grazer,3,24,31,193,,2598
928,birth,grazer,10,28,81,229,,2599
928,birth,grazer,30,17,243,143,,2600
928,birth,grazer,31,20,251,164,,2601
928,death,grazer,31,5,253,42,eaten,263
930,birth,grazer,5,18,44,149,,2602
930,birth,grazer,7,2,56,17,,2603
930,death,grazer,3,1,26,15,eaten,412
930,ignition,,25,12,,,,
931,death,grazer,19,23,156,186,eaten,604
932,birth,grazer,3,8,28,71,,2604
932,birth,grazer,28,20,226,164,,2605
933,burnout,,25,12,,,,
934,birth,grazer,13,3,109,24,,2606
934,birth,grazer,12,19,96,159,,2607
934,birth,grazer,15,3,124,27,,2608
935,birth,grazer,11,20,95,161,,2609
935,birth,grazer,13,7,107,60,,2610
935,birth,grazer,5,24,41,199,,2611
935,birth,grazer,12,9,102,73,,2612
935,birth,grazer,11,21,94,170,,2613
935,birth,grazer,11,22,92,179,,2614
936,birth,grazer,13,7,111,59,,2615
937,birth,grazer,12,7,102,61,,2616
937,birth,grazer,3,14,24,112,,2617
937,birth,grazer,4,25,32,207,,2618
937,birth,grazer,2,14,21,112,,2619
937,birth,grazer,2,13,21,106,,2620
937,birth,grazer,3,14,28,117,,2621
937,birth,grazer,6,14,51,113,,2622
937,birth,grazer,4,14,33,119,,2623
938,birth,grazer,3,10,25,81,,2624
938,birth,grazer,3,13,30,111,,2625
938,birth,grazer,31,18,253,150,,2626
938,birth,grazer,27,17,223,143,,2627
938,birth,grazer,3,3,28,25,,2628
938,birth,grazer,31,19,253,158,,2629
939,birth,grazer,11,7,90,61,,2630
939,birth,grazer,14,5,114,42,,2631
939,birth,grazer,5,11,42,92,,2632
939,birth,grazer,15,2,120,22,,2633
939,storm,,0,0,,,,6.5362 2.1944 0.5830
940,birth,grazer,24,8,198,68,,2634
940,birth,grazer,28,19,224,159,,2635
940,birth,grazer,29,12,238,102,,2636
940,birth,grazer,15,26,123,209,,2637
940,birth,grazer,11,7,91,59,,2638
940,birth,grazer,12,20,96,167,,2639
940,birth,grazer,23,10,188,86,,2640
940,birth,grazer,30,13,241,109,,2641
940,birth,grazer,15,28,122,224,,2642
941,birth,grazer,13,25,105,202,,2643
941,birth,grazer,12,21,97,172,,2644
941,birth,grazer,12,21,100,174,,2645
941,birth,grazer,2,11,21,94,,2646
941,birth,grazer,13,8,104,69,,2647
941,birth,grazer,11,21,94,170,,2648
941,birth,grazer,4,12,37,103,,2649
941,birth,grazer,29,11,239,88,,2650
942,birth,grazer,6,9,50,79,,2651
942,birth,grazer,3,8,25,69,,2652
942,birth,grazer,2,7,23,56,,2653
942,birth,grazer,8,6,64,48,,2654
942,birth,grazer,12,8,101,69,,2655
942,birth,grazer,7,11,58,89,,2656
942,birth,grazer,6,6,55,49,,2657
943,birth,grazer,30,18,247,145,,2658
943,birth,grazer,10,12,83,101,,2659
943,birth,grazer,26,20,213,167,,2660
943,birth,grazer,25,16,205,133,,2661
943,birth,grazer,17,26,141,212,,2662
943,birth,grazer,6,11,55,92,,2663
943,birth,grazer,30,17,242,139,,2664
943,birth,grazer,9,12,76,100,,2665
943,birth,grazer,11,16,88,129,,2666
944,birth,grazer,0,1,0,15,,2667
944,birth,grazer,0,0,3,0,,2668
944,birth,grazer,4,26,32,210,,2669
944,birth,grazer,29,16,232,135,,2670
944,birth,grazer,1,0,11,0,,2671
944,birth,grazer,8,28,69,229,,2672
944,birth,grazer,26,19,212,154,,2673
944,birth,grazer,0,0,2,0,,2674
944,birth,grazer,0,1,0,9,,2675
944,birth,grazer,4,0,33,0,,2676
945,birth,grazer,7,17,59,143,,2677
945,birth,grazer,4,8,38,64,,2678
945,birth,grazer,4,20,33,161,,2679
945,birth,grazer,7,3,58,29,,2680
945,birth,grazer,27,20,217,163,,2681
945,birth,grazer,8,20,64,165,,2682
945,birth,grazer,3,21,29,168,,2683
945,birth,grazer,10,2,82,23,,2684
945,birth,grazer,7,3,59,30,,2685
945,birth,grazer,7,20,62,165,,2686
945,birth,grazer,10,4,84,32,,2687
945,birth,grazer,9,18,76,149,,2688
945,birth,grazer,4,17,32,142,,2689
946,birth,grazer,12,4,97,37,,2690
946,birth,grazer,18,27,151,222,,2691
946,birth,grazer,2,23,22,186,,2692
946,birth,grazer,10,6,86,50,,2693
947,birth,grazer,16,25,135,203,,2694
947,birth,grazer,20,24,160,199,,2695
947,birth,grazer,10,4,85,33,,2696
948,birth,grazer,10,28,81,229,,2697
948,birth,grazer,7,21,58,171,,2698
948,birth,grazer,6,17,51,143,,2699
948,birth,grazer,26,16,213,133,,2700
948,birth,grazer,16,27,129,220,,2701
948,birth,grazer,4,18,39,144,,2702
949,birth,grazer,17,5,143,44,,2703
949,birth,grazer,25,7,200,63,,2704
949,birth,grazer,24,16,196,134,,2705
949,birth,grazer,27,18,220,147,,2706
949,birth,grazer,3,11,26,94,,2707
949,birth,grazer,6,25,53,203,,2708
949,birth,grazer,5,23,46,191,,2709
949,birth,grazer,3,27,27,216,,2710
949,birth,grazer,11,6,91,53,,2711
950,birth,grazer,7,16,63,132,,2712
950,birth,grazer,29,17,232,139,,2713
950,birth,grazer,10,18,84,147,,2714
950,birth,grazer,3,12,25,98,,2715
950,birth,grazer,11,15,89,126,,2716
950,birth,grazer,12,6,97,55,,2717
950,birth,grazer,7,19,62,154,,2718
950,birth,grazer,8,18,66,145,,2719
950,birth,grazer,14,5,117,43,,2720
950,birth,grazer,7,15,62,126,,2721
950,germination,tree,15,4,125,38,,2722
950,germination,tree,23,7,186,62,,2723
950,germination,tree,28,8,229,64,,2724
951,birth,grazer,11,23,88,190,,2725
951,birth,grazer,3,13,25,108,,2726
951,birth,grazer,6,26,48,213,,2727
951,death,grazer,2,7,20,57,crowded,1047
951,birth,grazer,3,18,24,146,,2728
952,birth,grazer,12,9,103,79,,2729
952,birth,grazer,3,9,31,72,,2730
952,birth,grazer,3,7,28,63,,2731
952,birth,grazer,9,5,74,46,,2732
952,birth,grazer,15,24,127,199,,2733
952,death,grazer,31,2,250,19,eaten,1235
953,birth,grazer,16,27,129,217,,2734
953,birth,grazer,29,15,238,125,,2735
953,birth,grazer,19,23,154,190,,2736
953,birth,grazer,11,4,95,38,,2737
953,birth,grazer,7,24,60,195,,2738
953,birth,grazer,18,24,146,199,,2739
953,birth,grazer,30,21,240,168,,2740
953,birth,grazer,25,20,200,160,,2741
953,birth,grazer,14,27,117,216,,2742
953,birth,grazer,30,19,242,152,,2743
953,death,grazer,2,4,19,37,eaten,1297
954,birth,grazer,15,25,120,205,,2744
954,birth,grazer,20,27,160,216,,2745
955,birth,grazer,25,21,204,169,,2746
955,birth,grazer,31,25,251,201,,2747
955,birth,grazer,18,26,144,213,,2748
955,birth,grazer,28,25,231,201,,2749
955,birth,grazer,0,2,0,17,,2750
956,birth,grazer,11,12,92,96,,2751
956,birth,grazer,11,11,92,89,,2752
956,birth,grazer,10,7,80,63,,2753
956,birth,grazer,5,25,44,207,,2754
956,birth,grazer,5,26,45,209,,2755
956,birth,grazer,2,9,20,73,,2756
956,birth,grazer,28,20,225,165,,2757
956,birth,grazer,26,21,212,168,,2758
956,birth,grazer,11,10,95,80,,2759
956,birth,grazer,7,25,59,207,,2760
956,birth,grazer,5,23,47,187,,2761
956,birth,grazer,10,9,84,77,,2762
956,birth,grazer,4,25,33,202,,2763
956,death,grazer,31,2,254,17,eaten,1867
957,birth,grazer,21,19,168,153,,2764
957,birth,grazer,18,23,151,189,,2765
957,birth,grazer,23,15,185,124,,2766
957,birth,grazer,13,7,111,59,,2767
957,birth,grazer,13,27,108,222,,2768
957,birth,grazer,3,12,28,100,,2769
957,birth,grazer,17,24,139,199,,2770
958,birth,grazer,13,11,104,90,,2771
958,birth,grazer,26,3,213,28,,2772
958,birth,grazer,19,23,157,190,,2773
958,birth,grazer,26,4,213,38,,2774
958,birth,grazer,25,4,202,38,,2775
958,birth,grazer,14,10,114,80,,2776
958,birth,grazer,28,2,228,23,,2777
958,birth,grazer,20,26,167,208,,2778
958,birth,grazer,28,3,231,24,,2779
958,birth,grazer,26,4,213,35,,2780
959,birth,grazer,0,17,0,140,,2781
959,birth,grazer,12,0,96,1,,2782
959,birth,grazer,1,27,14,222,,2783
959,birth,grazer,12,0,97,1,,2784
959,birth,grazer,0,1,0,12,,2785
959,birth,grazer,7,4,60,33,,2786
959,birth,grazer,0,20,0,160,,2787
959,birth,grazer,13,0,111,0,,2788
959,birth,grazer,0,20,0,165,,2789
959,birth,grazer,15,0,120,1,,2790
959,birth,grazer,11,10,95,87,,2791
959,birth,grazer,20,25,161,200,,2792
959,birth,grazer,19,18,157,145,,2793
959,birth,grazer,10,2,81,22,,2794
959,birth,grazer,0,18,0,145,,2795
959,birth,grazer,18,17,151,143,,2796
959,birth,grazer,13,0,104,0,,2797
959,birth,grazer,16,5,130,43,,2798
959,birth,grazer,1,28,15,225,,2799
959,birth,grazer,14,0,112,0,,2800
959,birth,grazer,2,12,21,97,,2801
959,birth,grazer,0,19,0,155,,2802
959,birth,grazer,16,0,130,1,,2803
959,birth,grazer,0,19,0,155,,2804
959,birth,grazer,15,0,122,2,,2805
960,birth,grazer,27,16,222,129,,2806
960,ignition,,20,7,,,,
961,birth,grazer,6,17,48,139,,2807
961,birth,grazer,24,20,194,167,,2808
961,birth,grazer,25,19,203,155,,2809
962,birth,grazer,19,19,159,153,,2810
962,birth,grazer,3,11,27,90,,2811
962,birth,grazer,11,12,95,97,,2812
962,birth,grazer,12,10,103,85,,2813
962,birth,grazer,5,4,42,38,,2814
963,birth,grazer,8,7,69,56,,2815
963,birth,grazer,6,21,48,168,,2816
963,birth,grazer,3,26,28,209,,2817
963,birth,grazer,25,18,207,146,,2818
963,death,grazer,23,11,185,93,eaten,665
963,burnout,,20,7,,,,
964,birth,grazer,5,27,41,217,,2819
964,birth,grazer,3,26,30,215,,2820
964,birth,grazer,14,23,115,189,,2821
967,birth,grazer,23,18,189,149,,2822
967,birth,grazer,27,19,220,152,,2823
967,birth,grazer,18,24,151,193,,2824
968,birth,grazer,20,27,160,218,,2825
968,birth,grazer,13,10,106,87,,2826
968,birth,grazer,2,4,19,39,,2827
968,birth,grazer,28,23,228,188,,2828
968,birth,grazer,28,21,229,169,,2829
969,birth,grazer,9,2,79,22,,2830
969,birth,grazer,29,3,232,24,,2831
969,birth,grazer,28,25,230,205,,2832
969,birth,grazer,14,23,112,189,,2833
969,birth,grazer,24,15,199,124,,2834
970,birth,grazer,27,25,223,200,,2835
970,birth,grazer,2,25,21,200,,2836
970,birth,grazer,21,18,169,151,,2837
970,birth,grazer,12,12,101,102,,2838
970,birth,grazer,29,25,233,207,,2839
970,ignition,,4,5,,,,
970,ignition,,12,12,,,,
971,birth,grazer,31,23,251,188,,2840
971,birth,grazer,6,19,53,158,,2841
971,birth,grazer,20,18,166,147,,2842
971,birth,grazer,6,22,53,179,,2843
971,birth,grazer,27,21,221,174,,2844
971,birth,grazer,8,20,66,161,,2845
971,spread,,12,11,,,,396
972,birth,grazer,21,27,171,218,,2846
972,birth,grazer,26,23,210,189,,2847
972,spread,,13,11,,,,364
973,birth,grazer,26,21,212,175,,2848
973,birth,grazer,15,4,120,39,,2849
973,birth,grazer,31,25,252,203,,2850
973,birth,grazer,6,18,54,150,,2851
973,birth,grazer,30,23,241,190,,2852
973,birth,grazer,31,27,250,217,,2853
973,birth,grazer,29,18,233,148,,2854
973,burnout,,4,5,,,,
973,tree_death,tree,4,5,35,45,burnt,15
973,tree_death,tree,4,5,33,43,burnt,615
973,tree_death,tree,4,5,36,43,burnt,1368
973,burnout,,12,12,,,,
974,birth,grazer,31,5,255,47,,2855
974,birth,grazer,4,19,39,159,,2856
974,birth,grazer,14,8,114,70,,2857
974,birth,grazer,27,25,223,200,,2858
974,birth,grazer,28,18,227,150,,2859
974,birth,grazer,30,0,247,0,,2860
974,birth,grazer,11,23,91,191,,2861
974,birth,grazer,25,2,206,20,,2862
974,birth,grazer,10,24,86,194,,2863
974,birth,grazer,30,0,246,0,,2864
974,birth,grazer,7,28,62,224,,2865
974,birth,grazer,9,26,77,209,,2866
974,death,grazer,24,28,198,225,eaten,1661
974,spread,,11,11,,,,364
974,burnout,,12,11,,,,
975,birth,grazer,16,24,133,199,,2867
975,birth,grazer,8,20,71,166,,2868
975,birth,grazer,21,17,170,140,,2869
975,birth,grazer,7,28,63,227,,2870
975,birth,grazer,11,17,89,141,,2871
975,burnout,,13,11,,,,
976,birth,grazer,27,20,216,162,,2872
976,birth,grazer,11,25,91,200,,2873
976,birth,grazer,21,27,175,219,,2874
976,birth,grazer,20,17,160,142,,2875
976,birth,grazer,9,27,74,222,,2876
976,birth,grazer,11,11,94,88,,2877
976,birth,grazer,29,21,232,175,,2878
976,birth,grazer,21,28,175,225,,2879
976,birth,grazer,3,22,24,179,,2880
977,birth,grazer,28,12,226,102,,2881
977,birth,grazer,10,25,85,203,,2882
977,birth,grazer,11,8,95,71,,2883
977,birth,grazer,5,26,46,215,,2884
977,birth,grazer,26,13,213,109,,2885
977,birth,grazer,14,11,114,88,,2886
977,birth,grazer,20,24,167,199,,2887
977,birth,grazer,9,24,75,198,,2888
977,birth,grazer,7,19,61,153,,2889
977,birth,grazer,30,9,244,78,,2890
977,birth,grazer,25,11,207,88,,2891
977,burnout,,11,11,,,,
978,birth,grazer,11,26,88,208,,2892
978,birth,grazer,12,9,103,79,,2893
978,birth,grazer,5,19,41,156,,2894
978,birth,grazer,4,18,36,151,,2895
978,birth,grazer,26,12,209,101,,2896
978,birth,grazer,20,25,160,206,,2897
978,birth,grazer,9,24,74,193,,2898
978,birth,grazer,21,17,168,138,,2899
978,birth,grazer,28,21,227,171,,2900
978,birth,grazer,11,13,95,106,,2901
978,birth,grazer,5,17,40,136,,2902
979,birth,grazer,9,22,74,181,,2903
979,birth,grazer,12,26,100,208,,2904
979,birth,grazer,28,25,230,204,,2905
979,birth,grazer,2,28,22,224,,2906
979,birth,grazer,26,8,210,66,,2907
979,birth,grazer,20,24,163,197,,2908
979,birth,grazer,11,27,88,220,,2909
979,birth,grazer,2,10,23,87,,2910
979,birth,grazer,7,20,60,166,,2911
979,birth,grazer,26,11,215,94,,2912
979,birth,grazer,2,28,23,224,,2913
979,birth,grazer,14,28,114,225,,2914
979,birth,grazer,26,12,209,101,,2915
979,birth,grazer,25,13,205,107,,2916
980,birth,grazer,18,28,151,224,,2917
980,birth,grazer,14,8,113,71,,2918
980,birth,grazer,12,11,102,88,,2919
980,birth,grazer,16,23,135,191,,2920
980,birth,grazer,11,11,93,95,,2921
980,birth,grazer,19,22,154,176,,2922
980,birth,grazer,10,23,81,191,,2923
980,birth,grazer,18,27,150,219,,2924
980,birth,grazer,20,26,162,215,,2925
980,ignition,,25,8,,,,
981,birth,grazer,20,20,164,167,,2926
981,birth,grazer,15,25,123,205,,2927
981,birth,grazer,28,7,229,60,,2928
981,birth,grazer,25,20,202,163,,2929
981,birth,grazer,24,9,194,74,,2930
982,birth,grazer,30,31,244,248,,2931
982,birth,grazer,29,30,232,246,,2932
982,birth,grazer,14,25,114,205,,2933
982,birth,grazer,27,31,222,248,,2934
982,birth,grazer,27,31,220,248,,2935
982,birth,grazer,30,31,242,248,,2936
982,birth,grazer,29,30,235,246,,2937
982,birth,grazer,31,31,250,253,,2938
983,birth,grazer,30,20,246,161,,2939
983,birth,grazer,18,26,145,215,,2940
983,birth,grazer,2,22,21,178,,2941
983,birth,grazer,14,26,113,214,,2942
983,birth,grazer,25,20,201,160,,2943
983,death,grazer,4,24,34,193,eaten,1113
983,death,grazer,2,3,20,29,eaten,176
983,death,grazer,30,0,246,0,eaten,214
983,burnout,,25,8,,,,
984,birth,grazer,7,11,60,90,,2944
984,birth,grazer,24,17,199,143,,2945
984,birth,grazer,3,24,31,198,,2946
984,birth,grazer,0,27,3,221,,2947
984,birth,grazer,2,27,18,219,,2948
985,birth,grazer,24,18,196,144,,2949
986,birth,grazer,1,26,15,209,,2950
986,birth,grazer,2,25,17,203,,2951
986,birth,grazer,3,4,29,32,,2952
987,birth,grazer,19,25,154,205,,2953
987,birth,grazer,28,26,225,209,,2954
987,birth,grazer,3,3,29,28,,2955
987,birth,grazer,25,24,205,197,,2956
987,birth,grazer,27,27,217,219,,2957
987,birth,grazer,14,10,112,80,,2958
987,birth,grazer,19,22,156,178,,2959
987,birth,grazer,27,17,219,141,,2960
987,birth,grazer,23,23,187,191,,2961
987,birth,grazer,24,26,198,213,,2962
987,birth,grazer,28,27,230,218,,2963
988,birth,grazer,28,10,230,81,,2964
988,birth,grazer,24,8,194,71,,2965
988,birth,grazer,4,6,32,48,,2966
988,birth,grazer,31,11,254,88,,2967
988,birth,grazer,1,27,12,220,,2968
988,birth,grazer,31,8,248,70,,2969
988,birth,grazer,27,11,219,90,,2970
988,death,grazer,2,12,20,102,eaten,523
989,birth,grazer,2,4,20,32,,2971
989,birth,grazer,1,28,15,224,,2972
989,birth,grazer,25,17,202,138,,2973
989,birth,grazer,31,17,248,138,,2974
989,birth,grazer,23,18,186,151,,2975
989,birth,grazer,29,31,239,248,,2976
989,birth,grazer,25,13,200,105,,2977
989,birth,grazer,22,15,182,124,,2978
990,birth,grazer,28,24,229,196,,2979
990,birth,grazer,24,20,196,163,,2980
990,birth,grazer,4,16,38,130,,2981
990,birth,grazer,4,8,32,64,,2982
990,birth,grazer,25,15,207,126,,2983
990,ignition,,9,27,,,,
991,birth,grazer,29,17,235,136,,2984
991,birth,grazer,24,27,198,220,,2985
991,birth,grazer,10,16,80,131,,2986
991,birth,grazer,12,3,103,29,,2987
991,birth,grazer,10,8,84,70,,2988
991,birth,grazer,2,14,23,112,,2989
991,birth,grazer,5,16,43,130,,2990
991,birth,grazer,3,22,27,181,,2991
991,birth,grazer,2,27,16,218,,2992
991,birth,grazer,12,8,97,64,,2993
991,birth,grazer,11,7,93,62,,2994
991,birth,grazer,9,2,75,21,,2995
991,birth,grazer,11,4,93,35,,2996
991,birth,grazer,5,21,47,169,,2997
991,birth,grazer,5,13,40,106,,2998
992,birth,grazer,6,16,48,135,,2999
992,birth,grazer,6,2,55,21,,3000
992,death,grazer,2,4,19,34,crowded,1653
992,birth,grazer,11,8,94,65,,3001
993,birth,grazer,13,26,111,208,,3002
993,birth,grazer,5,16,46,131,,3003
993,birth,grazer,0,24,0,196,,3004
993,birth,grazer,11,14,95,112,,3005
993,birth,grazer,9,23,72,191,,3006
993,birth,grazer,17,26,142,209,,3007
993,birth,grazer,12,23,103,191,,3008
993,birth,grazer,23,18,185,149,,3009
993,birth,grazer,26,16,211,129,,3010
993,birth,grazer,0,24,0,195,,3011
993,burnout,,9,27,,,,
994,birth,grazer,12,12,96,102,,3012
994,birth,grazer,1,27,12,222,,3013
994,death,grazer,2,4,20,33,eaten,406
995,birth,grazer,14,10,112,81,,3014
995,birth,grazer,13,8,108,64,,3015
995,birth,grazer,14,24,116,194,,3016
996,birth,grazer,13,22,104,183,,3017
996,birth,grazer,1,26,15,209,,3018
996,birth,grazer,11,21,93,173,,3019
996,birth,grazer,13,12,106,99,,3020
996,birth,grazer,13,22,106,182,,3021
996,birth,grazer,11,24,94,195,,3022
996,birth,grazer,11,12,95,96,,3023
997,birth,grazer,10,25,83,201,,3024
997,birth,grazer,24,15,193,126,,3025
997,birth,grazer,18,17,147,143,,3026
998,birth,grazer,24,25,198,202,,3027
998,birth,grazer,20,31,164,248,,3028
998,birth,grazer,11,9,93,79,,3029
998,birth,grazer,20,31,160,248,,3030
998,birth,grazer,23,27,188,218,,3031
998,birth,grazer,22,30,177,247,,3032
998,birth,grazer,22,31,180,249,,3033
998,birth,grazer,8,16,69,132,,3034
998,birth,grazer,12,23,97,186,,3035
998,birth,grazer,24,31,194,251,,3036
999,birth,grazer,4,21,34,171,,3037
999,birth,grazer,19,24,159,199,,3038
999,birth,grazer,22,27,176,217,,3039
999,birth,grazer,23,11,187,93,,3040
999,birth,grazer,14,9,113,72,,3041
999,birth,grazer,22,30,181,247,,3042
999,birth,grazer,2,24,22,192,,3043
999,birth,grazer,9,16,73,129,,3044
1000,birth,grazer,16,25,135,207,,3045
1000,birth,grazer,22,17,183,143,,3046
1000,birth,grazer,24,27,194,219,,3047
1000,birth,grazer,23,16,189,132,,3048
1000,birth,grazer,30,17,246,139,,3049
1000,death,grazer,2,4,19,35,crowded,1913
1000,germination,tree,27,5,219,47,,3050
1000,germination,tree,30,8,243,64,,3051
1000,germination,tree,30,10,246,80,,3052
1000,germination,tree,30,12,240,96,,3053
1000,germination,tree,28,30,226,246,,3054
1001,birth,grazer,16,24,131,195,,3055
1001,birth,grazer,31,27,253,223,,3056
1001,birth,grazer,10,27,86,223,,3057
1001,birth,grazer,2,21,22,175,,3058
1001,birth,grazer,26,21,209,173,,3059
1001,birth,grazer,13,27,108,218,,3060
1001,birth,grazer,30,25,247,205,,3061
1001,birth,grazer,14,27,116,216,,3062
1001,birth,grazer,24,21,196,172,,3063
1001,birth,grazer,13,28,107,225,,3064
1001,birth,grazer,31,24,253,198,,3065
1002,birth,grazer,9,25,79,207,,3066
1002,birth,grazer,6,15,53,126,,3067
1002,birth,grazer,12,14,97,116,,3068
1002,birth,grazer,12,9,103,79,,3069
1002,birth,grazer,15,24,121,199,,3070
1002,birth,grazer,23,26,191,215,,3071
1002,birth,grazer,3,17,29,143,,3072
1002,birth,grazer,14,26,112,214,,3073
1002,birth,grazer,29,27,239,216,,3074
1003,birth,grazer,25,19,205,152,,3075
1003,birth,grazer,8,22,67,179,,3076
1003,birth,grazer,10,27,80,219,,3077
1003,birth,grazer,8,19,65,157,,3078
1004,birth,grazer,30,15,244,125,,3079
1004,birth,grazer,11,22,91,181,,3080
1004,birth,grazer,5,18,42,149,,3081
1004,birth,grazer,31,15,250,126,,3082
1004,birth,grazer,28,16,227,133,,3083
1004,death,grazer,2,4,19,34,crowded,1917
1005,birth,grazer,29,27,239,216,,3084
1005,birth,grazer,20,19,164,156,,3085
1005,birth,grazer,11,24,93,192,,3086
1005,birth,grazer,10,26,87,210,,3087
1005,birth,grazer,19,20,159,165,,3088
1005,birth,grazer,14,11,115,88,,3089
1005,birth,grazer,22,16,183,128,,3090
1006,birth,grazer,23,19,185,152,,3091
1006,birth,grazer,13,7,109,59,,3092
1006,birth,grazer,28,17,225,136,,3093
1006,birth,grazer,25,20,204,160,,3094
1006,birth,grazer,24,9,197,74,,3095
1007,birth,grazer,19,17,155,140,,3096
1007,birth,grazer,7,9,59,75,,3097
1007,birth,grazer,19,19,159,153,,3098
1007,birth,grazer,12,10,103,80,,3099
1007,birth,grazer,5,13,44,104,,3100
1007,birth,grazer,31,0,248,0,,3101
1007,birth,grazer,22,31,179,251,,3102
1007,birth,grazer,6,11,50,88,,3103
1007,birth,grazer,24,22,199,176,,3104
1007,birth,grazer,16,27,128,218,,3105
1008,birth,grazer,24,16,192,134,,3106
1008,birth,grazer,31,0,248,0,,3107
1008,birth,grazer,27,22,220,180,,3108
1008,birth,grazer,25,17,202,143,,3109
1008,birth,grazer,21,30,175,246,,3110
1008,birth,grazer,13,26,109,209,,3111
1008,birth,grazer,8,3,68,30,,3112
1008,birth,grazer,17,24,140,199,,3113
1008,birth,grazer,21,17,170,139,,3114
1009,birth,grazer,0,28,7,225,,3115
1010,birth,grazer,26,7,209,61,,3116
1010,birth,grazer,19,20,153,167,,3117
1010,birth,grazer,24,14,199,112,,3118
1010,birth,grazer,11,23,94,190,,3119
1010,birth,grazer,29,7,232,56,,3120
1010,birth,grazer,28,12,226,103,,3121
1011,birth,grazer,30,23,240,190,,3122
1011,birth,grazer,22,14,183,116,,3123
1011,birth,grazer,22,13,183,110,,3124
1011,death,grazer,4,2,39,22,eaten,1234
1012,birth,grazer,2,28,16,224,,3125
1012,birth,grazer,13,25,111,207,,3126
1012,birth,grazer,27,12,219,96,,3127
1012,birth,grazer,21,19,168,154,,3128
1012,birth,grazer,11,20,93,160,,3129
1012,birth,grazer,6,17,48,143,,3130
1012,birth,grazer,21,18,168,144,,3131
1012,birth,grazer,24,14,197,113,,3132
1012,birth,grazer,26,12,213,98,,3133
1013,birth,grazer,23,13,184,107,,3134
1013,birth,grazer,7,19,62,157,,3135
1013,birth,grazer,7,23,57,191,,3136
1013,birth,grazer,7,7,63,58,,3137
1013,birth,grazer,25,15,207,127,,3138
1013,birth,grazer,13,21,104,175,,3139
1013,birth,grazer,12,9,103,79,,3140
1013,birth,grazer,9,22,78,176,,3141
1013,birth,grazer,2,12,23,99,,3142
1013,storm,,0,0,,,,1.5086 0.4485 0.0251
1014,birth,grazer,28,16,227,129,,3143
1014,birth,grazer,18,26,151,215,,3144
1014,birth,grazer,25,14,206,112,,3145
1014,birth,grazer,30,13,243,108,,3146
1014,birth,grazer,17,24,143,199,,3147
1014,birth,grazer,5,19,40,154,,3148
1014,birth,grazer,7,24,58,195,,3149
1014,birth,grazer,12,24,103,197,,3150
1015,birth,grazer,5,19,46,158,,3151
1015,birth,grazer,19,19,158,153,,3152
1015,birth,grazer,11,22,94,182,,3153
1015,birth,grazer,15,24,126,199,,3154
1015,birth,grazer,8,21,64,175,,3155
1016,birth,grazer,13,8,108,71,,3156
1016,birth,grazer,3,7,26,57,,3157
1016,birth,grazer,7,17,61,136,,3158
1016,birth,grazer,4,11,37,95,,3159
1016,birth,grazer,2,5,19,40,,3160
1016,birth,grazer,11,10,92,85,,3161
1016,birth,grazer,15,25,122,206,,3162
1016,birth,grazer,20,20,165,166,,3163
1016,birth,grazer,15,27,125,216,,3164
1016,birth,grazer,5,5,47,45,,3165
1016,birth,grazer,2,10,20,87,,3166
1017,birth,grazer,22,6,179,55,,3167
1017,birth,grazer,27,21,218,170,,3168
1017,birth,grazer,18,6,148,51,,3169
1017,birth,grazer,24,19,198,157,,3170
1017,birth,grazer,7,5,59,44,,3171
1017,birth,grazer,16,24,134,199,,3172
1017,birth,grazer,3,4,28,37,,3173
1017,birth,grazer,18,2,145,23,,3174
1018,birth,grazer,3,26,30,210,,3175
1018,birth,grazer,5,9,41,79,,3176
1018,birth,grazer,22,16,182,129,,3177
1018,birth,grazer,9,5,74,46,,3178
1018,birth,grazer,31,13,248,109,,3179
1018,birth,grazer,2,18,23,146,,3180
1018,birth,grazer,14,9,114,74,,3181
1018,birth,grazer,4,10,34,80,,3182
1018,birth,grazer,2,3,19,30,,3183
1018,birth,grazer,5,22,44,179,,3184
1019,birth,grazer,1,25,15,203,,3185
1019,birth,grazer,25,6,206,49,,3186
1019,birth,grazer,29,9,239,78,,3187
1019,birth,grazer,23,4,186,39,,3188
1019,birth,grazer,8,23,68,191,,3189
1019,birth,grazer,25,2,201,21,,3190
1019,birth,grazer,26,15,209,126,,3191
1019,birth,grazer,4,4,39,33,,3192
1019,birth,grazer,28,3,231,25,,3193
1019,birth,grazer,26,2,209,21,,3194
1020,birth,grazer,5,6,47,55,,3195
1020,birth,grazer,29,22,235,177,,3196
1020,birth,grazer,31,12,252,98,,3197
1020,birth,grazer,30,20,245,161,,3198
1020,birth,grazer,4,9,39,74,,3199
1020,birth,grazer,28,18,225,151,,3200
1020,birth,grazer,23,17,190,137,,3201
1020,birth,grazer,16,25,134,202,,3202
1020,birth,grazer,18,3,147,29,,3203
1020,birth,grazer,8,12,64,97,,3204
1020,birth,grazer,23,13,184,106,,3205
1020,birth,grazer,26,5,208,40,,3206
1020,birth,grazer,5,7,47,61,,3207
1020,birth,grazer,29,24,234,199,,3208
1020,death,grazer,3,2,31,21,eaten,149
1020,ignition,,3,9,,,,
1021,birth,grazer,27,4,217,36,,3209
1021,birth,grazer,18,5,151,47,,3210
1021,birth,grazer,28,24,227,196,,3211
1021,birth,grazer,29,25,233,203,,3212
1021,birth,grazer,24,16,192,135,,3213
1021,birth,grazer,29,13,239,111,,3214
1021,birth,grazer,30,12,240,101,,3215
1021,birth,grazer,24,6,196,52,,3216
1021,birth,grazer,24,5,197,45,,3217
1021,birth,grazer,28,4,227,32,,3218
1021,spread,,2,9,,,,291
1022,birth,grazer,4,10,36,81,,3219
1022,birth,grazer,19,5,152,44,,3220
1022,birth,grazer,21,22,173,179,,3221
1022,birth,grazer,9,3,76,24,,3222
1022,birth,grazer,5,4,41,39,,3223
1022,birth,grazer,28,15,227,120,,3224
1022,birth,grazer,8,6,67,49,,3225
1022,birth,grazer,22,19,179,154,,3226
1022,birth,grazer,5,8,44,69,,3227
1022,birth,grazer,20,25,162,200,,3228
1022,birth,grazer,6,4,55,38,,3229
1022,birth,grazer,6,3,50,30,,3230
1022,birth,grazer,30,14,240,112,,3231
1022,birth,grazer,23,22,186,182,,3232
1022,death,grazer,2,2,21,22,eaten,643
1023,birth,grazer,10,10,87,85,,3233
1023,birth,grazer,19,9,159,77,,3234
1023,birth,grazer,24,3,193,31,,3235
1023,birth,grazer,27,3,220,28,,3236
1023,birth,grazer,14,10,112,82,,3237
1023,birth,grazer,4,5,39,41,,3238
1023,birth,grazer,18,6,150,53,,3239
1023,birth,grazer,22,4,178,34,,3240
1023,birth,grazer,30,12,242,97,,3241
1023,birth,grazer,25,4,200,37,,3242
1023,birth,grazer,21,20,174,166,,3243
1023,birth,grazer,6,3,54,30,,3244
1023,birth,grazer,21,19,174,156,,3245
1023,birth,grazer,19,10,157,84,,3246
1023,birth,grazer,20,10,164,83,,3247
1023,burnout,,3,9,,,,
1024,birth,grazer,22,20,176,160,,3248
1024,birth,grazer,27,17,222,137,,3249
1024,birth,grazer,18,22,151,176,,3250
1024,birth,grazer,2,27,16,216,,3251
1024,birth,grazer,12,9,103,79,,3252
1024,birth,grazer,21,21,168,171,,3253
1024,burnout,,2,9,,,,
1025,birth,grazer,3,23,27,185,,3254
1025,birth,grazer,18,21,151,174,,3255
1025,birth,grazer,6,26,48,208,,3256
1025,birth,grazer,26,21,215,171,,3257
1026,birth,grazer,2,2,19,23,,3258
1026,birth,grazer,21,19,168,152,,3259
1026,birth,grazer,6,11,48,91,,3260
1026,birth,grazer,20,17,167,143,,3261
1026,birth,grazer,18,22,148,183,,3262
1027,birth,grazer,3,10,29,87,,3263
1027,birth,grazer,6,5,48,40,,3264
1028,birth,grazer,19,25,155,207,,3265
1028,birth,grazer,26,17,210,136,,3266
1028,birth,grazer,3,6,28,50,,3267
1029,birth,grazer,2,2,19,23,,3268
1029,birth,grazer,5,5,44,47,,3269
1029,birth,grazer,21,22,168,179,,3270
1029,birth,grazer,19,10,155,85,,3271
1029,birth,grazer,2,22,23,183,,3272
1029,birth,grazer,30,24,240,198,,3273
1029,birth,grazer,2,10,21,82,,3274
1030,birth,grazer,27,3,221,30,,3275
1030,birth,grazer,2,24,21,199,,3276
1030,birth,grazer,29,12,238,99,,3277
1030,birth,grazer,17,4,143,36,,3278
1030,death,grazer,22,15,182,121,eaten,346
1031,birth,grazer,7,31,59,252,,3279
1031,birth,grazer,23,20,191,160,,3280
1031,birth,grazer,8,31,65,252,,3281
1031,birth,grazer,5,12,40,96,,3282
1031,birth,grazer,6,31,52,252,,3283
1031,birth,grazer,7,31,63,250,,3284
1032,birth,grazer,18,17,151,141,,3285
1032,birth,grazer,8,31,68,252,,3286
1033,birth,grazer,29,14,232,118,,3287
1033,birth,grazer,28,2,227,23,,3288
1033,birth,grazer,30,11,241,91,,3289
1033,birth,grazer,24,6,197,49,,3290
1033,birth,grazer,19,5,156,44,,3291
1033,birth,grazer,29,11,236,93,,3292
1033,birth,grazer,30,8,247,66,,3293
1033,birth,grazer,18,4,148,32,,3294
1033,storm,,0,0,,,,5.0241 1.6646 0.7151
1034,birth,grazer,21,7,171,56,,3295
1034,birth,grazer,19,4,159,34,,3296
1034,birth,grazer,20,6,167,54,,3297
1034,birth,grazer,19,6,156,50,,3298
1034,birth,grazer,3,5,24,40,,3299
1034,birth,grazer,28,16,225,134,,3300
1034,birth,grazer,20,4,161,34,,3301
1034,birth,grazer,20,5,160,43,,3302
1034,birth,grazer,22,6,180,50,,3303
1034,birth,grazer,23,4,186,36,,3304
1035,birth,grazer,24,5,196,46,,3305
1035,birth,grazer,18,24,144,199,,3306
1035,birth,grazer,24,3,195,25,,3307
1036,birth,grazer,2,26,17,208,,3308
1036,birth,grazer,4,10,35,86,,3309
1036,birth,grazer,21,4,175,39,,3310
1036,birth,grazer,21,5,175,45,,3311
1037,birth,grazer,25,11,204,95,,3312
1037,birth,grazer,4,11,36,95,,3313
1037,birth,grazer,30,0,247,0,,3314
1037,birth,grazer,21,5,172,47,,3315
1037,birth,grazer,21,17,168,140,,3316
1038,birth,grazer,22,9,179,75,,3317
1038,birth,grazer,19,22,152,176,,3318
1038,birth,grazer,21,9,170,72,,3319
1038,birth,grazer,15,26,120,209,,3320
1038,birth,grazer,19,17,154,141,,3321
1038,birth,grazer,23,14,191,118,,3322
1038,birth,grazer,21,8,170,64,,3323
1038,birth,grazer,25,6,207,54,,3324
1038,birth,grazer,22,11,179,95,,3325
1039,birth,grazer,20,4,161,34,,3326
1039,birth,grazer,31,14,248,115,,3327
1039,birth,grazer,26,14,210,114,,3328
1039,birth,grazer,25,4,207,35,,3329
1039,birth,grazer,29,10,233,81,,3330
1039,birth,grazer,22,5,183,43,,3331
1040,birth,grazer,26,13,210,105,,3332
1040,birth,grazer,18,4,144,36,,3333
1040,birth,grazer,2,3,19,29,,3334
1040,birth,grazer,4,5,39,41,,3335
1040,birth,grazer,18,5,150,46,,3336
1040,birth,grazer,22,8,181,66,,3337
1040,birth,grazer,17,22,143,176,,3338
1041,birth,grazer,16,7,132,56,,3339
1041,birth,grazer,12,12,96,98,,3340
1041,birth,grazer,19,26,153,210,,3341
1041,birth,grazer,15,4,123,36,,3342
1041,birth,grazer,22,4,177,33,,3343
1041,birth,grazer,13,4,104,33,,3344
1041,birth,grazer,15,3,120,25,,3345
1042,birth,grazer,14,4,119,37,,3346
1042,birth,grazer,22,15,183,127,,3347
1042,birth,grazer,23,6,185,48,,3348
1042,birth,grazer,6,24,50,193,,3349
1042,birth,grazer,21,8,174,65,,3350
1043,birth,grazer,23,5,190,42,,3351
1043,birth,grazer,12,8,103,64,,3352
1043,birth,grazer,2,20,23,161,,3353
1043,birth,grazer,22,23,180,185,,3354
1043,birth,grazer,14,5,117,40,,3355
1043,birth,grazer,22,20,180,167,,3356
1043,birth,grazer,22,20,178,163,,3357
1044,birth,grazer,13,3,111,28,,3358
1044,birth,grazer,29,20,236,166,,3359
1044,birth,grazer,22,17,183,142,,3360
1044,birth,grazer,4,21,32,168,,3361
1044,birth,grazer,27,24,216,192,,3362
1045,birth,grazer,14,9,112,73,,3363
1045,birth,grazer,3,4,26,32,,3364
1045,birth,grazer,29,13,239,107,,3365
1045,birth,grazer,15,5,126,46,,3366
1046,birth,grazer,16,27,129,216,,3367
1046,birth,grazer,0,21,0,170,,3368
1046,birth,grazer,23,21,188,175,,3369
1046,birth,grazer,0,26,0,212,,3370
1046,birth,grazer,7,31,57,255,,3371
1046,birth,grazer,26,12,213,96,,3372
1046,birth,grazer,0,18,0,144,,3373
1046,birth,grazer,26,23,213,188,,3374
1046,birth,grazer,31,17,251,142,,3375
1046,birth,grazer,0,17,0,136,,3376
1046,birth,grazer,0,27,1,222,,3377
1047,birth,grazer,13,26,106,208,,3378
1047,birth,grazer,30,17,240,140,,3379
1047,birth,grazer,26,19,208,158,,3380
1047,birth,grazer,7,7,62,60,,3381
1047,birth,grazer,0,29,0,232,,3382
1047,birth,grazer,10,7,81,58,,3383
1047,birth,grazer,19,5,156,42,,3384
1047,birth,grazer,2,12,20,97,,3385
1047,birth,grazer,24,17,199,143,,3386
1047,birth,grazer,22,21,176,169,,3387
1047,birth,grazer,30,23,244,188,,3388
1047,birth,grazer,28,5,226,45,,3389
1047,birth,grazer,9,8,72,68,,3390
1048,birth,grazer,20,22,161,181,,3391
1048,birth,grazer,9,4,77,38,,3392
1048,birth,grazer,13,8,108,71,,3393
1048,birth,grazer,6,6,48,48,,3394
1049,birth,grazer,24,2,194,20,,3395
1049,birth,grazer,21,18,169,146,,3396
1049,birth,grazer,23,6,184,48,,3397
1050,birth,grazer,5,9,41,76,,3398
1050,birth,grazer,21,22,168,182,,3399
1050,birth,grazer,9,6,72,55,,3400
1050,birth,grazer,11,2,95,21,,3401
1050,birth,grazer,22,14,182,112,,3402
1050,birth,grazer,7,14,60,116,,3403
1050,birth,grazer,20,22,163,178,,3404
1050,germination,tree,28,26,228,212,,3405
1050,germination,tree,21,5,171,41,,3406
1050,tree_death,tree,21,9,172,73,crowded,442
1050,tree_death,tree,28,2,225,20,drought,942
1051,birth,grazer,23,8,184,69,,3407
1051,birth,grazer,26,15,214,127,,3408
1051,birth,grazer,22,8,179,65,,3409
1051,birth,grazer,24,13,192,104,,3410
1051,birth,grazer,12,3,97,27,,3411
1051,birth,grazer,25,23,200,184,,3412
1052,birth,grazer,30,25,244,201,,3413
1052,birth,grazer,25,23,200,184,,3414
1052,birth,grazer,25,21,201,174,,3415
1052,birth,grazer,0,18,0,145,,3416
1053,birth,grazer,21,19,168,152,,3417
1053,birth,grazer,29,18,237,149,,3418
1053,birth,grazer,2,4,22,37,,3419
1053,birth,grazer,23,21,184,168,,3420
1053,birth,grazer,2,17,21,142,,3421
1054,birth,grazer,19,6,152,49,,3422
1054,birth,grazer,22,19,181,153,,3423
1054,birth,grazer,3,15,30,126,,3424
1054,birth,grazer,21,20,171,167,,3425
1055,birth,grazer,23,10,187,87,,3426
1055,birth,grazer,28,15,225,127,,3427
1056,birth,grazer,9,9,79,73,,3428
1056,birth,grazer,3,10,29,83,,3429
1056,birth,grazer,8,10,67,82,,3430
1056,birth,grazer,10,8,84,66,,3431
1056,birth,grazer,9,13,72,106,,3432
1057,birth,grazer,2,16,23,134,,3433
1057,birth,grazer,23,2,190,20,,3434
1057,birth,grazer,6,5,53,41,,3435
1058,birth,grazer,20,4,166,38,,3436
1058,birth,grazer,21,2,168,18,,3437
1058,birth,grazer,20,20,162,163,,3438
1058,birth,grazer,18,2,150,16,,3439
1058,birth,grazer,3,4,25,38,,3440
1058,birth,grazer,23,22,191,177,,3441
1058,birth,grazer,20,1,165,15,,3442
1058,birth,grazer,23,2,189,21,,3443
1058,birth,grazer,21,21,174,172,,3444
1058,birth,grazer,20,1,164,15,,3445
1058,birth,grazer,23,11,187,92,,3446
1058,birth,grazer,21,4,170,36,,3447
1058,birth,grazer,18,6,150,50,,3448
1058,birth,grazer,19,2,153,17,,3449
1058,birth,grazer,24,5,194,43,,3450
1058,birth,grazer,23,20,184,161,,3451
1058,birth,grazer,20,2,165,16,,3452
1060,birth,grazer,20,17,163,142,,3453
1060,birth,grazer,2,8,20,67,,3454
1060,birth,grazer,19,4,159,39,,3455
1061,birth,grazer,19,21,153,171,,3456
1061,birth,grazer,19,6,157,53,,3457
1061,birth,grazer,5,5,42,42,,3458
1061,birth,grazer,21,5,175,40,,3459
1061,birth,grazer,7,21,60,175,,3460
1061,birth,grazer,4,19,37,152,,3461
1062,birth,grazer,25,6,203,48,,3462
1062,birth,grazer,4,15,38,126,,3463
1062,birth,hunter,3,24,30,193,,3464
1063,birth,grazer,23,27,187,221,,3465
1063,birth,grazer,3,16,30,129,,3466
1063,birth,grazer,23,24,191,194,,3467
1063,birth,grazer,22,20,183,167,,3468
1063,birth,grazer,28,26,225,214,,3469
1063,birth,grazer,24,24,198,196,,3470
1063,birth,grazer,28,28,224,225,,3471
1064,birth,grazer,18,3,145,24,,3472
1064,birth,grazer,5,31,40,249,,3473
1064,birth,grazer,21,2,168,17,,3474
1064,birth,grazer,6,20,54,164,,3475
1065,birth,grazer,6,8,53,64,,3476
1065,birth,grazer,6,9,54,79,,3477
1065,birth,grazer,5,3,43,24,,3478
1065,birth,grazer,6,23,54,188,,3479
1065,birth,grazer,2,16,23,135,,3480
1065,birth,grazer,23,24,191,195,,3481
1065,birth,grazer,2,7,20,56,,3482
1066,birth,grazer,2,11,20,92,,3483
1067,birth,grazer,3,15,27,127,,3484
1067,birth,grazer,22,19,176,153,,3485
1067,birth,grazer,7,15,57,126,,3486
1067,birth,grazer,4,16,33,131,,3487
1067,birth,grazer,4,24,36,199,,3488
1067,birth,grazer,5,13,40,109,,3489
1067,birth,grazer,9,17,77,141,,3490
1067,birth,grazer,3,23,27,184,,3491
1068,birth,grazer,22,27,181,218,,3492
1068,birth,grazer,26,25,210,203,,3493
1068,birth,grazer,27,26,220,209,,3494
1068,birth,grazer,27,17,219,143,,3495
1068,birth,grazer,6,19,49,159,,3496
1068,birth,grazer,23,28,184,224,,3497
1068,birth,grazer,23,25,191,202,,3498
1068,birth,grazer,24,26,194,212,,3499
1068,birth,grazer,28,27,224,220,,3500
1069,birth,grazer,12,30,100,244,,3501
1069,birth,grazer,20,28,161,228,,3502
1069,birth,grazer,4,19,39,159,,3503
1069,birth,grazer,8,12,67,98,,3504
1069,birth,grazer,13,30,108,245,,3505
1069,birth,grazer,15,28,120,229,,3506
1069,birth,grazer,10,30,86,244,,3507
1069,birth,grazer,13,30,105,242,,3508
1069,birth,grazer,20,28,165,228,,3509
1069,birth,grazer,6,11,51,95,,3510
1069,birth,grazer,2,10,23,87,,3511
1069,birth,grazer,12,30,98,243,,3512
1069,birth,grazer,15,28,123,229,,3513
1069,birth,grazer,21,28,175,230,,3514
1069,birth,grazer,14,30,114,244,,3515
1070,birth,grazer,22,26,183,215,,3516
1070,birth,grazer,4,6,37,52,,3517
1070,birth,grazer,22,20,183,165,,3518
1070,birth,grazer,18,28,149,229,,3519
1070,ignition,,27,23,,,,
1071,birth,grazer,6,17,51,141,,3520
1071,birth,grazer,5,17,44,139,,3521
1071,birth,grazer,22,21,179,171,,3522
1071,birth,grazer,8,5,64,47,,3523
1071,birth,grazer,22,14,183,112,,3524
1071,storm,,0,0,,,,33.6390 15.3762 10.4332
1072,birth,grazer,25,5,207,40,,3525
1072,birth,grazer,5,22,47,182,,3526
1072,birth,grazer,6,8,54,68,,3527
1073,birth,grazer,5,7,45,63,,3528
1073,birth,grazer,20,19,161,153,,3529
1073,birth,grazer,4,11,35,88,,3530
1073,birth,grazer,19,28,159,231,,3531
1073,birth,grazer,10,4,85,38,,3532
1073,birth,grazer,24,10,199,85,,3533
1073,birth,grazer,8,3,70,28,,3534
1073,birth,grazer,11,6,91,52,,3535
1073,birth,grazer,8,8,65,66,,3536
1073,death,grazer,18,5,147,44,eaten,172
1073,spread,,27,22,,,,763
1073,burnout,,27,23,,,,
1074,birth,grazer,30,4,243,38,,3537
1074,birth,grazer,0,28,0,224,,3538
1074,birth,grazer,3,12,24,96,,3539
1074,birth,grazer,28,5,225,43,,3540
1075,birth,grazer,10,6,87,49,,3541
1075,birth,grazer,7,8,63,66,,3542
1075,birth,grazer,4,4,33,35,,3543
1075,birth,grazer,27,13,217,104,,3544
1075,birth,grazer,27,7,219,61,,3545
1075,birth,grazer,9,6,79,49,,3546
1076,birth,grazer,23,4,190,39,,3547
1076,birth,grazer,30,0,246,0,,3548
1076,birth,grazer,7,16,58,132,,3549
1076,birth,grazer,19,28,154,228,,3550
1076,birth,grazer,4,5,33,47,,3551
1076,spread,,28,22,,,,731
1076,burnout,,27,22,,,,
1076,tree_death,tree,27,22,221,183,burnt,48
1076,tree_death,tree,27,22,222,179,burnt,503
1076,tree_death,tree,27,22,219,181,burnt,699
1077,spread,,28,23,,,,732
1077,spread,,28,21,,,,732
1078,birth,grazer,26,11,209,94,,3552
1079,birth,grazer,4,14,34,119,,3553
1079,birth,grazer,3,6,26,49,,3554
1079,birth,grazer,21,2,171,18,,3555
1079,birth,grazer,28,14,228,112,,3556
1079,burnout,,28,22,,,,
1079,tree_death,tree,28,22,227,176,burnt,45
1080,birth,grazer,7,23,58,184,,3557
1080,birth,grazer,2,21,22,175,,3558
1080,birth,grazer,5,28,46,224,,3559
1080,birth,grazer,3,28,27,226,,3560
1080,birth,grazer,29,11,232,94,,3561
1080,birth,grazer,6,27,48,219,,3562
1080,spread,,29,21,,,,700
1080,burnout,,28,21,,,,
1080,burnout,,28,23,,,,
1080,tree_death,tree,28,23,229,185,burnt,841
1080,tree_death,tree,28,23,224,186,burnt,1528
1081,birth,grazer,4,7,32,59,,3563
1081,birth,grazer,4,25,37,203,,3564
1081,birth,grazer,4,25,35,200,,3565
1081,birth,grazer,6,9,52,73,,3566
1081,death,grazer,18,7,147,62,eaten,675
1081,spread,,29,20,,,,701
1082,birth,grazer,29,25,236,205,,3567
1082,birth,grazer,8,16,64,128,,3568
1082,birth,grazer,16,25,130,207,,3569
1082,birth,grazer,23,11,187,94,,3570
1082,birth,grazer,8,14,64,112,,3571
1082,birth,grazer,27,23,223,189,,3572
1082,birth,grazer,2,17,20,138,,3573
1082,birth,grazer,3,24,31,198,,3574
1082,birth,grazer,30,23,240,186,,3575
1082,birth,grazer,9,17,73,138,,3576
1082,birth,grazer,7,12,63,103,,3577
1082,birth,grazer,6,25,49,205,,3578
1082,death,grazer,31,2,249,23,eaten,91
1083,birth,grazer,2,21,22,168,,3579
1083,birth,grazer,31,26,249,214,,3580
1083,birth,grazer,3,4,31,39,,3581
1083,birth,grazer,5,14,44,119,,3582
1083,birth,grazer,26,23,208,185,,3583
1083,spread,,28,20,,,,669
1083,burnout,,29,21,,,,
1083,tree_death,tree,29,21,235,169,burnt,444
1084,birth,grazer,22,10,182,81,,3584
1084,birth,grazer,3,4,24,32,,3585
1084,birth,grazer,2,23,22,188,,3586
1084,birth,grazer,23,8,188,69,,3587
1084,birth,grazer,13,30,104,244,,3588
1084,birth,grazer,2,24,23,198,,3589
1084,birth,grazer,22,12,180,99,,3590
1084,birth,grazer,19,7,159,62,,3591
1084,birth,grazer,21,8,171,64,,3592
1084,burnout,,29,20,,,,
1085,birth,grazer,21,9,175,74,,3593
1085,birth,grazer,23,13,184,105,,3594
1085,birth,grazer,4,15,35,120,,3595
1086,birth,grazer,29,14,239,112,,3596
1086,birth,grazer,3,15,27,121,,3597
1086,birth,grazer,28,19,231,157,,3598
1086,burnout,,28,20,,,,
1086,tree_death,tree,28,20,231,161,burnt,1527
1087,birth,grazer,7,4,57,35,,3599
1087,birth,grazer,2,4,19,34,,3600
1087,birth,grazer,21,26,170,209,,3601
1087,birth,grazer,12,30,102,244,,3602
1087,birth,grazer,30,4,242,37,,3603
1087,birth,grazer,6,23,49,186,,3604
1087,birth,grazer,22,9,181,72,,3605
1087,birth,grazer,5,25,42,200,,3606
1087,birth,grazer,21,25,168,200,,3607
1087,birth,grazer,18,24,151,192,,3608
1088,birth,grazer,6,24,48,193,,3609
1088,birth,grazer,30,29,240,232,,3610
1088,birth,grazer,2,17,21,141,,3611
1088,birth,grazer,9,21,77,169,,3612
1088,birth,grazer,28,17,224,136,,3613
1088,birth,grazer,10,27,83,220,,3614
1088,birth,grazer,28,28,225,231,,3615
1088,birth,grazer,20,26,165,214,,3616
1088,birth,grazer,22,8,179,66,,3617
1088,birth,grazer,28,28,226,230,,3618
1088,birth,grazer,26,28,212,229,,3619
1088,birth,grazer,7,2,57,21,,3620
1088,birth,grazer,25,15,201,125,,3621
1088,birth,grazer,22,16,182,132,,3622
1088,birth,grazer,11,23,94,189,,3623
1088,birth,grazer,30,28,241,228,,3624
1088,birth,grazer,9,24,79,196,,3625
1088,birth,grazer,7,25,56,201,,3626
1088,birth,grazer,30,28,243,230,,3627
1088,birth,grazer,10,20,81,161,,3628
1088,birth,grazer,29,28,237,229,,3629
1089,birth,grazer,5,8,46,64,,3630
1089,birth,grazer,6,26,51,213,,3631
1089,birth,grazer,12,2,100,16,,3632
1089,birth,grazer,23,2,188,21,,3633
1089,birth,grazer,25,4,207,39,,3634
1089,birth,grazer,11,2,93,17,,3635
1089,birth,grazer,2,13,20,109,,3636
1089,birth,grazer,28,23,231,191,,3637
1089,birth,grazer,29,28,232,227,,3638
1089,birth,grazer,12,1,97,14,,3639
1089,birth,grazer,24,6,194,49,,3640
1089,birth,grazer,21,6,169,48,,3641
1089,birth,grazer,11,1,94,15,,3642
1090,birth,grazer,25,14,200,112,,3643
1090,birth,grazer,6,9,54,79,,3644
1090,birth,grazer,8,22,64,176,,3645
1090,birth,grazer,25,19,204,157,,3646
1090,birth,grazer,7,17,57,139,,3647
1090,birth,grazer,1,19,15,155,,3648
1090,birth,grazer,5,18,46,148,,3649
1090,birth,grazer,26,18,211,147,,3650
1090,birth,grazer,1,28,9,226,,3651
1090,birth,grazer,2,28,17,224,,3652
1090,ignition,,5,30,,,,
1091,birth,grazer,18,23,151,188,,3653
1091,birth,grazer,3,13,25,111,,3654
1091,birth,grazer,5,5,41,42,,3655
1091,birth,grazer,22,24,180,199,,3656
1091,birth,grazer,24,25,192,203,,3657
1091,birth,grazer,6,4,48,39,,3658
1091,birth,grazer,9,10,73,84,,3659
1091,birth,grazer,5,19,41,157,,3660
1091,birth,grazer,2,22,17,178,,3661
1091,birth,grazer,21,23,170,189,,3662
1091,birth,grazer,21,23,175,189,,3663
1092,birth,grazer,30,14,244,114,,3664
1092,birth,grazer,7,9,61,74,,3665
1092,birth,grazer,17,24,136,197,,3666
1092,birth,grazer,10,12,80,96,,3667
1092,birth,grazer,16,23,130,190,,3668
1093,birth,grazer,5,12,46,97,,3669
1093,birth,grazer,3,14,27,112,,3670
1093,birth,grazer,11,25,94,206,,3671
1093,birth,grazer,7,7,61,60,,3672
1093,burnout,,5,30,,,,
1094,birth,grazer,15,28,124,225,,3673
1094,death,grazer,30,0,246,0,crowded,1350
1094,birth,grazer,8,31,65,252,,3674
1094,birth,grazer,2,25,22,204,,3675
1094,birth,grazer,14,23,112,190,,3676
1095,birth,grazer,4,10,38,84,,3677
1095,birth,grazer,2,7,19,56,,3678
1095,birth,grazer,19,26,154,210,,3679
1095,birth,grazer,6,5,50,40,,3680
1096,birth,grazer,13,27,111,216,,3681
1096,birth,grazer,5,24,41,198,,3682
1096,birth,grazer,18,2,144,23,,3683
1096,birth,grazer,18,28,148,224,,3684
1096,birth,grazer,3,9,29,79,,3685
1096,birth,grazer,4,16,38,133,,3686
1097,birth,grazer,4,17,32,137,,3687
1097,birth,grazer,8,5,68,46,,3688
1097,birth,grazer,5,6,41,50,,3689
1097,birth,grazer,3,11,25,90,,3690
1097,birth,grazer,8,4,65,34,,3691
1097,birth,grazer,20,7,164,57,,3692
1097,birth,grazer,19,23,157,191,,3693
1097,birth,grazer,2,27,16,218,,3694
1097,birth,grazer,18,27,149,220,,3695
1097,birth,grazer,9,3,75,28,,3696
1098,birth,grazer,4,3,32,26,,3697
1098,birth,grazer,27,10,217,87,,3698
1098,birth,grazer,7,4,60,39,,3699
1098,birth,grazer,10,25,87,206,,3700
1098,birth,grazer,23,26,184,215,,3701
1098,birth,grazer,28,9,225,77,,3702
1098,birth,grazer,26,9,215,79,,3703
1099,birth,grazer,27,7,216,60,,3704
1099,birth,grazer,31,14,250,117,,3705
1099,birth,grazer,4,5,39,43,,3706
1099,birth,grazer,26,7,211,59,,3707
1099,birth,grazer,28,11,229,95,,3708
1099,birth,grazer,30,11,243,94,,3709
1100,birth,grazer,31,14,250,116,,3710
1100,birth,grazer,5,11,40,93,,3711
1100,birth,grazer,29,13,236,107,,3712
1100,birth,grazer,27,8,217,69,,3713
1100,germination,tree,2,3,19,27,,3714
1100,germination,tree,19,6,156,52,,3715
1100,germination,tree,27,17,222,140,,3716
1100,germination,tree,27,27,218,222,,3717
1100,germination,tree,18,28,149,226,,3718
1100,germination,tree,13,28,108,224,,3719
1100,germination,tree,13,6,109,51,,3720
1100,germination,tree,12,23,103,184,,3721
1100,germination,tree,29,26,235,209,,3722
1100,germination,tree,25,27,203,223,,3723
1100,ignition,,20,28,,,,
1101,birth,grazer,29,7,237,62,,3724
1101,birth,grazer,6,3,55,31,,3725
1101,birth,grazer,24,2,195,21,,3726
1101,birth,grazer,17,3,143,25,,3727
1101,birth,grazer,18,23,151,187,,3728
1101,birth,grazer,28,11,227,93,,3729
1102,birth,grazer,28,10,227,83,,3730
1102,birth,grazer,21,7,174,57,,3731
1102,birth,grazer,30,26,247,214,,3732
1102,birth,grazer,19,25,152,204,,3733
1102,birth,grazer,23,18,188,149,,3734
1103,birth,grazer,18,25,147,207,,3735
1103,burnout,,20,28,,,,
1104,birth,grazer,25,17,204,136,,3736
1104,birth,grazer,1,27,10,220,,3737
1104,birth,grazer,29,3,235,31,,3738
1104,birth,grazer,9,5,78,45,,3739
1104,death,grazer,21,17,173,137,eaten,1037
1105,birth,grazer,31,0,248,0,,3740
1105,birth,grazer,30,3,246,27,,3741
1105,birth,grazer,20,25,162,201,,3742
1105,birth,grazer,19,9,152,79,,3743
1105,birth,grazer,31,5,250,47,,3744
1105,birth,grazer,19,11,157,92,,3745
1106,birth,grazer,23,5,187,40,,3746
1106,birth,grazer,28,19,230,158,,3747
1106,birth,grazer,20,25,166,201,,3748
1106,birth,grazer,20,10,167,87,,3749
1106,birth,grazer,26,24,215,193,,3750
1107,birth,grazer,21,5,174,40,,3751
1108,birth,grazer,23,11,187,88,,3752
1108,birth,grazer,29,12,233,99,,3753
1109,death,grazer,30,0,247,0,crowded,884
1109,birth,grazer,31,15,249,120,,3754
1110,birth,grazer,21,25,169,207,,3755
1110,birth,grazer,19,17,153,140,,3756
1110,birth,grazer,15,3,126,25,,3757
1110,birth,grazer,2,7,20,57,,3758
1110,birth,grazer,13,24,111,198,,3759
1110,birth,grazer,11,25,88,200,,3760
1110,birth,grazer,16,5,132,44,,3761
1110,birth,grazer,13,6,109,53,,3762
1110,birth,grazer,14,6,116,53,,3763
1111,birth,grazer,13,3,111,27,,3764
1111,birth,grazer,2,23,17,188,,3765
1111,birth,grazer,22,15,182,124,,3766
1111,birth,grazer,2,2,21,22,,3767
1111,birth,grazer,29,14,234,116,,3768
1111,birth,grazer,2,16,21,135,,3769
1112,birth,grazer,28,26,231,208,,3770
1112,birth,grazer,24,17,195,139,,3771
1112,birth,grazer,25,2,206,21,,3772
1112,birth,grazer,10,19,80,159,,3773
1113,birth,grazer,31,0,248,0,,3774
1113,birth,grazer,9,26,79,210,,3775
1113,birth,grazer,2,10,21,86,,3776
1114,birth,grazer,9,20,75,167,,3777
1114,birth,grazer,11,17,94,141,,3778
1114,birth,grazer,4,20,32,162,,3779
1115,birth,grazer,27,15,220,121,,3780
1115,birth,grazer,15,6,127,48,,3781
1115,birth,grazer,20,27,160,216,,3782
1116,birth,grazer,16,26,133,212,,3783
1116,birth,grazer,20,21,160,169,,3784
1116,birth,grazer,6,18,48,146,,3785
1116,birth,grazer,7,19,63,157,,3786
1116,birth,grazer,8,5,67,46,,3787
1116,birth,grazer,2,22,16,183,,3788
1116,birth,grazer,5,12,46,96,,3789
1116,birth,grazer,12,16,96,132,,3790
1116,birth,grazer,10,17,85,139,,3791
1116,birth,grazer,2,18,21,149,,3792
1116,birth,grazer,26,7,214,62,,3793
1116,birth,grazer,9,18,72,146,,3794
1116,birth,grazer,11,17,94,140,,3795
1116,birth,grazer,4,19,38,154,,3796
1117,birth,grazer,18,24,147,199,,3797
1117,birth,grazer,3,15,30,127,,3798
1117,birth,grazer,24,5,192,40,,3799
1117,birth,grazer,4,7,34,63,,3800
1117,birth,grazer,6,9,54,73,,3801
1117,birth,grazer,12,20,103,167,,3802
1117,birth,grazer,16,27,128,217,,3803
1117,death,grazer,3,26,26,210,eaten,1389
1117,death,grazer,2,25,23,207,eaten,2906
1118,birth,grazer,8,28,64,227,,3804
1118,birth,grazer,27,14,219,119,,3805
1118,birth,grazer,27,14,216,119,,3806
1118,birth,grazer,14,21,112,172,,3807
1118,birth,grazer,9,6,74,55,,3808
1118,birth,grazer,28,18,231,150,,3809
1118,birth,grazer,19,18,159,146,,3810
1118,birth,grazer,13,21,111,168,,3811
1118,birth,grazer,20,27,165,219,,3812
1118,birth,grazer,9,27,79,223,,3813
1118,birth,grazer,27,15,220,125,,3814
1118,birth,grazer,8,26,69,214,,3815
1118,birth,grazer,8,25,66,202,,3816
1118,death,grazer,2,26,22,208,eaten,330
1119,birth,grazer,24,3,196,28,,3817
1119,birth,grazer,15,4,122,33,,3818
1119,birth,grazer,8,13,71,108,,3819
1119,birth,grazer,13,4,111,32,,3820
1119,birth,grazer,11,13,89,105,,3821
1119,birth,grazer,24,14,199,112,,3822
1119,birth,grazer,18,18,150,150,,3823
1119,birth,grazer,11,6,88,50,,3824
1119,birth,grazer,8,12,69,101,,3825
1119,birth,grazer,16,3,128,26,,3826
1119,birth,grazer,10,13,87,111,,3827
1119,death,grazer,2,26,21,210,eaten,335
1120,birth,grazer,24,7,193,58,,3828
1120,birth,grazer,8,8,69,64,,3829
1120,birth,grazer,20,9,162,72,,3830
1120,birth,grazer,27,18,216,144,,3831
1120,birth,grazer,21,12,173,99,,3832
1120,birth,grazer,7,15,57,121,,3833
1120,birth,grazer,5,13,40,111,,3834
1120,birth,grazer,19,7,159,63,,3835
1120,birth,grazer,6,20,52,167,,3836
1120,birth,grazer,21,13,173,108,,3837
1120,birth,grazer,22,10,181,86,,3838
1121,birth,grazer,10,7,81,57,,3839
1121,birth,grazer,8,27,65,223,,3840
1121,birth,grazer,5,14,41,116,,3841
1121,birth,grazer,10,25,83,207,,3842
1121,birth,grazer,22,11,177,94,,3843
1121,birth,grazer,10,11,85,90,,3844
1121,birth,grazer,28,9,225,79,,3845
1121,birth,grazer,31,15,250,125,,3846
1121,birth,grazer,9,4,75,38,,3847
1121,birth,grazer,31,7,253,57,,3848
1121,birth,grazer,6,13,48,104,,3849
1121,birth,grazer,27,17,220,137,,3850
1121,birth,grazer,31,8,248,64,,3851
1121,birth,grazer,31,9,248,79,,3852
1121,birth,grazer,2,2,22,22,,3853
1122,birth,grazer,7,24,56,196,,3854
1122,birth,grazer,13,21,109,175,,3855
1122,birth,grazer,2,12,20,102,,3856
1122,death,grazer,3,1,26,15,eaten,2571
1123,birth,grazer,4,5,39,43,,3857
1123,birth,grazer,31,15,253,122,,3858
1123,birth,grazer,30,17,242,138,,3859
1124,birth,grazer,3,6,24,55,,3860
1124,birth,grazer,19,19,159,152,,3861
1124,death,grazer,23,10,189,80,crowded,655
1124,birth,grazer,19,20,155,167,,3862
1124,birth,grazer,31,12,254,99,,3863
1124,birth,grazer,5,24,46,194,,3864
1124,birth,grazer,31,7,248,59,,3865
1124,birth,grazer,27,13,223,109,,3866
1125,birth,grazer,2,14,23,112,,3867
1125,birth,grazer,12,16,99,135,,3868
1125,birth,grazer,9,9,74,73,,3869
1125,birth,grazer,26,9,211,73,,3870
1125,death,grazer,2,26,22,208,eaten,2913
1126,birth,grazer,7,15,61,125,,3871
1126,birth,grazer,30,14,240,113,,3872
1126,birth,grazer,28,2,224,21,,3873
1126,birth,grazer,7,7,63,62,,3874
1126,birth,grazer,27,6,218,55,,3875
1126,birth,grazer,27,3,219,30,,3876
1126,birth,grazer,30,9,243,79,,3877
1126,birth,grazer,19,5,152,45,,3878
1127,birth,grazer,20,4,162,33,,3879
1127,birth,grazer,12,25,100,200,,3880
1128,birth,grazer,9,22,74,182,,3881
1128,birth,grazer,26,5,208,46,,3882
1128,birth,grazer,20,8,164,66,,3883
1128,birth,grazer,25,4,207,39,,3884
1129,birth,grazer,21,22,170,180,,3885
1129,birth,grazer,3,14,25,113,,3886
1129,birth,grazer,17,24,136,199,,3887
1129,birth,grazer,9,26,74,210,,3888
1129,birth,grazer,19,22,159,180,,3889
1129,birth,grazer,21,23,169,184,,3890
1129,death,grazer,31,0,251,0,crowded,2531
1131,birth,grazer,26,15,215,122,,3891
1131,birth,grazer,26,15,215,120,,3892
1131,birth,grazer,22,22,183,183,,3893
1132,birth,grazer,12,31,100,249,,3894
1132,birth,grazer,3,15,30,126,,3895
1132,birth,grazer,19,27,156,223,,3896
1132,birth,grazer,24,11,192,88,,3897
1132,birth,grazer,17,31,141,250,,3898
1132,birth,grazer,5,21,45,173,,3899
1132,birth,grazer,15,31,121,253,,3900
1132,birth,grazer,7,21,59,171,,3901
1132,birth,grazer,18,31,144,253,,3902
1132,birth,grazer,9,21,77,174,,3903
1132,birth,grazer,18,19,151,153,,3904
1132,birth,grazer,16,31,128,254,,3905
1132,birth,grazer,16,31,131,255,,3906
1132,birth,grazer,24,18,199,150,,3907
1132,birth,grazer,5,23,46,186,,3908
1133,birth,grazer,27,21,222,175,,3909
1133,birth,grazer,4,26,33,208,,3910
1133,birth,grazer,24,8,196,71,,3911
1133,birth,grazer,21,19,175,158,,3912
1133,birth,grazer,14,31,119,248,,3913
1133,birth,grazer,25,8,200,68,,3914
1133,birth,grazer,22,13,183,104,,3915
1134,birth,grazer,4,24,36,197,,3916
1134,birth,grazer,2,4,19,32,,3917
1134,birth,grazer,14,12,113,103,,3918
1135,birth,grazer,25,22,206,182,,3919
1135,birth,grazer,4,19,36,158,,3920
1136,birth,grazer,13,11,104,88,,3921
1136,birth,grazer,3,19,24,155,,3922
1136,birth,grazer,12,27,97,216,,3923
1137,birth,grazer,8,26,66,215,,3924
1137,birth,grazer,31,3,249,24,,3925
1137,birth,grazer,19,23,152,191,,3926
1137,birth,grazer,29,7,239,59,,3927
1137,birth,grazer,28,7,226,61,,3928
1138,birth,grazer,12,23,97,190,,3929
1138,birth,grazer,15,28,120,224,,3930
1138,birth,grazer,19,20,153,163,,3931
1138,birth,grazer,15,31,127,253,,3932
1138,birth,grazer,11,25,93,200,,3933
1138,birth,grazer,14,26,116,214,,3934
1139,birth,grazer,23,11,187,95,,3935
1139,birth,grazer,25,26,206,213,,3936
1139,birth,grazer,6,22,54,183,,3937
1139,birth,grazer,24,24,192,196,,3938
1139,birth,grazer,28,27,231,223,,3939
1139,birth,grazer,26,26,213,209,,3940
1139,birth,grazer,27,26,222,209,,3941
1140,birth,grazer,14,5,119,45,,3942
1140,birth,grazer,29,26,232,213,,3943
1140,birth,grazer,16,27,128,216,,3944
1140,birth,grazer,14,6,115,53,,3945
1140,birth,grazer,27,9,223,77,,3946
1140,birth,grazer,28,28,227,225,,3947
1140,birth,grazer,17,5,138,46,,3948
1140,birth,grazer,27,19,219,153,,3949
1140,birth,grazer,13,25,106,207,,3950
1140,birth,grazer,16,4,129,39,,3951
1140,birth,grazer,29,10,235,82,,3952
1140,birth,grazer,31,12,253,103,,3953
1140,birth,grazer,30,7,242,62,,3954
1141,birth,grazer,17,23,137,190,,3955
1141,birth,grazer,16,7,134,56,,3956
1142,birth,grazer,21,24,171,199,,3957
1142,birth,grazer,6,7,50,57,,3958
1142,birth,grazer,2,17,21,141,,3959
1142,birth,grazer,17,26,143,211,,3960
1142,birth,grazer,28,14,227,114,,3961
1142,birth,grazer,3,6,30,55,,3962
1143,birth,grazer,19,12,156,98,,3963
1143,birth,grazer,24,13,197,105,,3964
1143,birth,grazer,18,8,148,67,,3965
1143,birth,grazer,19,11,159,91,,3966
1143,birth,grazer,5,15,43,125,,3967
1143,birth,grazer,15,4,120,39,,3968
1143,birth,grazer,18,7,149,62,,3969
1143,birth,grazer,19,8,152,67,,3970
1143,birth,grazer,18,8,148,66,,3971
1143,death,grazer,23,11,191,92,eaten,3594
1144,birth,grazer,30,0,247,0,,3972
1144,birth,grazer,10,27,81,216,,3973
1144,birth,grazer,2,24,22,199,,3974
1144,birth,grazer,25,9,201,73,,3975
1144,birth,grazer,23,13,189,104,,3976
1144,birth,grazer,10,23,82,184,,3977
1145,birth,grazer,7,15,61,125,,3978
1145,birth,grazer,15,8,120,69,,3979
1145,birth,grazer,11,23,90,191,,3980
1145,birth,grazer,6,8,49,64,,3981
1146,birth,grazer,11,16,95,128,,3982
1146,birth,grazer,29,18,237,148,,3983
1146,birth,grazer,16,5,130,40,,3984
1146,birth,grazer,13,20,106,165,,3985
1146,birth,grazer,11,23,94,191,,3986
1146,birth,grazer,15,2,125,21,,3987
1146,birth,grazer,25,15,206,125,,3988
1146,birth,grazer,23,9,191,76,,3989
1146,birth,grazer,11,6,89,51,,3990
1146,birth,grazer,7,3,62,30,,3991
1146,birth,grazer,13,20,104,167,,3992
1146,birth,grazer,17,6,142,55,,3993
1147,birth,grazer,14,4,119,38,,3994
1147,birth,grazer,13,6,111,51,,3995
1147,birth,grazer,15,8,122,67,,3996
1147,birth,grazer,10,0,80,1,,3997
1147,birth,grazer,12,5,100,46,,3998
1147,birth,grazer,14,2,115,21,,3999
1147,birth,grazer,12,17,96,137,,4000
1147,birth,grazer,12,18,103,144,,4001
1147,birth,grazer,15,6,125,53,,4002
1147,birth,grazer,11,16,94,130,,4003
1147,birth,grazer,12,5,98,40,,4004
1147,birth,grazer,12,19,100,152,,4005
1147,birth,grazer,10,0,80,1,,4006
1147,birth,grazer,13,5,105,41,,4007
1148,birth,grazer,30,13,246,105,,4008
1148,birth,grazer,7,24,61,198,,4009
1148,birth,grazer,13,2,105,23,,4010
1148,birth,grazer,22,14,183,113,,4011
1148,birth,grazer,4,15,32,126,,4012
1148,birth,grazer,6,24,48,192,,4013
1148,birth,grazer,19,11,157,91,,4014
1148,birth,grazer,17,5,138,47,,4015
1148,birth,grazer,26,13,214,110,,4016
1148,birth,grazer,28,8,231,70,,4017
1149,birth,grazer,10,22,86,177,,4018
1149,birth,grazer,13,8,111,68,,4019
1149,birth,grazer,5,3,47,31,,4020
1149,birth,grazer,25,10,207,84,,4021
1149,birth,grazer,3,20,31,161,,4022
1150,birth,grazer,3,20,31,162,,4023
1150,birth,grazer,16,4,130,34,,4024
1150,germination,tree,15,4,126,34,,4025
1150,germination,tree,14,27,118,223,,4026
1150,ignition,,7,26,,,,
1151,birth,grazer,7,28,61,226,,4027
1151,birth,grazer,2,12,23,98,,4028
1151,birth,grazer,20,20,160,160,,4029
1151,birth,grazer,8,26,71,212,,4030
1151,birth,grazer,12,28,96,225,,4031
1151,birth,grazer,5,28,45,226,,4032
1152,birth,grazer,8,25,67,200,,4033
1152,birth,grazer,21,21,170,170,,4034
1152,birth,grazer,23,20,191,166,,4035
1153,birth,grazer,20,28,167,225,,4036
1153,birth,grazer,27,18,216,145,,4037
1153,birth,grazer,25,15,200,127,,4038
1153,burnout,,7,26,,,,
1154,birth,grazer,11,17,94,136,,4039
1155,birth,grazer,4,4,36,34,,4040
1155,birth,grazer,2,5,20,46,,4041
1156,birth,grazer,14,24,119,199,,4042
1156,birth,grazer,2,16,21,135,,4043
1156,birth,grazer,24,12,197,97,,4044
1156,birth,grazer,19,26,152,210,,4045
1156,birth,grazer,7,18,60,150,,4046
1157,birth,grazer,31,4,249,37,,4047
1157,birth,grazer,20,28,160,228,,4048
1157,birth,grazer,9,19,77,159,,4049
1157,birth,grazer,21,28,168,230,,4050
1157,birth,grazer,25,12,206,102,,4051
1157,birth,grazer,5,17,42,142,,4052
1157,birth,grazer,4,9,35,77,,4053
1158,birth,grazer,29,13,233,111,,4054
1158,birth,grazer,5,15,43,127,,4055
1158,birth,grazer,13,24,106,195,,4056
1158,birth,grazer,24,9,199,79,,4057
1158,birth,grazer,7,21,60,171,,4058
1158,birth,grazer,26,6,212,55,,4059
1158,birth,grazer,26,7,213,58,,4060
1159,birth,grazer,10,25,86,206,,4061
1159,birth,grazer,26,22,212,180,,4062
1159,birth,grazer,18,28,146,229,,4063
1159,birth,grazer,3,27,28,219,,4064
1159,birth,grazer,26,19,214,158,,4065
1159,birth,grazer,5,18,46,150,,4066
1159,birth,grazer,29,7,236,59,,4067
1159,birth,grazer,8,17,64,143,,4068
1159,birth,grazer,15,7,120,60,,4069
1159,birth,grazer,7,20,58,165,,4070
1160,birth,grazer,16,27,135,216,,4071
1160,birth,grazer,11,11,93,91,,4072
1160,birth,grazer,17,6,143,49,,4073
1160,birth,grazer,21,27,169,217,,4074
1160,birth,grazer,4,23,32,185,,4075
1160,birth,grazer,9,27,74,221,,4076
1161,birth,grazer,6,18,48,148,,4077
1161,birth,grazer,20,27,160,217,,4078
1161,birth,grazer,20,17,167,142,,4079
1161,birth,grazer,11,26,93,211,,4080
1162,birth,grazer,27,2,221,17,,4081
1162,birth,grazer,7,7,60,57,,4082
1162,birth,grazer,26,27,215,219,,4083
1162,birth,grazer,4,15,33,127,,4084
1162,birth,grazer,21,25,168,201,,4085
1162,birth,grazer,24,28,193,225,,4086
1162,birth,grazer,23,27,185,221,,4087
1162,birth,grazer,23,25,190,203,,4088
1163,birth,grazer,10,23,82,190,,4089
1163,birth,grazer,15,7,121,60,,4090
1163,birth,grazer,17,27,137,220,,4091
1163,birth,grazer,28,2,231,17,,4092
1163,birth,grazer,7,28,60,226,,4093
1163,birth,grazer,10,27,80,223,,4094
1163,birth,grazer,25,13,201,107,,4095
1163,birth,grazer,26,2,209,17,,4096
1164,birth,grazer,19,27,152,221,,4097
1164,birth,grazer,14,7,118,60,,4098
1164,birth,grazer,15,26,123,212,,4099
1164,birth,grazer,31,2,248,17,,4100
1164,birth,grazer,22,28,176,231,,4101
1164,birth,grazer,13,28,105,226,,4102
1165,birth,grazer,4,19,32,152,,4103
1165,birth,grazer,4,16,34,129,,4104
1165,birth,grazer,15,8,121,67,,4105
1165,birth,grazer,10,0,80,1,,4106
1165,birth,grazer,12,7,97,61,,4107
1165,birth,grazer,11,10,95,80,,4108
1165,birth,grazer,14,7,114,60,,4109
1165,birth,grazer,9,27,75,221,,4110
1166,birth,grazer,11,7,94,62,,4111
1166,birth,grazer,21,25,170,204,,4112
1166,birth,grazer,24,10,195,82,,4113
1167,birth,grazer,29,20,239,160,,4114
1167,death,grazer,30,0,246,0,crowded,1605
1167,death,grazer,23,12,185,97,eaten,2427
1168,birth,grazer,26,21,208,169,,4115
1168,birth,grazer,11,27,89,218,,4116
1168,birth,grazer,25,2,200,17,,4117
1169,birth,grazer,24,21,195,172,,4118
1169,birth,grazer,24,21,198,169,,4119
1169,birth,grazer,2,21,23,173,,4120
1169,birth,grazer,8,28,65,225,,4121
1169,birth,grazer,30,16,240,130,,4122
1170,birth,grazer,2,25,21,204,,4123
1170,birth,grazer,3,23,29,188,,4124
1170,death,grazer,2,24,21,197,eaten,800
1170,ignition,,25,10,,,,
1170,ignition,,25,20,,,,
1171,birth,grazer,2,16,23,135,,4125
1171,birth,grazer,20,28,160,228,,4126
1172,birth,grazer,20,30,167,247,,4127
1172,birth,grazer,12,19,102,156,,4128
1172,birth,grazer,22,31,181,250,,4129
1172,birth,grazer,4,4,39,33,,4130
1172,birth,grazer,12,8,97,69,,4131
1172,birth,grazer,21,31,169,253,,4132
1172,birth,grazer,11,15,94,127,,4133
1172,birth,grazer,22,30,181,247,,4134
1172,death,grazer,23,12,189,96,eaten,702
1172,spread,,25,11,,,,345
1173,birth,grazer,9,23,79,187,,4135
1173,birth,grazer,23,11,188,95,,4136
1173,birth,grazer,18,27,145,220,,4137
1173,birth,grazer,28,23,227,191,,4138
1173,birth,grazer,13,18,104,149,,4139
1173,spread,,24,11,,,,377
1173,burnout,,25,10,,,,
1173,burnout,,25,20,,,,
1174,birth,grazer,27,19,218,152,,4140
1174,birth,grazer,3,5,30,44,,4141
1174,birth,grazer,16,26,134,209,,4142
1174,birth,grazer,30,27,241,217,,4143
1174,birth,grazer,28,21,226,171,,4144
1174,birth,grazer,21,30,171,247,,4145
1175,birth,grazer,13,21,105,170,,4146
1175,birth,grazer,22,30,179,246,,4147
1175,birth,grazer,2,4,19,32,,4148
1175,birth,grazer,11,17,95,139,,4149
1175,burnout,,25,11,,,,
1176,birth,grazer,6,20,49,167,,4150
1176,birth,grazer,20,31,166,249,,4151
1176,birth,grazer,11,25,95,202,,4152
1176,burnout,,24,11,,,,
1177,birth,grazer,14,12,113,103,,4153
1177,birth,grazer,29,18,234,144,,4154
1177,birth,grazer,7,9,59,76,,4155
1177,birth,grazer,4,20,39,160,,4156
1177,birth,grazer,11,17,95,139,,4157
1177,birth,grazer,23,30,184,246,,4158
1177,birth,grazer,14,17,117,141,,4159
1178,birth,grazer,2,18,22,151,,4160
1178,birth,grazer,0,8,0,71,,4161
1178,birth,grazer,10,15,86,122,,4162
1178,birth,grazer,0,4,0,34,,4163
1178,birth,grazer,10,27,80,216,,4164
1178,birth,grazer,14,20,112,161,,4165
1178,birth,grazer,0,7,0,63,,4166
1178,birth,grazer,0,8,0,69,,4167
1178,birth,grazer,10,0,80,1,,4168
1178,birth,grazer,11,12,92,96,,4169
1178,birth,grazer,10,24,84,195,,4170
1178,birth,grazer,9,25,79,207,,4171
1178,birth,grazer,0,10,0,82,,4172
1178,birth,grazer,8,14,69,116,,4173
1178,birth,grazer,0,4,0,38,,4174
1178,birth,grazer,0,7,0,57,,4175
1178,birth,grazer,0,5,0,44,,4176
1179,birth,grazer,24,18,192,144,,4177
1179,birth,grazer,26,18,213,149,,4178
1179,birth,grazer,11,26,92,208,,4179
1179,birth,grazer,19,18,158,146,,4180
1179,birth,grazer,7,15,56,122,,4181
1179,birth,grazer,27,15,218,120,,4182
1179,birth,grazer,2,22,23,181,,4183
1179,birth,grazer,9,21,74,175,,4184
1179,birth,grazer,14,10,118,87,,4185
1179,birth,grazer,9,4,77,36,,4186
1180,birth,grazer,3,3,24,24,,4187
1180,birth,grazer,6,4,50,39,,4188
1180,birth,grazer,11,28,88,224,,4189
1180,birth,grazer,12,11,98,88,,4190
1180,birth,grazer,23,20,191,161,,4191
1180,birth,grazer,25,20,204,162,,4192
1180,birth,grazer,5,12,42,103,,4193
1180,death,grazer,30,0,246,0,eaten,281
1180,ignition,,27,14,,,,
1181,birth,grazer,27,14,217,119,,4194
1181,birth,grazer,25,18,204,149,,4195
1182,birth,grazer,14,11,112,88,,4196
1182,birth,grazer,7,4,56,35,,4197
1182,birth,grazer,29,20,232,160,,4198
1183,birth,grazer,15,27,121,221,,4199
1183,birth,grazer,30,19,240,155,,4200
1183,birth,grazer,4,5,33,44,,4201
1183,birth,grazer,15,28,126,225,,4202
1183,birth,grazer,30,18,247,145,,4203
1183,birth,hunter,24,14,197,112,,4204
1183,burnout,,27,14,,,,
1184,birth,grazer,4,13,33,107,,4205
1184,birth,grazer,12,10,102,85,,4206
1184,birth,grazer,9,0,78,1,,4207
1184,birth,grazer,14,27,118,218,,4208
1184,birth,grazer,11,23,88,191,,4209
1184,birth,grazer,27,5,219,44,,4210
1184,birth,grazer,9,0,78,1,,4211
1184,birth,grazer,18,28,144,231,,4212
1184,birth,grazer,13,12,107,101,,4213
1184,birth,grazer,31,18,248,144,,4214
1184,birth,grazer,30,17,244,136,,4215
1185,birth,grazer,4,17,36,141,,4216
1185,birth,grazer,3,6,28,52,,4217
1185,birth,grazer,26,16,215,133,,4218
1185,birth,grazer,4,2,33,22,,4219
1185,birth,grazer,18,25,149,204,,4220
1185,birth,grazer,8,6,68,49,,4221
1185,birth,grazer,28,23,231,191,,4222
1186,birth,grazer,25,12,200,96,,4223
1186,birth,grazer,29,24,238,195,,4224
1186,birth,grazer,29,22,232,181,,4225
1186,birth,grazer,29,6,236,50,,4226
1186,birth,grazer,2,4,20,32,,4227
1186,birth,grazer,14,23,112,191,,4228
1186,birth,grazer,30,23,241,191,,4229
1186,birth,grazer,28,17,231,136,,4230
1186,birth,grazer,30,15,247,127,,4231
1186,birth,grazer,25,7,206,58,,4232
1187,birth,grazer,22,16,183,129,,4233
1187,birth,grazer,28,4,227,37,,4234
1187,birth,grazer,27,6,220,48,,4235
1187,birth,grazer,29,3,239,27,,4236
1187,birth,grazer,29,26,232,209,,4237
1187,birth,grazer,20,11,165,95,,4238
1187,birth,grazer,19,10,154,83,,4239
1188,birth,grazer,10,0,81,1,,4240
1188,birth,grazer,31,27,253,216,,4241
1188,birth,grazer,21,6,169,50,,4242
1188,birth,grazer,19,4,152,33,,4243
1188,birth,grazer,3,7,31,57,,4244
1188,birth,grazer,11,24,93,198,,4245
1188,birth,grazer,28,4,231,35,,4246
1188,birth,grazer,21,5,174,41,,4247
1188,birth,grazer,17,3,143,27,,4248
1188,birth,grazer,26,17,213,138,,4249
1189,birth,grazer,26,7,213,60,,4250
1189,birth,grazer,17,4,143,35,,4251
1189,birth,grazer,18,8,151,70,,4252
1189,birth,grazer,25,4,204,37,,4253
1189,birth,grazer,10,3,82,28,,4254
1189,birth,grazer,3,25,24,200,,4255
1189,birth,grazer,29,4,232,35,,4256
1189,birth,grazer,12,20,96,160,,4257
1190,birth,grazer,31,10,254,82,,4258
1190,birth,grazer,29,16,237,131,,4259
1190,birth,grazer,31,10,252,82,,4260
1190,birth,grazer,5,23,44,186,,4261
1190,birth,grazer,25,10,207,80,,4262
1190,birth,grazer,5,4,47,36,,4263
1190,birth,grazer,27,5,220,45,,4264
1190,birth,grazer,25,10,207,82,,4265
1190,birth,grazer,9,17,79,143,,4266
1190,birth,grazer,25,3,200,31,,4267
1190,birth,grazer,31,12,250,101,,4268
1190,birth,grazer,5,14,43,115,,4269
1190,birth,grazer,26,8,210,69,,4270
1190,ignition,,29,8,,,,
1190,ignition,,25,25,,,,
1191,birth,grazer,31,20,250,163,,4271
1191,birth,grazer,9,27,79,217,,4272
1191,birth,grazer,14,23,112,191,,4273
1191,birth,grazer,21,5,168,40,,4274
1191,birth,grazer,28,20,229,165,,4275
1191,birth,grazer,11,21,94,168,,4276
1192,birth,grazer,9,20,72,166,,4277
1192,birth,grazer,5,13,41,109,,4278
1192,birth,grazer,18,12,151,103,,4279
1192,birth,grazer,7,10,57,84,,4280
1192,birth,grazer,13,10,104,81,,4281
1192,birth,grazer,17,2,143,23,,4282
1192,birth,grazer,27,23,216,184,,4283
1192,birth,grazer,22,14,183,113,,4284
1192,birth,grazer,8,13,65,104,,4285
1193,birth,grazer,20,6,167,55,,4286
1193,birth,grazer,12,20,98,167,,4287
1193,birth,grazer,17,22,143,176,,4288
1193,birth,grazer,8,15,64,125,,4289
1193,birth,grazer,2,2,23,22,,4290
1193,birth,grazer,25,8,200,70,,4291
1193,birth,grazer,25,4,202,37,,4292
1193,birth,grazer,6,15,52,126,,4293
1193,birth,grazer,22,21,176,172,,4294
1193,birth,grazer,7,19,56,156,,4295
1193,birth,grazer,28,19,229,153,,4296
1193,birth,grazer,10,18,87,146,,4297
1193,birth,grazer,10,18,80,147,,4298
1193,burnout,,29,8,,,,
1193,tree_death,tree,29,8,235,70,burnt,1264
1193,burnout,,25,25,,,,
1193,tree_death,tree,25,25,207,204,burnt,963
1194,birth,grazer,3,3,29,30,,4299
1194,birth,grazer,8,18,69,150,,4300
1194,birth,grazer,3,15,30,126,,4301
1194,birth,grazer,14,9,112,73,,4302
1194,birth,grazer,11,20,95,162,,4303
1194,birth,grazer,7,8,59,64,,4304
1194,birth,grazer,11,21,93,175,,4305
1194,birth,grazer,17,22,143,176,,4306
1195,birth,grazer,4,28,39,224,,4307
1195,birth,grazer,6,23,53,185,,4308
1195,birth,grazer,26,23,214,187,,4309
1195,birth,grazer,27,18,218,149,,4310
1195,birth,grazer,19,7,153,58,,4311
1195,birth,grazer,7,22,61,178,,4312
1195,birth,grazer,8,24,69,192,,4313
1195,birth,grazer,5,27,47,216,,4314
1195,birth,grazer,25,3,201,29,,4315
1196,birth,grazer,27,2,219,22,,4316
1196,birth,grazer,29,17,238,136,,4317
1196,birth,grazer,8,24,65,193,,4318
1196,birth,grazer,22,13,183,104,,4319
1196,birth,grazer,10,23,82,187,,4320
1196,death,grazer,22,28,181,225,eaten,912
1197,birth,grazer,24,13,198,104,,4321
1197,birth,grazer,13,22,108,183,,4322
1197,birth,grazer,5,12,44,100,,4323
1197,birth,grazer,2,20,21,162,,4324
1197,birth,grazer,19,11,154,94,,4325
1198,birth,grazer,2,19,20,156,,4326
1198,birth,grazer,24,23,192,184,,4327
1198,birth,grazer,25,23,200,185,,4328
1198,birth,grazer,12,14,97,116,,4329
1198,birth,grazer,26,10,209,80,,4330
1198,birth,grazer,5,8,46,68,,4331
1198,birth,grazer,22,21,180,168,,4332
1198,birth,grazer,19,6,155,48,,4333
1198,birth,grazer,5,22,45,176,,4334
1198,birth,grazer,11,6,88,50,,4335
1198,birth,grazer,31,20,253,167,,4336
1198,birth,grazer,22,17,183,137,,4337
1198,birth,grazer,22,17,178,139,,4338
1199,birth,grazer,23,12,190,98,,4339
1199,birth,grazer,10,2,84,22,,4340
1199,birth,grazer,30,3,241,26,,4341
1199,birth,grazer,26,6,214,51,,4342
1200,birth,grazer,11,20,93,160,,4343
1200,birth,grazer,2,5,23,47,,4344
1200,birth,grazer,13,25,110,204,,4345
1200,birth,grazer,25,2,206,18,,4346
1200,birth,grazer,5,10,47,87,,4347
1200,birth,grazer,8,3,66,28,,4348
1200,birth,grazer,22,19,181,152,,4349
1200,birth,grazer,17,5,142,40,,4350
1200,germination,tree,29,3,232,24,,4351
1200,germination,tree,27,8,220,69,,4352
1200,germination,tree,27,14,219,113,,4353
1200,germination,tree,24,22,193,182,,4354
1200,germination,tree,25,25,207,202,,4355
1200,germination,tree,28,8,226,66,,4356
1200,germination,tree,29,10,239,84,,4357
1200,germination,tree,27,10,219,82,,4358
1200,germination,tree,28,14,228,113,,4359
1200,ignition,,25,22,,,,
1200,ignition,,28,22,,,,
1201,birth,grazer,3,2,24,23,,4360
1201,birth,grazer,26,2,209,17,,4361
1201,birth,grazer,20,10,160,80,,4362
1201,birth,grazer,24,3,194,30,,4363
1201,birth,grazer,11,14,95,113,,4364
1201,death,grazer,22,12,183,102,eaten,84
1201,death,grazer,23,12,184,99,eaten,1045
1202,birth,grazer,23,14,184,119,,4365
1202,birth,grazer,19,5,157,43,,4366
1202,birth,grazer,13,7,109,60,,4367
1202,birth,grazer,23,19,187,154,,4368
1202,birth,grazer,12,12,99,101,,4369
1202,birth,grazer,14,5,116,43,,4370
1203,birth,grazer,10,2,81,23,,4371
1203,birth,grazer,14,13,112,104,,4372
1203,birth,grazer,26,2,210,17,,4373
1203,birth,grazer,12,14,99,113,,4374
1203,birth,grazer,6,11,53,92,,4375
1203,death,grazer,30,0,246,0,crowded,3548
1203,death,grazer,20,23,163,191,eaten,160
1203,spread,,28,21,,,,732
1203,burnout,,25,22,,,,
1203,burnout,,28,22,,,,
1203,tree_death,tree,28,22,226,182,burnt,47
1203,tree_death,tree,28,22,227,180,burnt,1266
1204,birth,grazer,4,10,35,83,,4376
1204,birth,grazer,27,5,216,47,,4377
1204,birth,grazer,11,22,95,181,,4378
1204,birth,grazer,21,18,170,145,,4379
1205,birth,grazer,22,20,176,160,,4380
1205,birth,grazer,9,23,73,190,,4381
1206,birth,grazer,18,2,144,23,,4382
1206,birth,grazer,8,6,69,52,,4383
1206,burnout,,28,21,,,,
1206,tree_death,tree,28,21,231,174,burnt,757
1207,birth,grazer,22,5,177,44,,4384
1207,birth,grazer,14,6,119,48,,4385
1207,birth,grazer,18,21,146,174,,4386
1207,birth,grazer,11,13,95,105,,4387
1208,birth,grazer,22,15,182,126,,4388
1208,birth,grazer,5,15,42,127,,4389
1208,birth,grazer,23,12,190,103,,4390
1209,birth,grazer,12,8,99,68,,4391
1209,birth,grazer,7,24,61,197,,4392
1209,birth,grazer,2,21,23,175,,4393
1209,birth,grazer,27,4,216,34,,4394
1209,birth,grazer,17,24,138,199,,4395
1209,birth,grazer,6,17,48,143,,4396
1210,birth,grazer,2,11,20,93,,4397
1210,birth,grazer,20,21,162,172,,4398
1210,birth,grazer,23,6,186,55,,4399
1210,birth,grazer,18,19,151,152,,4400
1210,ignition,,10,22,,,,
1211,birth,grazer,14,12,112,100,,4401
1211,birth,grazer,30,23,240,186,,4402
1211,birth,grazer,6,27,53,218,,4403
1211,birth,grazer,17,25,137,202,,4404
1211,birth,grazer,28,24,227,196,,4405
1211,birth,grazer,21,6,170,50,,4406
1211,birth,grazer,6,26,52,215,,4407
1211,spread,,10,21,,,,714
1212,birth,grazer,3,1,26,15,,4408
1212,birth,grazer,11,7,95,62,,4409
1212,birth,grazer,27,19,217,154,,4410
1212,birth,grazer,15,8,120,67,,4411
1212,birth,grazer,2,24,21,197,,4412
1212,birth,grazer,3,4,29,39,,4413
1212,birth,grazer,11,19,95,157,,4414
1212,birth,grazer,10,22,85,183,,4415
1212,spread,,9,21,,,,682
1213,birth,grazer,19,22,156,177,,4416
1213,birth,grazer,31,0,248,0,,4417
1213,birth,grazer,31,0,248,0,,4418
1213,birth,grazer,10,28,80,229,,4419
1213,birth,grazer,20,8,167,71,,4420
1213,birth,grazer,22,10,180,83,,4421
1213,birth,grazer,22,6,177,54,,4422
1213,birth,grazer,8,21,68,175,,4423
1213,birth,grazer,21,11,174,92,,4424
1213,birth,grazer,21,8,174,68,,4425
1213,birth,grazer,22,9,179,74,,4426
1213,birth,grazer,24,7,193,63,,4427
1213,birth,grazer,21,12,173,102,,4428
1213,birth,grazer,23,8,186,65,,4429
1213,burnout,,10,22,,,,
1214,birth,grazer,11,11,93,95,,4430
1214,birth,grazer,27,21,220,169,,4431
1214,birth,grazer,9,24,73,196,,4432
1214,birth,grazer,12,13,99,105,,4433
1214,birth,grazer,26,4,212,37,,4434
1214,birth,grazer,16,7,128,56,,4435
1214,burnout,,10,21,,,,
1215,birth,grazer,21,9,174,79,,4436
1215,birth,grazer,27,4,217,38,,4437
1215,birth,grazer,9,1,73,15,,4438
1215,birth,grazer,22,8,180,69,,4439
1215,birth,grazer,18,22,147,176,,4440
1215,birth,grazer,9,2,75,16,,4441
1215,birth,grazer,30,23,240,191,,4442
1215,burnout,,9,21,,,,
1216,birth,grazer,30,19,242,153,,4443
1216,birth,grazer,25,23,205,184,,4444
1216,birth,grazer,22,8,180,64,,4445
1216,birth,grazer,9,8,76,67,,4446
1216,birth,grazer,13,23,106,190,,4447
1216,birth,grazer,7,2,62,17,,4448
1216,birth,grazer,8,10,67,85,,4449
1217,birth,grazer,10,6,81,50,,4450
1217,birth,grazer,29,20,232,160,,4451
1217,birth,grazer,25,20,202,162,,4452
1217,birth,grazer,20,24,160,199,,4453
1217,birth,grazer,2,22,22,177,,4454
1217,birth,grazer,22,17,183,137,,4455
1217,birth,grazer,21,11,174,95,,4456
1218,birth,grazer,24,21,196,168,,4457
1218,birth,grazer,4,4,36,39,,4458
1218,birth,grazer,12,19,96,158,,4459
1218,birth,grazer,28,15,230,127,,4460
1218,birth,grazer,20,9,164,73,,4461
1218,birth,grazer,4,22,38,180,,4462
1218,birth,grazer,24,22,199,177,,4463
1218,birth,grazer,10,12,81,101,,4464
1219,birth,grazer,22,2,179,21,,4465
1219,birth,grazer,22,10,177,85,,4466
1219,birth,grazer,10,10,84,84,,4467
1219,birth,grazer,8,19,64,152,,4468
1219,birth,grazer,29,22,232,183,,4469
1219,birth,grazer,31,24,251,194,,4470
1219,birth,grazer,10,13,84,108,,4471
1219,birth,grazer,27,23,219,189,,4472
1219,birth,grazer,15,25,127,202,,4473
1219,birth,grazer,2,7,23,58,,4474
1219,birth,grazer,31,27,251,223,,4475
1219,birth,grazer,10,11,84,90,,4476
1219,birth,grazer,4,24,38,198,,4477
1220,birth,grazer,7,21,60,175,,4478
1220,birth,grazer,18,5,145,47,,4479
1220,birth,grazer,7,12,60,100,,4480
1220,birth,grazer,10,11,85,93,,4481
1220,birth,grazer,2,5,21,40,,4482
1220,birth,grazer,14,4,119,39,,4483
1220,birth,grazer,5,10,42,82,,4484
1220,birth,grazer,3,5,30,40,,4485
1220,birth,grazer,8,14,66,115,,4486
1220,birth,grazer,30,9,243,72,,4487
1221,birth,grazer,9,8,73,64,,4488
1221,birth,grazer,4,19,37,158,,4489
1221,birth,grazer,2,6,22,49,,4490
1221,birth,grazer,4,21,37,175,,4491
1221,birth,grazer,29,9,239,74,,4492
1221,birth,grazer,31,8,252,64,,4493
1221,birth,grazer,4,15,39,125,,4494
1221,birth,grazer,7,23,63,184,,4495
1221,birth,grazer,5,6,45,55,,4496
1221,birth,grazer,27,22,216,176,,4497
1221,birth,grazer,29,11,232,90,,4498
1221,death,grazer,3,2,31,21,eaten,430
1222,birth,grazer,27,19,216,159,,4499
1222,birth,grazer,7,9,58,78,,4500
1222,death,grazer,7,6,60,52,crowded,1122
1222,birth,grazer,31,10,248,81,,4501
1222,birth,grazer,24,5,193,41,,4502
1222,birth,grazer,2,12,22,101,,4503
1222,birth,grazer,25,11,207,89,,4504
1223,birth,grazer,30,10,242,80,,4505
1223,birth,grazer,7,1,56,15,,4506
1223,birth,grazer,3,9,30,73,,4507
1223,birth,grazer,6,22,48,179,,4508
1223,birth,grazer,6,2,54,19,,4509
1223,birth,grazer,6,8,48,64,,4510
1223,birth,grazer,14,23,117,191,,4511
1223,birth,grazer,30,8,243,69,,4512
1223,birth,grazer,29,3,234,31,,4513
1223,birth,grazer,5,2,41,17,,4514
1224,birth,grazer,31,2,249,23,,4515
1224,birth,grazer,4,5,38,44,,4516
1224,birth,grazer,10,1,85,14,,4517
1224,birth,grazer,5,2,41,17,,4518
1224,birth,grazer,4,16,34,132,,4519
1224,birth,grazer,9,11,79,88,,4520
1224,birth,grazer,25,8,203,68,,4521
1224,birth,grazer,28,22,229,177,,4522
1224,birth,grazer,6,2,50,17,,4523
1224,birth,grazer,29,10,239,85,,4524
1224,birth,grazer,11,14,94,119,,4525
1225,birth,grazer,31,25,249,207,,4526
1225,birth,grazer,14,13,112,104,,4527
1225,birth,grazer,8,12,66,99,,4528
1225,birth,grazer,16,2,129,23,,4529
1225,birth,grazer,13,27,109,217,,4530
1225,birth,grazer,16,7,128,56,,4531
1225,death,grazer,4,2,36,22,eaten,1825
1225,death,grazer,7,6,60,52,eaten,241
1226,birth,grazer,16,26,135,215,,4532
1226,birth,grazer,11,13,95,105,,4533
1226,birth,grazer,14,2,118,22,,4534
1226,birth,grazer,12,5,97,47,,4535
1227,birth,grazer,13,13,104,104,,4536
1227,birth,grazer,4,6,38,54,,4537
1227,birth,grazer,6,15,55,126,,4538
1227,birth,grazer,5,24,47,196,,4539
1227,birth,grazer,11,9,94,72,,4540
1227,birth,grazer,8,8,68,66,,4541
1227,birth,grazer,8,23,64,191,,4542
1227,birth,grazer,9,22,72,177,,4543
1228,birth,grazer,31,19,255,152,,4544
1228,birth,grazer,8,28,66,229,,4545
1228,birth,grazer,3,7,24,56,,4546
1228,birth,grazer,12,25,103,202,,4547
1228,birth,grazer,17,6,142,48,,4548
1228,birth,grazer,8,25,69,200,,4549
1228,birth,grazer,31,17,250,139,,4550
1229,birth,grazer,7,18,60,148,,4551
1229,birth,grazer,5,22,46,180,,4552
1229,birth,grazer,11,15,93,122,,4553
1229,birth,grazer,14,13,112,104,,4554
1229,birth,grazer,28,5,227,40,,4555
1229,birth,grazer,16,28,135,224,,4556
1230,birth,grazer,18,17,151,143,,4557
1230,birth,grazer,8,2,71,16,,4558
1230,birth,grazer,22,19,177,152,,4559
1231,birth,grazer,13,3,111,27,,4560
1231,birth,grazer,15,6,125,53,,4561
1231,birth,grazer,8,20,70,163,,4562
1231,birth,grazer,7,18,56,144,,4563
1231,birth,grazer,25,11,200,95,,4564
1231,birth,grazer,18,28,150,231,,4565
1232,birth,grazer,17,27,142,217,,4566
1232,birth,grazer,8,17,64,136,,4567
1232,birth,grazer,27,18,222,147,,4568
1232,birth,grazer,4,3,36,29,,4569
1232,birth,grazer,6,17,53,143,,4570
1233,birth,grazer,23,19,190,158,,4571
1233,birth,grazer,22,15,182,126,,4572
1233,birth,grazer,9,26,79,213,,4573
1233,birth,grazer,28,20,228,165,,4574
1233,birth,grazer,7,7,56,56,,4575
1233,birth,grazer,4,12,37,96,,4576
1234,birth,grazer,12,20,96,161,,4577
1234,birth,grazer,2,21,23,171,,4578
1234,birth,grazer,16,3,128,30,,4579
1234,birth,grazer,2,24,23,193,,4580
1234,birth,grazer,13,22,105,176,,4581
1234,birth,grazer,13,6,111,48,,4582
1235,birth,grazer,8,28,67,229,,4583
1235,birth,grazer,28,6,226,50,,4584
1235,birth,grazer,13,21,104,174,,4585
1235,birth,grazer,12,14,96,114,,4586
1235,birth,grazer,14,3,112,24,,4587
1236,birth,grazer,14,2,116,21,,4588
1236,birth,grazer,27,21,223,171,,4589
1236,birth,grazer,28,18,228,146,,4590
1236,birth,grazer,22,16,183,134,,4591
1236,birth,grazer,2,23,23,186,,4592
1236,birth,grazer,13,13,104,104,,4593
1236,birth,grazer,25,22,207,183,,4594
1237,birth,grazer,31,16,249,135,,4595
1237,birth,grazer,4,14,35,115,,4596
1237,birth,grazer,5,25,43,206,,4597
1237,birth,grazer,3,24,26,198,,4598
1238,birth,grazer,25,20,207,162,,4599
1238,birth,grazer,5,19,41,156,,4600
1238,birth,grazer,11,9,94,72,,4601
1238,birth,grazer,27,20,218,165,,4602
1238,birth,grazer,18,27,147,219,,4603
1238,birth,grazer,8,1,69,15,,4604
1238,birth,grazer,4,23,32,185,,4605
1238,birth,grazer,28,19,228,152,,4606
1238,birth,grazer,31,18,248,151,,4607
1239,birth,grazer,5,9,40,72,,4608
1239,birth,grazer,27,9,222,76,,4609
1239,birth,grazer,11,2,88,23,,4610
1240,birth,grazer,25,13,205,105,,4611
1240,birth,grazer,3,12,28,96,,4612
1240,birth,grazer,19,27,153,218,,4613
1240,birth,grazer,19,22,152,179,,4614
1240,birth,grazer,27,25,223,200,,4615
1240,birth,grazer,2,19,21,153,,4616
1240,birth,grazer,15,6,127,48,,4617
1240,birth,grazer,2,14,22,113,,4618
1240,birth,grazer,30,19,241,156,,4619
1240,birth,grazer,28,12,227,100,,4620
1240,birth,grazer,25,13,207,107,,4621
1240,birth,grazer,30,14,244,119,,4622
1240,ignition,,7,13,,,,
1240,storm,,0,0,,,,4.5270 1.4739 0.3446
1241,birth,grazer,28,12,227,96,,4623
1241,birth,grazer,12,6,98,49,,4624
1241,birth,grazer,2,12,21,98,,4625
1241,birth,grazer,18,18,151,149,,4626
1241,birth,grazer,28,16,224,133,,4627
1241,birth,grazer,7,24,63,193,,4628
1241,birth,grazer,4,14,33,119,,4629
1241,birth,grazer,6,11,49,90,,4630
1241,birth,grazer,9,9,73,73,,4631
1241,birth,grazer,29,11,239,90,,4632
1242,birth,grazer,29,25,237,200,,4633
1242,birth,grazer,14,25,113,202,,4634
1242,birth,grazer,4,11,37,90,,4635
1242,birth,grazer,30,17,246,140,,4636
1242,birth,grazer,2,14,22,112,,4637
1243,birth,grazer,2,7,23,59,,4638
1243,birth,grazer,9,9,72,72,,4639
1243,birth,grazer,14,9,112,74,,4640
1243,birth,grazer,10,15,81,126,,4641
1243,birth,grazer,27,24,217,195,,4642
1243,birth,grazer,2,8,23,68,,4643
1243,birth,grazer,5,12,40,96,,4644
1243,birth,grazer,25,23,205,184,,4645
1243,birth,grazer,10,13,80,109,,4646
1243,birth,grazer,11,15,89,125,,4647
1243,burnout,,7,13,,,,
1244,birth,grazer,7,7,57,61,,4648
1244,birth,grazer,0,3,0,28,,4649
1244,birth,grazer,3,0,25,0,,4650
1244,birth,grazer,19,28,156,229,,4651
1244,birth,grazer,21,8,170,69,,4652
1244,birth,grazer,4,25,34,201,,4653
1244,birth,grazer,29,9,236,77,,4654
1244,birth,grazer,0,0,7,0,,4655
1244,birth,grazer,1,0,10,0,,4656
1244,birth,grazer,24,17,197,143,,4657
1244,birth,grazer,20,24,161,197,,4658
1244,birth,grazer,6,20,51,167,,4659
1244,birth,grazer,27,17,221,141,,4660
1244,birth,grazer,7,12,59,100,,4661
1244,birth,grazer,12,23,103,184,,4662
1244,birth,grazer,0,0,4,0,,4663
1244,birth,grazer,4,0,33,0,,4664
1244,death,grazer,30,0,246,0,eaten,96
1245,birth,grazer,11,21,95,171,,4665
1245,birth,grazer,29,18,233,148,,4666
1245,birth,grazer,4,0,32,0,,4667
1245,birth,grazer,21,19,168,153,,4668
1245,birth,grazer,2,2,19,23,,4669
1245,birth,grazer,14,3,113,30,,4670
1245,birth,grazer,29,12,232,96,,4671
1245,birth,grazer,2,0,23,0,,4672
1245,birth,grazer,9,16,75,129,,4673
1245,birth,grazer,10,17,81,141,,4674
1245,birth,grazer,3,8,27,65,,4675
1245,birth,grazer,12,19,96,159,,4676
1245,birth,grazer,8,8,67,69,,4677
1245,birth,grazer,28,16,230,134,,4678
1245,birth,grazer,9,11,74,91,,4679
1245,birth,grazer,3,0,27,0,,4680
1245,birth,grazer,1,0,14,0,,4681
1245,birth,grazer,10,2,86,22,,4682
1246,birth,grazer,10,28,81,229,,4683
1246,birth,grazer,14,26,112,215,,4684
1246,birth,grazer,7,9,59,77,,4685
1246,birth,grazer,7,4,61,39,,4686
1246,birth,grazer,6,8,48,64,,4687
1246,birth,grazer,4,13,35,109,,4688
1246,birth,grazer,2,20,20,163,,4689
1246,birth,grazer,6,3,51,30,,4690
1246,birth,grazer,12,4,97,37,,4691
1247,birth,grazer,6,18,48,144,,4692
1247,birth,grazer,16,24,132,196,,4693
1247,birth,grazer,22,27,176,220,,4694
1247,birth,grazer,20,21,160,174,,4695
1247,birth,grazer,6,16,48,134,,4696
1247,birth,grazer,11,27,94,219,,4697
1248,birth,grazer,7,10,60,86,,4698
1248,birth,grazer,15,7,120,60,,4699
1248,birth,grazer,27,22,216,176,,4700
1248,birth,grazer,6,12,52,103,,4701
1248,birth,grazer,10,6,84,50,,4702
1248,birth,grazer,16,27,130,216,,4703
1248,birth,grazer,8,24,71,195,,4704
1248,birth,grazer,21,25,169,203,,4705
1249,birth,grazer,17,4,139,39,,4706
1249,birth,grazer,3,11,28,91,,4707
1249,birth,grazer,3,26,26,212,,4708
1249,birth,grazer,21,8,169,64,,4709
1249,birth,grazer,4,17,36,142,,4710
1249,birth,grazer,3,2,31,21,,4711
1249,birth,grazer,8,19,68,152,,4712
1250,birth,grazer,12,22,103,176,,4713
1250,birth,grazer,6,10,53,87,,4714
1250,birth,grazer,2,10,22,82,,4715
1250,birth,grazer,12,5,102,41,,4716
1250,birth,grazer,11,3,93,30,,4717
1250,birth,grazer,11,3,88,31,,4718
1250,birth,grazer,13,5,105,47,,4719
1250,birth,grazer,10,16,85,135,,4720
1250,birth,grazer,11,6,89,55,,4721
1250,germination,tree,10,5,86,41,,4722
1250,germination,tree,28,20,226,165,,4723
1250,tree_death,tree,27,20,216,160,crowded,630
1250,germination,tree,7,3,57,29,,4724
1250,germination,tree,21,5,168,43,,4725
1250,tree_death,tree,22,4,178,38,crowded,691
1251,birth,grazer,7,25,57,205,,4726
1251,birth,grazer,7,23,57,191,,4727
1251,birth,grazer,9,17,73,140,,4728
1251,birth,grazer,28,20,225,165,,4729
1251,birth,grazer,28,15,231,123,,4730
1251,birth,grazer,24,21,199,172,,4731
1251,birth,grazer,27,8,216,71,,4732
1251,birth,grazer,29,17,234,140,,4733
1251,birth,grazer,29,20,232,160,,4734
1251,birth,grazer,8,18,64,149,,4735
1251,death,hunter,30,22,241,183,starved,393
1252,birth,grazer,9,18,75,144,,4736
1252,birth,grazer,19,20,159,163,,4737
1252,birth,grazer,24,12,199,103,,4738
1252,birth,grazer,25,3,200,31,,4739
1252,birth,grazer,5,24,46,193,,4740
1252,death,grazer,30,0,246,0,crowded,1665
1252,birth,grazer,5,2,47,16,,4741
1252,birth,grazer,9,16,74,130,,4742
1252,birth,grazer,13,28,106,224,,4743
1253,birth,grazer,24,22,198,177,,4744
1253,birth,grazer,3,13,24,106,,4745
1253,birth,grazer,15,27,121,217,,4746
1253,birth,grazer,5,8,40,67,,4747
1253,birth,grazer,15,6,125,48,,4748
1253,birth,grazer,28,5,226,44,,4749
1253,birth,grazer,7,7,56,56,,4750
1253,birth,grazer,30,18,246,145,,4751
1254,birth,grazer,4,19,36,153,,4752
1254,birth,grazer,6,1,48,15,,4753
1254,birth,grazer,6,12,50,97,,4754
1254,birth,grazer,3,28,31,224,,4755
1254,birth,grazer,18,24,148,199,,4756
1254,birth,grazer,3,23,24,184,,4757
1254,birth,grazer,4,19,37,155,,4758
1254,birth,grazer,4,21,32,170,,4759
1254,birth,grazer,5,13,45,104,,4760
1254,birth,grazer,29,19,237,158,,4761
1254,birth,grazer,15,25,120,205,,4762
1254,birth,grazer,21,19,168,153,,4763
1254,birth,grazer,7,5,57,46,,4764
1254,birth,grazer,6,2,49,17,,4765
1254,birth,grazer,10,5,86,46,,4766
1255,birth,grazer,30,25,244,203,,4767
1255,birth,grazer,19,19,157,156,,4768
1255,birth,grazer,10,24,85,196,,4769
1255,birth,grazer,8,17,67,138,,4770
1255,birth,grazer,30,20,245,160,,4771
1255,birth,grazer,0,1,0,15,,4772
1255,birth,grazer,8,7,64,57,,4773
1255,birth,grazer,13,5,106,44,,4774
1255,birth,grazer,30,16,244,133,,4775
1255,birth,grazer,16,24,133,199,,4776
1255,birth,grazer,31,25,249,202,,4777
1255,birth,grazer,0,9,0,74,,4778
1256,birth,grazer,3,14,30,118,,4779
1256,birth,grazer,4,26,36,211,,4780
1256,birth,grazer,6,4,54,37,,4781
1256,birth,grazer,22,17,183,142,,4782
1256,birth,grazer,9,5,78,41,,4783
1256,birth,grazer,7,26,60,208,,4784
1256,birth,grazer,10,15,80,125,,4785
1256,birth,grazer,2,22,23,181,,4786
1256,birth,grazer,2,11,23,88,,4787
1256,birth,grazer,3,26,31,208,,4788
1257,birth,grazer,6,25,49,202,,4789
1257,birth,grazer,2,7,23,56,,4790
1257,birth,grazer,9,7,73,58,,4791
1257,birth,grazer,12,6,98,55,,4792
1257,birth,grazer,8,17,68,143,,4793
1258,birth,grazer,26,3,214,27,,4794
1258,birth,grazer,29,2,237,21,,4795
1258,birth,grazer,25,6,203,51,,4796
1258,birth,grazer,5,2,47,16,,4797
1258,birth,grazer,13,22,107,177,,4798
1258,birth,grazer,18,26,149,212,,4799
1258,birth,grazer,9,15,73,125,,4800
1258,birth,grazer,12,11,102,90,,4801
1258,birth,grazer,26,3,213,27,,4802
1258,death,grazer,27,5,220,43,crowded,4264
1259,birth,grazer,0,18,0,150,,4803
1259,birth,grazer,12,0,98,1,,4804
1259,birth,grazer,7,15,56,126,,4805
1259,birth,grazer,1,28,14,224,,4806
1259,birth,grazer,14,0,114,2,,4807
1259,birth,grazer,0,4,0,34,,4808
1259,birth,grazer,0,21,0,172,,4809
1259,birth,grazer,14,0,115,2,,4810
1259,birth,grazer,0,20,0,163,,4811
1259,birth,grazer,15,0,121,0,,4812
1259,birth,grazer,25,23,204,184,,4813
1259,birth,grazer,4,28,32,224,,4814
1259,birth,grazer,0,17,0,142,,4815
1259,birth,grazer,11,0,94,2,,4816
1259,birth,grazer,11,0,94,1,,4817
1259,birth,grazer,0,22,0,181,,4818
1259,birth,grazer,16,0,130,2,,4819
1259,birth,grazer,0,19,0,154,,4820
1259,birth,grazer,17,0,141,0,,4821
1259,birth,grazer,13,7,109,60,,4822
1259,birth,grazer,14,26,112,213,,4823
1259,birth,grazer,0,17,0,141,,4824
1259,birth,grazer,13,0,109,1,,4825
1259,birth,grazer,16,0,131,1,,4826
1259,birth,grazer,0,21,0,169,,4827
1259,birth,grazer,0,20,0,164,,4828
1260,birth,grazer,30,15,247,125,,4829
1260,birth,grazer,28,25,227,203,,4830
1260,birth,grazer,5,25,41,200,,4831
1260,birth,grazer,18,19,151,157,,4832
1260,birth,grazer,16,5,128,47,,4833
1260,birth,grazer,12,20,96,166,,4834
1260,birth,grazer,9,6,75,51,,4835
1260,birth,grazer,26,24,215,192,,4836
1260,birth,grazer,26,5,215,40,,4837
1260,birth,grazer,1,28,8,226,,4838
1260,birth,grazer,12,0,96,2,,4839
1261,birth,grazer,3,3,25,27,,4840
1261,birth,grazer,22,15,183,126,,4841
1261,birth,grazer,25,5,200,40,,4842
1261,birth,grazer,2,26,18,214,,4843
1262,birth,grazer,13,11,104,89,,4844
1262,birth,grazer,11,14,94,115,,4845
1262,birth,grazer,4,5,38,41,,4846
1262,birth,grazer,10,6,83,49,,4847
1262,birth,grazer,31,16,255,135,,4848
1262,birth,grazer,0,18,0,151,,4849
1263,birth,grazer,14,2,116,23,,4850
1263,birth,grazer,13,23,107,191,,4851
1263,birth,grazer,5,21,47,172,,4852
1263,birth,grazer,1,30,8,247,,4853
1263,birth,grazer,1,0,11,0,,4854
1263,birth,grazer,0,19,0,153,,4855
1264,birth,grazer,4,2,32,21,,4856
1264,birth,grazer,7,8,61,65,,4857
1264,birth,grazer,31,0,248,0,,4858
1264,birth,grazer,8,25,66,202,,4859
1265,birth,grazer,8,2,65,22,,4860
1265,birth,grazer,2,21,23,170,,4861
1265,birth,grazer,10,2,87,21,,4862
1265,birth,grazer,5,10,40,81,,4863
1265,birth,grazer,7,24,57,193,,4864
1266,birth,grazer,2,11,20,88,,4865
1267,birth,grazer,6,15,48,126,,4866
1267,birth,grazer,12,19,96,158,,4867
1267,birth,grazer,19,24,159,197,,4868
1267,birth,grazer,2,14,20,112,,4869
1267,birth,grazer,7,16,57,135,,4870
1267,birth,grazer,14,24,119,196,,4871
1267,birth,grazer,4,25,39,200,,4872
1267,birth,grazer,18,23,150,189,,4873
1267,birth,grazer,4,3,32,31,,4874
1267,birth,grazer,4,27,36,220,,4875
1268,birth,grazer,25,23,206,184,,4876
1268,birth,grazer,4,24,32,198,,4877
1268,birth,grazer,14,10,113,83,,4878
1268,birth,grazer,5,26,43,208,,4879
1269,birth,grazer,31,0,248,0,,4880
1269,birth,grazer,14,11,119,95,,4881
1269,birth,grazer,20,26,164,214,,4882
1269,birth,grazer,22,27,176,216,,4883
1269,birth,grazer,24,19,193,159,,4884
1269,birth,grazer,11,9,92,77,,4885
1269,birth,grazer,0,23,0,184,,4886
1269,birth,grazer,5,3,44,30,,4887
1269,birth,grazer,31,27,253,218,,4888
1269,death,grazer,29,7,236,60,crowded,2964
1270,birth,grazer,7,17,60,139,,4889
1270,birth,grazer,4,2,33,22,,4890
1270,birth,grazer,4,2,33,21,,4891
1270,birth,grazer,26,20,208,160,,4892
1270,birth,grazer,11,20,94,161,,4893
1271,birth,grazer,21,19,168,156,,4894
1271,birth,grazer,2,16,20,135,,4895
1271,birth,grazer,30,18,241,146,,4896
1271,birth,grazer,3,25,29,204,,4897
1271,birth,grazer,24,20,199,160,,4898
1271,birth,grazer,7,4,61,34,,4899
1271,birth,grazer,13,0,107,1,,4900
1271,birth,grazer,6,24,50,197,,4901
1271,birth,grazer,25,22,206,178,,4902
1271,birth,grazer,27,22,216,183,,4903
1272,birth,grazer,27,23,221,186,,4904
1272,birth,grazer,25,2,204,21,,4905
1272,birth,grazer,0,0,5,0,,4906
1272,birth,grazer,2,26,21,208,,4907
1272,birth,grazer,29,25,237,204,,4908
1272,birth,grazer,28,20,231,165,,4909
1273,birth,grazer,31,24,251,199,,4910
1273,birth,grazer,28,4,224,32,,4911
1273,birth,grazer,26,23,211,184,,4912
1273,birth,grazer,24,16,193,131,,4913
1273,birth,grazer,7,19,60,158,,4914
1273,birth,grazer,15,8,120,65,,4915
1274,birth,grazer,9,20,78,164,,4916
1274,birth,grazer,13,13,104,104,,4917
1274,birth,grazer,10,7,80,58,,4918
1274,birth,grazer,6,20,48,163,,4919
1274,birth,grazer,7,22,63,180,,4920
1274,birth,grazer,31,4,255,38,,4921
1274,birth,grazer,7,26,57,211,,4922
1274,birth,grazer,9,27,79,221,,4923
1274,death,grazer,29,3,236,30,eaten,247
1275,birth,grazer,28,3,224,28,,4924
1275,birth,grazer,5,15,44,126,,4925
1275,birth,grazer,7,20,59,163,,4926
1275,birth,grazer,3,26,24,208,,4927
1275,birth,grazer,3,19,26,158,,4928
1275,birth,grazer,31,25,248,201,,4929
1275,birth,grazer,28,23,230,191,,4930
1275,birth,grazer,31,28,253,227,,4931
1275,birth,grazer,7,28,61,224,,4932
1275,birth,grazer,3,13,25,111,,4933
1275,birth,grazer,12,8,99,67,,4934
1275,birth,grazer,16,26,128,215,,4935
1275,birth,grazer,27,17,217,137,,4936
1275,birth,grazer,31,23,248,191,,4937
1276,birth,grazer,2,21,20,168,,4938
1276,birth,grazer,28,22,231,182,,4939
1276,birth,grazer,8,19,64,156,,4940
1276,birth,grazer,4,5,37,47,,4941
1276,birth,grazer,27,5,217,40,,4942
1276,birth,grazer,29,21,233,175,,4943
1276,birth,grazer,31,17,252,142,,4944
1276,birth,grazer,7,21,61,171,,4945
1276,birth,grazer,7,17,59,137,,4946
1276,birth,grazer,11,28,89,226,,4947
1277,birth,grazer,10,22,80,181,,4948
1277,birth,grazer,29,17,232,136,,4949
1277,birth,grazer,8,3,65,27,,4950
1277,birth,grazer,15,11,120,88,,4951
1277,birth,grazer,11,23,93,191,,4952
1277,birth,grazer,30,8,242,71,,4953
1277,birth,grazer,30,23,240,186,,4954
1277,birth,grazer,9,5,77,47,,4955
1277,birth,grazer,11,27,92,218,,4956
1277,birth,grazer,27,13,218,111,,4957
1277,birth,grazer,10,21,81,170,,4958
1277,birth,grazer,5,27,47,218,,4959
1278,birth,grazer,26,11,215,89,,4960
1278,birth,grazer,25,7,206,60,,4961
1278,birth,grazer,4,15,32,120,,4962
1278,birth,grazer,29,26,234,208,,4963
1278,birth,grazer,28,19,231,159,,4964
1278,birth,grazer,6,15,55,127,,4965
1278,birth,grazer,28,9,231,73,,4966
1279,birth,grazer,12,28,101,225,,4967
1279,birth,grazer,4,14,37,112,,4968
1279,birth,grazer,4,23,37,184,,4969
1279,birth,grazer,21,18,169,150,,4970
1279,birth,grazer,21,27,168,217,,4971
1279,birth,grazer,25,10,205,80,,4972
1279,birth,grazer,12,12,97,98,,4973
1279,birth,grazer,2,26,21,208,,4974
1279,birth,grazer,8,28,67,229,,4975
1279,birth,grazer,27,21,217,170,,4976
1279,birth,grazer,20,25,160,203,,4977
1279,birth,grazer,18,27,150,221,,4978
1279,birth,grazer,14,0,114,1,,4979
1279,birth,grazer,30,21,240,170,,4980
1279,birth,grazer,9,18,73,148,,4981
1279,birth,grazer,23,11,190,95,,4982
1279,birth,grazer,3,10,30,84,,4983
1279,birth,grazer,25,9,205,72,,4984
1280,birth,grazer,10,22,80,183,,4985
1280,birth,grazer,28,26,231,208,,4986
1280,birth,grazer,15,12,121,97,,4987
1280,birth,grazer,7,26,57,208,,4988
1280,birth,grazer,17,23,137,190,,4989
1280,birth,grazer,21,25,169,207,,4990
1280,birth,grazer,29,23,238,189,,4991
1280,birth,grazer,16,27,128,219,,4992
1280,birth,grazer,9,2,76,21,,4993
1280,birth,grazer,14,6,119,49,,4994
1280,birth,grazer,18,22,150,181,,4995
1280,birth,grazer,20,28,167,225,,4996
1281,birth,grazer,11,21,94,173,,4997
1281,birth,grazer,28,7,229,59,,4998
1281,birth,grazer,6,18,48,149,,4999
1281,birth,grazer,14,9,114,74,,5000
1281,birth,grazer,9,25,75,200,,5001
1281,birth,grazer,8,21,65,172,,5002
1281,birth,grazer,29,22,233,180,,5003
1281,birth,grazer,7,27,63,219,,5004
1281,birth,grazer,26,9,208,72,,5005
1282,birth,grazer,17,27,143,217,,5006
1282,birth,grazer,8,22,71,178,,5007
1282,birth,grazer,30,31,245,252,,5008
1282,birth,grazer,29,31,233,249,,5009
1282,birth,grazer,25,20,200,161,,5010
1282,birth,grazer,15,26,120,208,,5011
1282,birth,grazer,27,31,222,250,,5012
1282,birth,grazer,28,30,224,247,,5013
1282,birth,grazer,25,13,200,109,,5014
1282,birth,grazer,29,30,235,247,,5015
1282,birth,grazer,27,31,222,254,,5016
1282,birth,grazer,2,19,21,153,,5017
1282,birth,grazer,14,24,113,198,,5018
1282,birth,grazer,14,27,117,218,,5019
1282,birth,grazer,30,30,246,247,,5020
1282,birth,grazer,28,31,226,250,,5021
1282,birth,grazer,30,31,245,254,,5022
1282,birth,grazer,31,31,249,252,,5023
1283,birth,grazer,25,19,204,159,,5024
1283,birth,grazer,27,25,223,200,,5025
1283,birth,grazer,11,8,93,66,,5026
1283,birth,grazer,29,3,235,24,,5027
1283,birth,grazer,14,28,114,226,,5028
1283,birth,grazer,23,13,189,106,,5029
1283,birth,grazer,29,15,235,125,,5030
1283,birth,grazer,16,0,134,0,,5031
1283,birth,grazer,22,12,183,103,,5032
1283,birth,grazer,28,31,224,252,,5033
1283,birth,grazer,14,23,114,191,,5034
1284,birth,grazer,29,19,235,153,,5035
1284,birth,grazer,0,28,7,225,,5036
1284,birth,grazer,26,5,214,40,,5037
1284,birth,grazer,17,27,136,223,,5038
1284,birth,grazer,29,30,235,247,,5039
1284,birth,grazer,0,25,0,205,,5040
1285,birth,grazer,9,16,73,130,,5041
1285,birth,grazer,4,18,32,149,,5042
1285,birth,grazer,7,27,60,223,,5043
1285,birth,grazer,22,12,183,103,,5044
1285,birth,grazer,0,30,1,247,,5045
1285,birth,grazer,2,12,23,97,,5046
1286,birth,grazer,15,26,122,209,,5047
1286,birth,grazer,6,7,53,63,,5048
1286,birth,grazer,10,28,81,229,,5049
1287,birth,grazer,27,23,216,185,,5050
1287,birth,grazer,11,27,90,219,,5051
1287,birth,grazer,25,27,206,216,,5052
1287,birth,grazer,1,25,15,203,,5053
1287,birth,grazer,24,26,199,214,,5054
1287,birth,grazer,26,25,213,202,,5055
1287,birth,grazer,24,25,195,206,,5056
1287,birth,grazer,5,22,46,181,,5057
1287,birth,grazer,25,4,207,37,,5058
1287,birth,grazer,2,28,17,226,,5059
1287,birth,grazer,2,2,21,22,,5060
1287,birth,grazer,23,25,184,206,,5061
1287,birth,grazer,28,27,226,222,,5062
1287,death,grazer,18,7,146,63,eaten,1239
1288,birth,grazer,25,7,207,61,,5063
1288,birth,grazer,2,27,22,216,,5064
1288,birth,grazer,29,11,232,88,,5065
1288,birth,grazer,30,14,245,114,,5066
1288,birth,grazer,11,22,93,177,,5067
1288,birth,grazer,5,14,40,112,,5068
1288,birth,grazer,16,6,128,48,,5069
1288,birth,grazer,8,17,64,136,,5070
1288,birth,grazer,5,4,46,39,,5071
1288,birth,grazer,23,24,184,199,,5072
1288,birth,grazer,24,8,199,69,,5073
1288,birth,grazer,0,24,0,192,,5074
1289,birth,grazer,31,15,252,123,,5075
1289,birth,grazer,27,26,223,209,,5076
1289,birth,grazer,12,9,101,75,,5077
1289,birth,grazer,11,23,95,190,,5078
1289,birth,grazer,22,23,178,191,,5079
1289,birth,grazer,0,25,0,204,,5080
1289,birth,grazer,28,30,226,246,,5081
1289,birth,grazer,27,9,217,72,,5082
1289,death,grazer,31,5,253,43,eaten,608
1290,birth,grazer,31,2,249,23,,5083
1290,birth,grazer,31,2,249,23,,5084
1290,birth,grazer,30,20,245,165,,5085
1290,birth,grazer,2,28,17,226,,5086
1290,birth,grazer,14,25,112,207,,5087
1290,birth,grazer,12,20,96,167,,5088
1290,birth,grazer,11,6,90,48,,5089
1290,birth,grazer,6,5,48,42,,5090
1290,birth,grazer,13,0,109,2,,5091
1290,birth,grazer,2,20,23,165,,5092
1290,birth,grazer,4,20,35,162,,5093
1290,birth,grazer,29,9,239,73,,5094
1290,birth,grazer,30,21,240,171,,5095
1290,birth,grazer,26,17,210,139,,5096
1291,birth,grazer,28,24,225,197,,5097
1291,birth,grazer,22,28,182,225,,5098
1291,birth,grazer,3,7,26,56,,5099
1291,birth,grazer,4,22,32,180,,5100
1291,birth,grazer,11,5,90,42,,5101
1291,birth,grazer,28,9,226,78,,5102
1291,birth,grazer,23,26,186,208,,5103
1291,birth,grazer,15,7,121,59,,5104
1291,birth,grazer,10,2,83,22,,5105
1292,birth,grazer,12,19,96,158,,5106
1292,death,grazer,4,13,38,110,crowded,1782
1292,birth,grazer,2,16,23,135,,5107
1292,birth,grazer,18,17,148,141,,5108
1292,birth,grazer,21,27,168,221,,5109
1292,birth,grazer,25,22,205,182,,5110
1292,death,grazer,18,7,146,60,eaten,1024
1293,birth,grazer,9,23,78,187,,5111
1293,birth,grazer,9,5,74,43,,5112
1293,birth,grazer,6,12,55,98,,5113
1293,birth,grazer,28,18,228,144,,5114
1293,birth,grazer,5,20,46,164,,5115
1293,birth,grazer,28,15,229,125,,5116
1293,birth,grazer,26,12,215,97,,5117
1293,birth,grazer,3,26,24,215,,5118
1293,birth,grazer,28,26,225,212,,5119
1293,birth,grazer,4,3,34,25,,5120
1293,birth,grazer,0,22,0,180,,5121
1294,birth,grazer,10,16,81,129,,5122
1294,birth,grazer,0,26,0,215,,5123
1294,birth,grazer,9,17,78,136,,5124
1294,birth,grazer,13,28,111,226,,5125
1295,birth,grazer,19,27,153,218,,5126
1295,birth,grazer,31,0,248,0,,5127
1295,birth,grazer,1,27,15,221,,5128
1295,birth,grazer,0,26,0,208,,5129
1295,birth,grazer,2,22,22,178,,5130
1295,birth,grazer,2,14,22,113,,5131
1295,birth,grazer,7,15,62,125,,5132
1295,birth,grazer,21,25,170,206,,5133
1295,birth,grazer,30,6,240,53,,5134
1295,birth,grazer,4,4,32,39,,5135
1295,storm,,0,0,,,,1.3632 0.4038 0.0221
1296,birth,grazer,5,20,47,160,,5136
1296,birth,grazer,1,26,15,209,,5137
1296,birth,grazer,4,25,32,203,,5138
1296,birth,grazer,7,11,56,95,,5139
1296,birth,grazer,9,21,73,172,,5140
1297,birth,grazer,12,11,97,91,,5141
1297,birth,grazer,10,26,87,212,,5142
1297,birth,grazer,26,24,214,192,,5143
1297,birth,grazer,27,12,219,96,,5144
1297,birth,grazer,17,26,143,212,,5145
1297,birth,grazer,1,26,15,209,,5146
1297,birth,grazer,13,21,104,175,,5147
1298,birth,grazer,24,27,194,221,,5148
1298,birth,grazer,21,31,169,249,,5149
1298,birth,grazer,30,31,242,249,,5150
1298,birth,grazer,30,16,244,135,,5151
1298,birth,grazer,23,31,186,254,,5152
1298,birth,grazer,25,18,202,145,,5153
1298,birth,grazer,31,24,248,194,,5154
1298,birth,grazer,7,14,56,112,,5155
1298,birth,grazer,10,4,85,36,,5156
1298,birth,grazer,0,27,1,221,,5157
1298,birth,grazer,6,15,50,125,,5158
1298,birth,grazer,23,26,187,212,,5159
1298,birth,grazer,20,31,165,248,,5160
1298,birth,grazer,25,26,201,214,,5161
1298,birth,grazer,22,30,180,247,,5162
1298,death,grazer,8,6,64,55,eaten,854
1299,birth,grazer,30,8,243,64,,5163
1299,birth,grazer,13,26,108,210,,5164
1299,birth,grazer,18,21,151,175,,5165
1299,birth,grazer,23,24,188,193,,5166
1299,birth,grazer,23,19,191,155,,5167
1299,birth,grazer,20,27,160,218,,5168
1299,birth,grazer,10,5,81,41,,5169
1299,birth,grazer,8,24,68,198,,5170
1299,birth,grazer,22,31,178,248,,5171
1300,birth,grazer,20,30,163,247,,5172
1300,birth,grazer,0,21,0,172,,5173
1300,birth,grazer,12,13,99,108,,5174
1300,birth,grazer,29,30,235,247,,5175
1300,birth,grazer,21,24,173,197,,5176
1300,birth,grazer,23,30,189,247,,5177
1300,birth,grazer,30,15,246,126,,5178
1300,birth,grazer,12,27,97,216,,5179
1300,birth,grazer,28,26,227,210,,5180
1300,germination,tree,12,22,96,182,,5181
1300,germination,tree,19,27,153,219,,5182
1300,ignition,,5,22,,,,
1301,birth,grazer,23,4,188,36,,5183
1301,birth,grazer,3,4,29,35,,5184
1301,birth,grazer,24,21,197,168,,5185
1301,birth,grazer,11,28,88,224,,5186
1301,birth,grazer,19,22,152,176,,5187
1301,birth,grazer,31,23,252,191,,5188
1301,birth,grazer,12,26,103,208,,5189
1301,death,grazer,31,2,249,23,eaten,365
1302,birth,grazer,12,28,98,224,,5190
1302,birth,grazer,0,29,0,239,,5191
1302,birth,grazer,11,14,94,113,,5192
1302,birth,grazer,3,12,30,103,,5193
1302,birth,grazer,11,11,92,91,,5194
1302,birth,grazer,8,16,69,129,,5195
1302,birth,grazer,11,12,93,97,,5196
1302,birth,grazer,18,19,150,155,,5197
1302,birth,grazer,0,28,4,226,,5198
1302,birth,grazer,11,11,93,91,,5199
1302,birth,grazer,23,30,184,247,,5200
1302,birth,grazer,22,25,176,206,,5201
1302,birth,grazer,15,23,127,191,,5202
1302,birth,grazer,23,27,184,222,,5203
1302,birth,grazer,30,27,247,220,,5204
1302,death,grazer,21,17,173,137,eaten,569
1303,birth,grazer,13,22,107,183,,5205
1303,birth,grazer,3,15,27,126,,5206
1303,birth,grazer,22,31,178,248,,5207
1303,birth,grazer,30,26,245,210,,5208
1303,birth,grazer,27,11,216,91,,5209
1303,birth,grazer,10,15,85,126,,5210
1303,birth,grazer,2,20,23,164,,5211
1303,birth,grazer,9,8,78,65,,5212
1303,birth,grazer,27,31,223,248,,5213
1303,birth,grazer,0,24,0,193,,5214
1303,birth,grazer,8,26,70,214,,5215
1303,birth,grazer,27,21,218,170,,5216
1303,burnout,,5,22,,,,
1304,birth,grazer,12,20,96,160,,5217
1304,birth,grazer,22,23,183,191,,5218
1304,birth,grazer,12,24,103,197,,5219
1304,birth,grazer,24,9,196,77,,5220
1304,birth,grazer,22,26,176,215,,5221
1304,birth,grazer,22,17,183,137,,5222
1304,birth,grazer,25,10,202,80,,5223
1304,birth,grazer,9,25,78,207,,5224
1305,birth,grazer,8,20,66,162,,5225
1305,birth,grazer,25,9,203,75,,5226
1305,birth,grazer,27,22,216,176,,5227
1305,birth,grazer,13,21,104,175,,5228
1305,birth,grazer,16,28,135,225,,5229
1305,birth,grazer,9,27,77,223,,5230
1305,birth,grazer,30,16,246,128,,5231
1306,birth,grazer,23,6,184,48,,5232
1306,birth,grazer,21,30,168,247,,5233
1306,birth,grazer,25,20,202,162,,5234
1306,birth,grazer,30,26,242,213,,5235
1306,birth,grazer,25,20,207,161,,5236
1306,birth,grazer,11,13,94,105,,5237
1306,birth,grazer,15,12,120,96,,5238
1306,birth,grazer,30,27,244,218,,5239
1306,birth,grazer,13,13,104,104,,5240
1306,birth,grazer,24,11,194,88,,5241
1306,death,grazer,4,14,34,112,eaten,79
1307,birth,grazer,5,13,42,105,,5242
1307,birth,grazer,14,4,117,34,,5243
1307,birth,grazer,20,31,166,250,,5244
1307,birth,grazer,5,19,47,155,,5245
1307,birth,grazer,14,11,117,88,,5246
1308,birth,grazer,7,27,62,220,,5247
1308,birth,grazer,11,5,88,43,,5248
1308,birth,grazer,20,26,167,213,,5249
1308,birth,grazer,29,16,238,130,,5250
1309,birth,grazer,19,17,157,139,,5251
1309,birth,grazer,4,11,34,93,,5252
1309,birth,grazer,20,26,164,210,,5253
1309,birth,grazer,9,22,73,181,,5254
1309,birth,grazer,9,24,79,196,,5255
1309,birth,grazer,0,28,0,230,,5256
1309,birth,grazer,17,24,138,199,,5257
1309,birth,grazer,23,31,187,252,,5258
1309,birth,grazer,14,12,112,103,,5259
1309,birth,grazer,28,21,224,168,,5260
1309,birth,grazer,1,30,9,247,,5261
1310,birth,grazer,31,3,248,24,,5262
1310,birth,grazer,23,13,191,105,,5263
1310,birth,grazer,5,11,42,88,,5264
1310,birth,grazer,7,23,63,184,,5265
1310,birth,grazer,24,14,192,115,,5266
1310,birth,grazer,2,11,23,88,,5267
1310,birth,grazer,28,8,231,67,,5268
1310,birth,grazer,4,14,32,119,,5269
1310,birth,grazer,8,22,67,183,,5270
1310,birth,grazer,8,19,68,155,,5271
1310,birth,grazer,16,23,128,191,,5272
1310,birth,grazer,23,14,190,114,,5273
1310,ignition,,14,9,,,,
1311,birth,grazer,12,5,96,40,,5274
1311,birth,grazer,5,19,40,152,,5275
1311,birth,grazer,14,28,117,226,,5276
1311,birth,grazer,8,17,65,136,,5277
1311,birth,grazer,20,24,162,197,,5278
1311,birth,grazer,14,9,112,73,,5279
1311,birth,grazer,9,20,78,165,,5280
1312,birth,grazer,3,9,29,73,,5281
1312,birth,grazer,25,19,201,157,,5282
1312,birth,grazer,3,25,24,200,,5283
1312,birth,grazer,22,12,183,103,,5284
1312,birth,grazer,5,6,41,48,,5285
1312,birth,grazer,3,23,28,186,,5286
1312,birth,grazer,20,30,166,247,,5287
1312,birth,grazer,25,13,200,111,,5288
1313,birth,grazer,5,9,41,79,,5289
1313,birth,grazer,3,2,31,21,,5290
1313,birth,grazer,14,9,112,72,,5291
1313,birth,grazer,22,14,183,112,,5292
1313,birth,grazer,7,4,60,33,,5293
1313,birth,grazer,30,8,240,71,,5294
1313,birth,grazer,26,14,208,113,,5295
1313,spread,,14,8,,,,302
1313,burnout,,14,9,,,,
1314,birth,grazer,26,14,210,112,,5296
1314,birth,grazer,31,8,248,70,,5297
1314,birth,grazer,11,24,93,198,,5298
1314,birth,grazer,12,19,96,159,,5299
1314,birth,grazer,27,11,222,95,,5300
1314,birth,grazer,26,18,209,146,,5301
1314,birth,grazer,21,25,170,206,,5302
1314,birth,grazer,26,9,208,72,,5303
1314,birth,grazer,30,14,241,117,,5304
1315,birth,grazer,14,9,112,73,,5305
1315,birth,grazer,24,2,196,23,,5306
1315,birth,grazer,4,22,37,176,,5307
1315,birth,grazer,29,24,233,198,,5308
1316,birth,grazer,29,16,239,133,,5309
1316,birth,grazer,19,22,152,178,,5310
1316,birth,grazer,15,28,126,224,,5311
1316,birth,grazer,14,8,112,71,,5312
1316,birth,grazer,14,9,112,72,,5313
1316,birth,grazer,22,12,183,102,,5314
1316,birth,grazer,15,25,126,205,,5315
1316,birth,grazer,24,14,199,113,,5316
1316,birth,grazer,25,14,203,115,,5317
1316,birth,grazer,8,21,71,173,,5318
1316,death,grazer,3,1,26,15,eaten,774
1316,burnout,,14,8,,,,
1317,birth,grazer,27,10,223,87,,5319
1317,birth,grazer,10,7,81,63,,5320
1317,birth,grazer,12,20,96,167,,5321
1317,birth,grazer,6,19,49,157,,5322
1317,birth,grazer,14,9,112,79,,5323
1317,birth,grazer,12,23,96,184,,5324
1317,birth,grazer,15,28,125,226,,5325
1317,birth,grazer,11,25,94,206,,5326
1317,birth,grazer,4,5,37,43,,5327
1317,birth,grazer,4,13,39,106,,5328
1317,birth,grazer,10,22,83,183,,5329
1317,birth,grazer,28,22,226,183,,5330
1317,birth,grazer,8,7,68,56,,5331
1317,birth,grazer,9,18,72,144,,5332
1318,birth,grazer,20,28,167,224,,5333
1318,birth,grazer,17,24,141,196,,5334
1318,birth,grazer,29,12,234,102,,5335
1318,birth,grazer,14,9,113,73,,5336
1318,birth,grazer,14,9,112,78,,5337
1318,birth,grazer,17,27,139,217,,5338
1318,birth,grazer,24,30,192,246,,5339
1319,birth,grazer,8,10,69,83,,5340
1319,birth,grazer,9,19,74,156,,5341
1319,birth,grazer,4,24,32,199,,5342
1319,birth,grazer,18,2,144,23,,5343
1319,birth,grazer,22,15,182,127,,5344
1319,birth,grazer,3,8,28,65,,5345
1319,birth,grazer,24,6,197,51,,5346
1319,birth,grazer,0,26,0,211,,5347
1319,birth,grazer,25,6,203,51,,5348
1319,birth,grazer,31,6,248,48,,5349
1320,birth,grazer,31,12,255,97,,5350
1320,birth,grazer,21,30,174,247,,5351
1320,birth,grazer,29,5,239,40,,5352
1320,birth,grazer,28,9,227,79,,5353
1320,birth,grazer,6,5,48,40,,5354
1320,birth,grazer,26,2,209,21,,5355
1320,birth,grazer,14,23,113,189,,5356
1320,birth,grazer,11,13,95,104,,5357
1320,birth,grazer,10,19,85,152,,5358
1320,birth,grazer,19,5,159,40,,5359
1321,birth,grazer,18,23,151,186,,5360
1321,birth,grazer,25,18,207,147,,5361
1321,birth,grazer,11,23,95,189,,5362
1321,birth,grazer,25,6,202,50,,5363
1321,birth,grazer,31,24,255,195,,5364
1321,birth,grazer,8,20,66,161,,5365
1321,birth,grazer,17,3,143,30,,5366
1321,birth,grazer,31,20,248,160,,5367
1321,birth,grazer,7,12,56,97,,5368
1321,birth,grazer,31,10,252,83,,5369
1322,birth,grazer,5,5,40,40,,5370
1322,birth,grazer,27,8,221,67,,5371
1322,birth,grazer,18,6,151,48,,5372
1322,birth,grazer,8,19,66,153,,5373
1322,birth,grazer,29,13,233,104,,5374
1322,birth,grazer,28,11,228,95,,5375
1322,birth,grazer,23,23,187,186,,5376
1322,birth,grazer,1,0,10,0,,5377
1322,birth,grazer,11,15,93,120,,5378
1322,birth,grazer,6,8,53,71,,5379
1322,birth,grazer,31,9,251,79,,5380
1322,birth,grazer,31,10,252,82,,5381
1322,birth,grazer,24,13,197,104,,5382
1323,birth,grazer,2,22,22,176,,5383
1323,birth,grazer,22,31,177,248,,5384
1323,birth,grazer,21,4,172,37,,5385
1323,birth,grazer,31,12,252,96,,5386
1323,birth,grazer,22,7,179,56,,5387
1323,birth,grazer,29,14,239,112,,5388
1323,birth,grazer,4,24,39,197,,5389
1323,birth,grazer,28,25,225,202,,5390
1323,birth,grazer,13,27,104,218,,5391
1323,birth,grazer,2,7,21,61,,5392
1323,birth,grazer,4,25,38,205,,5393
1323,birth,grazer,28,25,231,203,,5394
1323,birth,grazer,19,4,156,37,,5395
1323,birth,grazer,20,12,160,96,,5396
1323,birth,grazer,20,11,162,92,,5397
1324,birth,grazer,31,23,249,189,,5398
1324,birth,grazer,14,9,112,72,,5399
1324,birth,grazer,17,2,143,23,,5400
1324,birth,grazer,5,18,47,144,,5401
1324,birth,grazer,19,12,158,98,,5402
1324,birth,grazer,19,8,154,71,,5403
1324,birth,grazer,14,0,112,2,,5404
1324,birth,grazer,13,24,106,193,,5405
1324,birth,grazer,7,25,63,202,,5406
1324,birth,grazer,7,15,60,125,,5407
1324,birth,grazer,22,21,183,170,,5408
1325,birth,grazer,1,27,9,221,,5409
1325,birth,grazer,2,5,23,40,,5410
1325,birth,grazer,22,20,180,161,,5411
1325,birth,grazer,11,7,91,60,,5412
1325,birth,grazer,8,7,70,57,,5413
1325,birth,grazer,13,13,107,104,,5414
1325,birth,grazer,27,2,220,23,,5415
1325,birth,grazer,23,22,190,183,,5416
1325,birth,grazer,1,28,8,225,,5417
1326,birth,grazer,2,28,17,224,,5418
1326,birth,grazer,18,27,145,219,,5419
1326,birth,grazer,11,4,92,35,,5420
1326,birth,grazer,9,12,73,103,,5421
1326,birth,grazer,31,15,253,127,,5422
1326,birth,grazer,23,10,191,80,,5423
1326,birth,grazer,28,14,226,117,,5424
1327,birth,grazer,29,26,238,211,,5425
1327,birth,grazer,27,16,223,129,,5426
1327,birth,grazer,14,3,113,30,,5427
1327,birth,grazer,13,26,108,210,,5428
1327,birth,grazer,21,21,172,173,,5429
1327,birth,grazer,17,22,143,176,,5430
1327,birth,grazer,18,26,147,213,,5431
1327,birth,grazer,5,26,41,209,,5432
1327,birth,grazer,28,4,231,34,,5433
1327,birth,grazer,13,11,104,88,,5434
1327,birth,grazer,18,19,149,152,,5435
1327,birth,grazer,18,4,145,37,,5436
1328,birth,grazer,26,4,215,34,,5437
1328,birth,grazer,7,24,59,194,,5438
1328,birth,grazer,26,19,209,157,,5439
1328,birth,grazer,22,27,176,216,,5440
1328,birth,grazer,14,26,116,208,,5441
1328,birth,grazer,21,6,172,48,,5442
1328,birth,grazer,7,8,63,65,,5443
1328,birth,grazer,22,17,177,143,,5444
1328,birth,grazer,23,7,185,56,,5445
1328,birth,grazer,27,13,222,104,,5446
1328,birth,grazer,20,23,165,184,,5447
1328,birth,grazer,5,10,47,80,,5448
1329,birth,grazer,7,11,61,94,,5449
1329,birth,grazer,20,21,162,171,,5450
1329,birth,grazer,20,10,162,85,,5451
1329,birth,grazer,10,2,87,23,,5452
1329,birth,grazer,24,23,198,184,,5453
1329,birth,grazer,2,10,23,83,,5454
1329,birth,grazer,18,12,151,103,,5455
1329,death,grazer,2,22,21,183,eaten,1443
1330,birth,grazer,11,11,92,88,,5456
1330,birth,grazer,23,20,191,166,,5457
1330,birth,grazer,10,4,83,38,,5458
1330,birth,grazer,17,2,143,23,,5459
1330,birth,grazer,7,11,62,93,,5460
1330,birth,grazer,30,12,245,102,,5461
1330,birth,grazer,31,2,249,23,,5462
1330,birth,grazer,12,23,96,191,,5463
1330,birth,grazer,15,26,124,212,,5464
1330,birth,grazer,19,9,155,76,,5465
1330,ignition,,28,19,,,,
1331,birth,grazer,27,17,222,136,,5466
1331,birth,grazer,9,4,78,34,,5467
1331,birth,grazer,6,31,51,249,,5468
1331,birth,grazer,28,24,231,199,,5469
1331,birth,grazer,21,22,174,179,,5470
1331,birth,grazer,3,6,30,54,,5471
1331,birth,grazer,5,31,46,250,,5472
1331,birth,grazer,8,31,65,250,,5473
1331,birth,grazer,6,20,49,163,,5474
1331,birth,grazer,30,5,246,44,,5475
1331,birth,grazer,4,15,38,126,,5476
1331,birth,grazer,17,22,143,176,,5477
1331,birth,grazer,8,31,68,252,,5478
1331,birth,grazer,2,12,20,98,,5479
1331,birth,grazer,5,31,41,250,,5480
1332,birth,grazer,26,3,215,28,,5481
1332,birth,grazer,11,7,94,61,,5482
1332,birth,grazer,19,7,155,56,,5483
1332,birth,grazer,3,23,24,191,,5484
1332,birth,grazer,17,4,143,36,,5485
1332,death,grazer,2,22,21,178,crowded,2598
1332,birth,grazer,9,16,73,129,,5486
1332,birth,grazer,30,7,247,57,,5487
1332,birth,grazer,15,8,120,65,,5488
1333,birth,grazer,30,23,240,189,,5489
1333,birth,grazer,29,25,232,200,,5490
1333,birth,grazer,18,2,144,23,,5491
1333,birth,grazer,3,24,25,193,,5492
1333,birth,grazer,10,23,85,190,,5493
1333,birth,grazer,31,5,251,47,,5494
1333,birth,grazer,7,21,58,169,,5495
1333,birth,grazer,12,11,99,93,,5496
1333,birth,grazer,8,11,65,91,,5497
1333,birth,grazer,27,13,222,110,,5498
1333,birth,grazer,31,11,248,89,,5499
1333,spread,,28,18,,,,636
1333,burnout,,28,19,,,,
1334,birth,grazer,24,22,197,176,,5500
1334,birth,grazer,11,14,94,112,,5501
1334,birth,grazer,14,23,118,190,,5502
1334,birth,grazer,7,9,63,75,,5503
1334,birth,grazer,22,6,183,54,,5504
1334,birth,grazer,19,4,158,36,,5505
1335,birth,grazer,17,26,136,210,,5506
1335,birth,grazer,3,7,28,62,,5507
1335,birth,grazer,30,10,246,86,,5508
1335,birth,grazer,17,26,141,212,,5509
1335,birth,grazer,10,7,80,60,,5510
1335,birth,grazer,21,22,171,176,,5511
1335,birth,grazer,6,3,54,28,,5512
1335,birth,grazer,18,6,147,51,,5513
1336,birth,grazer,20,10,160,80,,5514
1336,birth,grazer,22,14,183,112,,5515
1336,birth,grazer,3,4,24,32,,5516
1336,birth,grazer,2,14,20,112,,5517
1336,birth,grazer,28,18,224,144,,5518
1336,birth,grazer,15,27,126,217,,5519
1336,birth,grazer,27,11,217,88,,5520
1336,birth,grazer,31,26,250,208,,5521
1336,birth,grazer,28,3,228,30,,5522
1336,birth,grazer,4,5,36,43,,5523
1336,birth,grazer,3,4,27,35,,5524
1336,burnout,,28,18,,,,
1337,birth,grazer,11,12,94,102,,5525
1337,birth,grazer,13,27,107,217,,5526
1337,birth,grazer,25,20,204,162,,5527
1337,birth,grazer,2,26,18,214,,5528
1337,birth,grazer,10,19,80,152,,5529
1337,birth,grazer,20,5,161,43,,5530
1337,birth,grazer,28,18,230,144,,5531
1337,birth,grazer,6,7,55,63,,5532
1338,birth,grazer,3,2,31,21,,5533
1338,birth,grazer,20,4,161,33,,5534
1338,birth,grazer,22,9,182,77,,5535
1338,birth,grazer,22,11,180,88,,5536
1338,birth,grazer,5,22,47,176,,5537
1338,birth,grazer,20,26,162,209,,5538
1339,birth,grazer,27,23,216,184,,5539
1339,birth,grazer,23,10,190,80,,5540
1339,birth,grazer,20,4,161,35,,5541
1339,birth,grazer,29,7,237,61,,5542
1339,birth,grazer,19,18,159,150,,5543
1339,birth,grazer,19,23,154,191,,5544
1339,birth,grazer,1,30,8,247,,5545
1339,birth,grazer,27,22,220,177,,5546
1339,birth,grazer,21,19,168,152,,5547
1339,birth,grazer,18,5,147,44,,5548
1339,birth,grazer,23,6,186,48,,5549
1339,birth,grazer,29,14,234,113,,5550
1340,birth,grazer,12,26,96,215,,5551
1340,birth,grazer,21,19,168,152,,5552
1340,birth,grazer,26,11,209,95,,5553
1340,birth,grazer,4,20,36,162,,5554
1340,birth,grazer,8,15,64,126,,5555
1340,birth,grazer,4,3,35,31,,5556
1340,death,grazer,30,0,247,0,crowded,1607
1340,birth,grazer,21,8,168,65,,5557
1340,birth,grazer,3,25,24,203,,5558
1340,birth,grazer,18,24,150,192,,5559
1340,birth,grazer,27,9,217,72,,5560
1341,birth,grazer,13,7,104,61,,5561
1341,birth,grazer,23,2,188,20,,5562
1341,birth,grazer,22,4,179,39,,5563
1341,birth,grazer,19,19,158,154,,5564
1341,birth,grazer,19,5,156,44,,5565
1341,birth,grazer,2,11,20,89,,5566
1341,birth,grazer,3,10,25,83,,5567
1341,birth,grazer,26,3,215,26,,5568
1341,birth,grazer,3,25,24,202,,5569
1341,birth,grazer,23,8,184,68,,5570
1341,birth,grazer,17,7,136,56,,5571
1342,birth,grazer,14,27,119,220,,5572
1342,birth,grazer,2,27,17,219,,5573
1342,birth,grazer,14,2,118,23,,5574
1342,birth,grazer,24,5,199,45,,5575
1342,birth,grazer,4,23,32,188,,5576
1342,birth,grazer,27,5,223,44,,5577
1342,birth,grazer,25,10,207,83,,5578
1342,birth,grazer,13,5,108,44,,5579
1342,birth,grazer,22,8,176,70,,5580
1342,storm,,0,0,,,,1.7941 0.5429 0.0521
1343,birth,grazer,9,27,79,217,,5581
1343,birth,grazer,4,22,34,179,,5582
1343,birth,grazer,4,24,33,199,,5583
1343,birth,grazer,21,5,169,42,,5584
1343,birth,grazer,13,13,105,104,,5585
1343,birth,grazer,15,3,120,26,,5586
1343,birth,grazer,23,21,186,173,,5587
1344,birth,grazer,17,2,143,23,,5588
1344,birth,grazer,14,4,116,33,,5589
1344,birth,grazer,14,6,115,49,,5590
1344,birth,grazer,10,5,81,40,,5591
1344,birth,grazer,3,5,24,41,,5592
1344,birth,grazer,30,15,244,123,,5593
1344,birth,grazer,21,7,175,62,,5594
1344,birth,grazer,19,7,156,59,,5595
1344,birth,grazer,27,25,223,200,,5596
1345,birth,grazer,5,22,47,177,,5597
1345,birth,grazer,18,24,151,198,,5598
1345,birth,grazer,15,24,127,199,,5599
1345,birth,grazer,16,3,129,24,,5600
1346,birth,grazer,23,22,187,178,,5601
1346,birth,grazer,6,31,50,249,,5602
1346,birth,grazer,29,11,232,94,,5603
1346,birth,grazer,20,7,164,56,,5604
1346,birth,grazer,0,17,0,138,,5605
1346,birth,grazer,24,4,195,35,,5606
1346,birth,grazer,25,11,204,95,,5607
1346,birth,grazer,15,4,125,33,,5608
1346,birth,grazer,1,26,15,209,,5609
1346,birth,grazer,7,15,63,125,,5610
1346,birth,grazer,6,11,52,90,,5611
1346,birth,grazer,5,4,47,38,,5612
1346,birth,grazer,0,22,0,179,,5613
1347,birth,grazer,4,10,38,85,,5614
1347,birth,grazer,24,6,195,52,,5615
1347,birth,grazer,22,6,178,52,,5616
1347,birth,grazer,30,5,241,47,,5617
1347,birth,grazer,31,6,250,54,,5618
1348,birth,grazer,2,14,23,112,,5619
1348,birth,grazer,24,4,194,39,,5620
1348,birth,grazer,3,10,24,87,,5621
1348,birth,grazer,29,15,233,124,,5622
1348,birth,grazer,6,6,55,54,,5623
1348,birth,grazer,28,11,228,92,,5624
1348,birth,grazer,16,26,133,213,,5625
1348,birth,grazer,8,7,64,57,,5626
1348,birth,grazer,5,31,42,251,,5627
1349,birth,grazer,13,11,104,94,,5628
1349,birth,grazer,2,2,19,23,,5629
1349,birth,grazer,22,21,176,168,,5630
1349,birth,grazer,26,20,208,160,,5631
1349,birth,grazer,29,6,236,51,,5632
1349,birth,grazer,20,5,166,43,,5633
1349,birth,grazer,25,5,205,47,,5634
1349,death,grazer,2,3,19,25,crowded,3383
1350,birth,grazer,18,26,146,213,,5635
1350,birth,grazer,13,28,111,225,,5636
1350,birth,grazer,4,4,38,35,,5637
1350,birth,grazer,10,2,84,21,,5638
1350,birth,grazer,28,18,228,144,,5639
1350,birth,grazer,18,17,147,142,,5640
1350,birth,grazer,22,4,182,34,,5641
1350,birth,grazer,4,21,39,173,,5642
1350,birth,grazer,25,21,206,174,,5643
1350,birth,grazer,25,4,206,39,,5644
1350,birth,grazer,8,19,66,153,,5645
1350,birth,grazer,3,12,25,100,,5646
1350,birth,grazer,28,6,225,48,,5647
1350,birth,grazer,25,3,200,29,,5648
1350,germination,tree,28,9,230,72,,5649
1350,tree_death,tree,30,9,240,78,crowded,621
1350,tree_death,tree,17,31,137,249,crowded,764
1350,germination,tree,22,7,181,57,,5650
1350,germination,tree,14,28,118,230,,5651
1350,ignition,,12,17,,,,
1351,birth,grazer,9,21,72,168,,5652
1351,birth,grazer,0,17,0,139,,5653
1351,birth,grazer,12,2,96,23,,5654
1351,birth,grazer,5,6,46,53,,5655
1351,birth,grazer,26,2,208,20,,5656
1351,birth,grazer,21,6,172,53,,5657
1351,birth,grazer,25,13,201,105,,5658
1351,birth,grazer,31,18,251,150,,5659
1351,birth,grazer,8,25,71,201,,5660
1351,birth,grazer,22,21,178,174,,5661
1352,birth,grazer,23,9,187,72,,5662
1352,birth,grazer,30,25,247,207,,5663
1352,birth,grazer,9,20,74,160,,5664
1352,birth,grazer,10,24,82,198,,5665
1352,birth,grazer,0,20,0,164,,5666
1352,birth,grazer,13,2,106,23,,5667
1352,birth,grazer,22,9,181,74,,5668
1352,spread,,11,17,,,,556
1353,birth,grazer,19,23,153,190,,5669
1353,birth,grazer,3,2,31,21,,5670
1353,birth,grazer,16,5,129,41,,5671
1353,birth,grazer,12,19,96,159,,5672
1353,birth,grazer,28,3,230,28,,5673
1353,birth,grazer,0,23,0,190,,5674
1353,burnout,,12,17,,,,
1354,birth,grazer,0,25,0,200,,5675
1354,birth,grazer,3,9,24,75,,5676
1354,birth,grazer,17,5,139,43,,5677
1354,birth,grazer,22,19,176,159,,5678
1354,birth,grazer,20,6,164,54,,5679
1354,birth,grazer,5,14,45,113,,5680
1354,birth,grazer,29,21,236,170,,5681
1355,birth,grazer,22,7,180,59,,5682
1355,birth,grazer,6,15,54,127,,5683
1355,birth,grazer,5,4,47,39,,5684
1355,birth,grazer,12,20,96,165,,5685
1355,birth,grazer,31,19,248,152,,5686
1355,birth,grazer,22,14,182,116,,5687
1355,birth,grazer,8,28,71,229,,5688
1355,birth,grazer,30,5,241,41,,5689
1355,birth,grazer,8,2,71,22,,5690
1355,birth,grazer,17,4,143,36,,5691
1355,birth,grazer,23,8,184,66,,5692
1355,death,grazer,2,21,20,173,crowded,4758
1355,burnout,,11,17,,,,
1356,birth,grazer,14,8,112,71,,5693
1356,birth,grazer,29,25,232,207,,5694
1356,birth,grazer,23,10,191,80,,5695
1356,birth,grazer,22,8,180,67,,5696
1356,birth,grazer,21,4,168,35,,5697
1356,birth,grazer,10,9,84,73,,5698
1356,birth,grazer,6,7,51,56,,5699
1356,birth,grazer,22,12,183,101,,5700
1357,birth,grazer,18,7,151,56,,5701
1357,birth,grazer,7,4,61,35,,5702
1357,birth,grazer,10,3,81,31,,5703
1357,birth,grazer,19,6,158,52,,5704
1357,birth,grazer,22,22,176,182,,5705
1357,birth,grazer,25,14,205,113,,5706
1358,birth,grazer,21,1,168,15,,5707
1358,birth,grazer,3,23,26,187,,5708
1358,birth,grazer,20,2,162,16,,5709
1358,birth,grazer,19,2,153,16,,5710
1358,birth,grazer,17,2,143,23,,5711
1358,birth,grazer,21,7,173,60,,5712
1358,birth,grazer,6,14,53,115,,5713
1358,birth,grazer,26,17,215,142,,5714
1358,birth,grazer,2,22,23,183,,5715
1358,birth,grazer,21,2,175,17,,5716
1359,birth,grazer,9,8,77,64,,5717
1359,birth,grazer,30,4,244,39,,5718
1359,birth,grazer,10,9,81,74,,5719
1359,birth,grazer,0,29,0,232,,5720
1359,birth,grazer,2,17,20,136,,5721
1359,birth,grazer,19,1,152,15,,5722
1359,birth,grazer,29,12,235,103,,5723
1359,birth,grazer,21,11,171,88,,5724
1359,birth,grazer,8,11,70,89,,5725
1360,birth,grazer,7,28,63,224,,5726
1360,birth,grazer,24,23,199,187,,5727
1360,birth,grazer,6,12,48,103,,5728
1360,birth,grazer,2,19,21,158,,5729
1360,birth,grazer,29,9,239,77,,5730
1361,birth,grazer,25,3,200,30,,5731
1361,birth,grazer,6,23,49,184,,5732
1361,birth,grazer,11,25,90,202,,5733
1361,birth,grazer,18,22,149,176,,5734
1361,birth,grazer,23,22,187,179,,5735
1361,birth,grazer,20,1,166,15,,5736
1362,birth,grazer,23,21,185,172,,5737
1362,birth,grazer,10,18,80,149,,5738
1362,birth,grazer,27,2,222,22,,5739
1362,birth,grazer,19,7,157,63,,5740
1362,birth,grazer,30,23,247,187,,5741
1362,birth,grazer,24,2,197,21,,5742
1362,birth,grazer,2,3,23,24,,5743
1363,birth,grazer,27,25,218,206,,5744
1363,birth,grazer,23,23,189,191,,5745
1363,birth,grazer,27,14,223,114,,5746
1363,birth,grazer,24,27,198,217,,5747
1363,birth,grazer,7,22,63,180,,5748
1363,birth,grazer,2,8,20,68,,5749
1363,birth,grazer,27,23,220,191,,5750
1363,birth,grazer,19,2,152,16,,5751
1363,birth,grazer,24,24,196,197,,5752
1363,birth,grazer,0,21,0,173,,5753
1363,birth,grazer,5,13,46,104,,5754
1363,birth,grazer,21,2,174,18,,5755
1363,birth,grazer,21,24,169,198,,5756
1363,birth,grazer,26,24,212,197,,5757
1363,birth,grazer,26,28,208,224,,5758
1364,birth,grazer,15,7,121,60,,5759
1364,birth,grazer,4,31,34,252,,5760
1364,birth,grazer,22,10,179,80,,5761
1364,birth,grazer,30,5,241,47,,5762
1364,birth,grazer,26,25,212,204,,5763
1364,birth,grazer,10,21,80,175,,5764
1364,birth,grazer,4,3,32,26,,5765
1364,birth,grazer,6,9,53,74,,5766
1364,birth,grazer,9,9,76,74,,5767
1364,birth,grazer,24,24,192,196,,5768
1365,birth,grazer,28,4,226,32,,5769
1365,birth,grazer,6,10,55,84,,5770
1365,birth,grazer,5,7,41,62,,5771
1365,birth,grazer,23,23,184,184,,5772
1365,birth,grazer,22,17,183,140,,5773
1365,birth,grazer,25,11,203,93,,5774
1365,birth,grazer,6,21,53,174,,5775
1366,birth,grazer,4,15,32,126,,5776
1366,birth,grazer,7,8,59,65,,5777
1367,birth,grazer,27,21,219,172,,5778
1367,birth,grazer,29,24,237,199,,5779
1367,birth,grazer,23,11,188,95,,5780
1367,birth,grazer,9,3,76,28,,5781
1367,birth,grazer,8,8,67,64,,5782
1367,birth,grazer,7,18,59,148,,5783
1368,birth,grazer,9,24,74,194,,5784
1368,birth,grazer,17,2,143,23,,5785
1368,birth,grazer,25,6,207,48,,5786
1368,birth,grazer,25,26,203,210,,5787
1368,birth,grazer,13,7,107,61,,5788
1368,birth,grazer,27,26,220,212,,5789
1368,birth,grazer,18,27,149,218,,5790
1368,birth,grazer,8,31,64,251,,5791
1368,birth,grazer,11,2,90,21,,5792
1368,birth,grazer,24,25,193,202,,5793
1368,birth,grazer,26,27,215,220,,5794
1368,birth,grazer,24,26,197,213,,5795
1368,birth,grazer,25,24,204,199,,5796
1368,birth,grazer,26,26,212,213,,5797
1369,birth,grazer,14,30,117,244,,5798
1369,birth,grazer,31,4,252,32,,5799
1369,birth,grazer,21,7,168,56,,5800
1369,birth,grazer,23,28,185,224,,5801
1369,birth,grazer,12,25,102,202,,5802
1369,birth,grazer,22,17,183,137,,5803
1369,birth,grazer,13,21,105,175,,5804
1369,birth,grazer,7,31,60,249,,5805
1369,birth,grazer,19,7,152,56,,5806
1369,birth,grazer,23,4,189,38,,5807
1369,birth,grazer,8,21,65,173,,5808
1369,birth,grazer,12,30,96,242,,5809
1369,birth,grazer,11,30,93,244,,5810
1369,birth,grazer,14,28,112,229,,5811
1369,birth,grazer,22,28,178,230,,5812
1369,birth,grazer,12,30,99,244,,5813
1370,birth,grazer,15,26,121,214,,5814
1370,birth,grazer,7,7,63,56,,5815
1370,birth,grazer,2,11,22,91,,5816
1370,birth,grazer,22,23,179,188,,5817
1370,birth,grazer,13,30,110,245,,5818
1370,birth,grazer,21,19,172,157,,5819
1370,birth,grazer,5,2,44,21,,5820
1370,birth,grazer,6,18,53,151,,5821
1370,birth,grazer,26,4,214,37,,5822
1370,birth,grazer,29,2,237,21,,5823
1370,birth,grazer,22,22,176,176,,5824
1370,birth,grazer,20,23,167,191,,5825
1370,ignition,,2,8,,,,
1371,birth,grazer,8,12,69,101,,5826
1371,birth,grazer,21,1,168,15,,5827
1371,birth,grazer,13,28,111,230,,5828
1371,birth,grazer,25,18,204,146,,5829
1371,birth,grazer,11,30,88,245,,5830
1371,birth,grazer,10,12,82,102,,5831
1372,birth,grazer,10,30,82,243,,5832
1372,birth,grazer,12,8,99,65,,5833
1372,birth,grazer,25,18,202,144,,5834
1372,birth,grazer,3,5,30,44,,5835
1372,death,grazer,2,5,20,47,crowded,1298
1372,birth,grazer,29,3,232,24,,5836
1372,death,grazer,2,19,21,157,crowded,1807
1372,birth,grazer,26,4,209,35,,5837
1372,birth,grazer,23,26,188,214,,5838
1372,birth,grazer,13,30,110,243,,5839
1372,death,grazer,2,19,21,155,crowded,2710
1372,birth,grazer,23,11,187,95,,5840
1372,birth,grazer,0,23,0,184,,5841
1372,birth,grazer,22,21,182,170,,5842
1372,birth,grazer,9,8,72,71,,5843
1372,birth,grazer,3,26,31,214,,5844
1372,spread,,3,8,,,,258
1373,birth,grazer,16,24,135,199,,5845
1373,birth,grazer,12,2,96,22,,5846
1373,birth,grazer,9,22,72,181,,5847
1373,birth,grazer,31,0,248,0,,5848
1373,birth,grazer,23,20,190,160,,5849
1373,birth,grazer,2,8,23,70,,5850
1373,birth,grazer,2,4,23,36,,5851
1373,birth,grazer,31,24,248,195,,5852
1373,birth,grazer,22,25,182,200,,5853
1373,birth,grazer,9,4,75,35,,5854
1373,burnout,,2,8,,,,
1374,birth,grazer,31,15,251,127,,5855
1374,birth,grazer,18,28,150,228,,5856
1374,birth,grazer,2,12,20,100,,5857
1374,birth,grazer,13,3,108,24,,5858
1374,birth,grazer,22,23,179,189,,5859
1374,birth,grazer,20,28,162,228,,5860
1374,birth,grazer,1,25,15,203,,5861
1374,birth,grazer,30,5,245,40,,5862
1375,birth,grazer,2,20,23,160,,5863
1375,birth,grazer,3,4,26,32,,5864
1375,birth,grazer,14,22,112,183,,5865
1375,birth,grazer,2,8,23,70,,5866
1375,birth,grazer,31,0,248,0,,5867
1375,birth,grazer,15,28,125,229,,5868
1375,birth,grazer,6,6,49,49,,5869
1375,burnout,,3,8,,,,
1376,birth,grazer,9,9,77,74,,5870
1376,birth,grazer,31,4,248,32,,5871
1376,birth,grazer,28,19,231,152,,5872
1376,birth,grazer,7,2,60,22,,5873
1376,birth,grazer,10,0,80,1,,5874
1376,birth,grazer,10,4,86,36,,5875
1376,birth,grazer,22,19,183,159,,5876
1376,birth,grazer,24,26,194,208,,5877
1376,birth,grazer,28,26,225,209,,5878
1376,birth,grazer,1,26,15,210,,5879
1376,birth,grazer,4,12,34,96,,5880
1376,birth,grazer,17,2,143,23,,5881
1376,birth,grazer,19,2,157,17,,5882
1376,birth,grazer,23,26,186,215,,5883
1377,birth,grazer,27,17,217,140,,5884
1377,birth,grazer,7,20,60,167,,5885
1377,birth,grazer,2,5,23,40,,5886
1377,birth,grazer,15,11,120,88,,5887
1377,birth,grazer,4,23,35,188,,5888
1377,birth,grazer,12,5,96,44,,5889
1377,birth,grazer,9,8,74,71,,5890
1378,birth,grazer,31,0,248,0,,5891
1378,birth,grazer,4,26,38,215,,5892
1378,birth,grazer,3,15,28,127,,5893
1378,birth,grazer,29,18,234,144,,5894
1378,birth,grazer,31,4,252,32,,5895
1378,birth,grazer,23,4,190,37,,5896
1378,birth,grazer,27,6,216,52,,5897
1378,birth,grazer,24,24,192,197,,5898
1379,birth,grazer,22,5,179,41,,5899
1379,birth,grazer,29,23,235,185,,5900
1379,birth,grazer,19,1,153,15,,5901
1379,birth,grazer,23,25,189,206,,5902
1379,birth,grazer,4,5,34,43,,5903
1379,birth,grazer,28,13,225,106,,5904
1379,birth,grazer,27,4,218,33,,5905
1379,birth,grazer,22,5,183,40,,5906
1380,birth,grazer,31,4,253,33,,5907
1380,birth,grazer,9,6,79,52,,5908
1380,birth,grazer,25,5,206,47,,5909
1380,birth,grazer,31,0,248,0,,5910
1380,birth,grazer,6,27,50,220,,5911
1380,birth,grazer,22,14,182,114,,5912
1380,birth,grazer,9,7,76,61,,5913
1380,birth,grazer,4,28,35,226,,5914
1380,birth,grazer,23,7,188,60,,5915
1380,birth,grazer,20,7,166,57,,5916
1380,birth,grazer,31,12,248,99,,5917
1380,ignition,,8,20,,,,
1381,birth,grazer,11,5,88,40,,5918
1381,birth,grazer,26,2,210,20,,5919
1381,birth,grazer,22,21,183,174,,5920
1381,birth,grazer,14,25,118,202,,5921
1381,birth,grazer,24,5,192,44,,5922
1381,birth,grazer,13,2,104,22,,5923
1381,birth,grazer,4,20,32,160,,5924
1381,birth,grazer,24,10,199,86,,5925
1381,birth,grazer,7,8,59,65,,5926
1381,birth,grazer,3,25,27,200,,5927
1382,birth,grazer,5,24,46,192,,5928
1382,birth,grazer,7,11,61,92,,5929
1382,birth,grazer,2,19,23,153,,5930
1382,birth,grazer,30,21,240,168,,5931
1382,birth,grazer,7,13,59,105,,5932
1382,birth,grazer,23,14,188,119,,5933
1382,birth,grazer,3,27,28,219,,5934
1383,birth,grazer,23,25,191,203,,5935
1383,birth,grazer,17,4,143,35,,5936
1383,birth,grazer,27,13,216,105,,5937
1383,birth,grazer,10,5,80,40,,5938
1383,birth,grazer,8,5,71,42,,5939
1383,birth,grazer,22,17,176,139,,5940
1383,birth,grazer,10,30,82,243,,5941
1383,birth,grazer,2,6,23,48,,5942
1383,birth,grazer,31,27,248,220,,5943
1383,burnout,,8,20,,,,
1384,birth,grazer,12,20,96,163,,5944
1384,birth,grazer,15,30,120,245,,5945
1384,birth,grazer,11,7,94,63,,5946
1384,birth,grazer,4,5,33,46,,5947
1384,birth,grazer,2,16,20,135,,5948
1384,birth,grazer,19,2,156,18,,5949
1384,birth,grazer,21,9,174,73,,5950
1384,death,grazer,2,18,21,146,crowded,4757
1385,birth,grazer,29,27,239,216,,5951
1385,death,grazer,2,7,19,61,crowded,1469
1385,birth,grazer,10,19,83,153,,5952
1385,birth,grazer,5,9,43,75,,5953
1385,birth,grazer,2,6,23,55,,5954
1385,birth,grazer,17,3,143,27,,5955
1385,birth,grazer,8,18,65,147,,5956
1385,birth,grazer,22,18,180,145,,5957
1385,birth,grazer,20,28,165,231,,5958
1385,birth,grazer,31,23,252,189,,5959
1385,birth,grazer,7,12,56,97,,5960
1386,birth,grazer,4,22,33,176,,5961
1386,birth,grazer,18,23,149,184,,5962
1386,birth,grazer,19,8,159,64,,5963
1386,birth,grazer,19,27,155,220,,5964
1386,birth,grazer,24,7,195,63,,5965
1386,birth,grazer,23,10,184,81,,5966
1386,birth,grazer,31,20,250,167,,5967
1386,death,grazer,26,14,212,115,eaten,4365
1387,birth,grazer,23,7,191,62,,5968
1387,birth,grazer,13,21,104,174,,5969
1387,birth,grazer,21,8,170,66,,5970
1387,birth,grazer,0,29,0,232,,5971
1387,birth,grazer,24,8,198,70,,5972
1387,birth,grazer,13,30,104,242,,5973
1387,birth,grazer,8,24,65,196,,5974
1387,birth,grazer,21,11,173,95,,5975
1387,birth,grazer,19,8,159,64,,5976
1388,birth,grazer,29,28,233,229,,5977
1388,birth,grazer,10,19,80,152,,5978
1388,birth,grazer,26,28,215,229,,5979
1388,birth,grazer,20,9,166,78,,5980
1388,birth,grazer,29,28,234,229,,5981
1388,birth,grazer,27,28,217,231,,5982
1388,birth,grazer,3,14,29,119,,5983
1388,birth,grazer,16,23,131,191,,5984
1388,birth,grazer,28,29,228,232,,5985
1388,birth,grazer,8,20,67,165,,5986
1388,birth,grazer,16,28,128,224,,5987
1388,birth,grazer,13,11,107,89,,5988
1388,birth,grazer,5,7,46,60,,5989
1388,birth,grazer,2,18,23,151,,5990
1388,birth,grazer,4,27,39,219,,5991
1388,birth,grazer,14,30,116,244,,5992
1388,birth,grazer,28,28,227,227,,5993
1388,birth,grazer,7,23,57,187,,5994
1388,birth,grazer,25,28,202,230,,5995
1388,birth,grazer,23,28,190,230,,5996
1388,birth,grazer,31,29,249,232,,5997
1388,birth,grazer,31,28,248,228,,5998
1389,birth,grazer,11,12,95,96,,5999
1389,birth,grazer,10,2,83,16,,6000
1389,birth,grazer,6,10,53,83,,6001
1389,birth,grazer,11,1,95,14,,6002
1389,birth,grazer,28,28,227,229,,6003
1389,birth,grazer,8,1,71,14,,6004
1389,birth,grazer,12,1,98,14,,6005
1389,birth,grazer,7,1,58,15,,6006
1389,birth,grazer,27,28,221,228,,6007
1389,birth,grazer,6,1,54,15,,6008
1390,birth,grazer,10,6,87,54,,6009
1390,birth,grazer,25,14,200,115,,6010
1390,birth,grazer,1,26,15,211,,6011
1390,birth,grazer,26,13,210,111,,6012
1390,birth,grazer,23,9,187,74,,6013
1390,birth,grazer,2,28,18,225,,6014
1390,birth,grazer,20,24,161,196,,6015
1390,birth,grazer,22,4,181,39,,6016
1390,birth,grazer,19,7,152,56,,6017
1390,birth,grazer,6,23,49,189,,6018
1390,birth,grazer,12,4,96,33,,6019
1390,birth,grazer,2,24,21,199,,6020
1390,birth,grazer,4,3,39,27,,6021
1390,birth,grazer,9,1,78,15,,6022
1390,birth,grazer,9,1,78,14,,6023
1390,death,grazer,30,0,246,0,eaten,467
1391,birth,grazer,8,20,64,160,,6024
1391,birth,grazer,1,19,15,155,,6025
1391,birth,grazer,11,27,94,216,,6026
1391,birth,grazer,11,30,90,245,,6027
1391,birth,grazer,31,25,248,202,,6028
1391,birth,grazer,28,29,231,232,,6029
1391,birth,grazer,5,23,43,184,,6030
1391,birth,grazer,1,19,15,158,,6031
1392,birth,grazer,17,23,143,190,,6032
1392,birth,grazer,20,23,164,184,,6033
1392,birth,grazer,15,23,126,190,,6034
1392,birth,grazer,5,21,41,174,,6035
1392,birth,grazer,6,4,50,35,,6036
1392,birth,grazer,23,21,184,173,,6037
1392,birth,grazer,24,6,193,50,,6038
1392,birth,grazer,6,31,53,254,,6039
1392,birth,grazer,10,14,81,119,,6040
1393,birth,grazer,25,6,200,48,,6041
1393,birth,grazer,6,11,51,92,,6042
1393,birth,grazer,8,22,64,176,,6043
1393,birth,grazer,23,26,191,208,,6044
1393,birth,grazer,31,21,248,168,,6045
1393,birth,grazer,6,14,51,113,,6046
1393,birth,grazer,3,19,30,153,,6047
1393,birth,grazer,3,24,30,196,,6048
1393,birth,grazer,20,28,160,231,,6049
1393,birth,grazer,6,14,49,114,,6050
1393,birth,grazer,31,11,248,88,,6051
1393,birth,grazer,3,26,29,215,,6052
1393,birth,grazer,20,8,161,68,,6053
1393,birth,grazer,6,24,55,196,,6054
1394,birth,grazer,21,23,168,190,,6055
1394,birth,grazer,8,11,69,95,,6056
1394,birth,grazer,23,4,190,39,,6057
1394,birth,grazer,5,26,45,214,,6058
1394,death,grazer,2,8,20,69,crowded,4040
1395,birth,grazer,4,21,33,172,,6059
1395,birth,grazer,28,18,231,147,,6060
1395,birth,grazer,7,17,57,136,,6061
1395,birth,grazer,19,18,158,147,,6062
1395,birth,grazer,23,23,188,190,,6063
1395,birth,grazer,13,23,104,184,,6064
1395,birth,grazer,29,19,232,152,,6065
1395,birth,grazer,17,2,143,23,,6066
1395,birth,grazer,0,29,0,236,,6067
1395,birth,grazer,7,11,62,94,,6068
1395,birth,grazer,31,2,251,23,,6069
1395,storm,,0,0,,,,9.3368 3.2590 1.6887
1396,birth,grazer,3,17,24,136,,6070
1396,birth,grazer,19,23,152,188,,6071
1396,birth,grazer,4,4,35,35,,6072
1396,birth,grazer,21,1,171,15,,6073
1396,birth,grazer,24,9,198,72,,6074
1396,birth,grazer,25,24,207,197,,6075
1397,birth,grazer,7,19,56,154,,6076
1397,birth,grazer,3,25,31,200,,6077
1397,birth,grazer,5,14,42,112,,6078
1397,birth,grazer,21,2,173,16,,6079
1397,birth,grazer,17,26,141,214,,6080
1397,birth,grazer,3,11,31,94,,6081
1397,birth,grazer,3,27,26,221,,6082
1398,birth,grazer,2,7,23,56,,6083
1398,birth,grazer,9,18,76,146,,6084
1398,birth,grazer,17,26,141,211,,6085
1398,birth,grazer,24,13,192,111,,6086
1398,birth,grazer,6,22,51,176,,6087
1398,birth,grazer,6,13,51,107,,6088
1398,birth,grazer,27,8,221,69,,6089
1398,birth,grazer,22,24,182,196,,6090
1399,birth,grazer,21,27,168,216,,6091
1399,birth,grazer,29,13,235,110,,6092
1399,birth,grazer,8,28,67,229,,6093
1399,birth,grazer,15,24,126,197,,6094
1399,birth,grazer,25,10,200,80,,6095
1399,birth,grazer,5,20,43,165,,6096
1399,birth,grazer,13,13,105,104,,6097
1399,birth,grazer,4,7,35,57,,6098
1399,birth,grazer,14,8,118,68,,6099
1399,birth,grazer,6,6,48,48,,6100
1399,birth,grazer,4,28,32,224,,6101
1399,birth,grazer,14,26,115,209,,6102
1399,birth,grazer,31,13,249,105,,6103
1400,birth,grazer,31,14,250,115,,6104
1400,birth,grazer,26,10,209,80,,6105
1400,birth,grazer,22,25,179,206,,6106
1400,birth,grazer,26,8,209,70,,6107
1400,birth,grazer,2,22,23,179,,6108
1400,birth,grazer,9,22,73,178,,6109
1400,birth,grazer,31,8,250,66,,6110
1400,birth,grazer,30,14,245,119,,6111
1400,germination,tree,30,16,243,134,,6112
1400,germination,tree,27,19,217,155,,6113
1400,tree_death,tree,24,30,192,247,crowded,447
1400,germination,tree,28,9,229,75,,6114
1400,germination,tree,27,11,223,91,,6115
1400,tree_death,tree,29,11,239,90,crowded,624
1400,germination,tree,31,17,249,139,,6116
1401,birth,grazer,20,23,166,184,,6117
1401,birth,grazer,12,23,98,191,,6118
1401,birth,grazer,22,2,177,21,,6119
1401,birth,grazer,28,8,225,64,,6120
1401,birth,grazer,12,23,100,190,,6121
1401,birth,grazer,17,22,143,176,,6122
1401,birth,grazer,22,13,183,111,,6123
1401,birth,grazer,28,6,227,51,,6124
1401,birth,grazer,30,8,244,67,,6125
1401,birth,grazer,6,15,49,126,,6126
1401,birth,grazer,23,7,190,60,,6127
1401,birth,grazer,26,11,210,95,,6128
1402,birth,grazer,28,9,226,73,,6129
1402,birth,grazer,4,19,34,157,,6130
1402,birth,grazer,11,23,95,184,,6131
1402,birth,grazer,5,31,45,249,,6132
1402,birth,grazer,29,23,234,184,,6133
1402,birth,grazer,5,25,42,203,,6134
1402,birth,grazer,29,28,238,228,,6135
1402,birth,grazer,2,6,22,52,,6136
1402,birth,grazer,20,17,162,139,,6137
1402,birth,grazer,23,21,185,168,,6138
1403,birth,grazer,3,2,25,23,,6139
1403,birth,grazer,23,25,190,200,,6140
1403,birth,grazer,6,20,48,165,,6141
1403,birth,grazer,7,5,57,46,,6142
1403,birth,grazer,24,3,196,24,,6143
1403,birth,grazer,6,7,54,61,,6144
1403,birth,grazer,27,25,223,200,,6145
1404,birth,grazer,4,17,32,136,,6146
1404,birth,grazer,22,28,176,228,,6147
1404,birth,grazer,25,23,207,184,,6148
1404,birth,grazer,20,7,167,63,,6149
1404,birth,grazer,24,6,198,49,,6150
1404,birth,grazer,8,25,65,201,,6151
1404,birth,grazer,27,29,223,232,,6152
1405,birth,grazer,17,28,138,229,,6153
1405,birth,grazer,30,26,247,213,,6154
1405,birth,grazer,27,9,217,78,,6155
1405,birth,grazer,18,13,151,104,,6156
1405,birth,grazer,17,2,143,23,,6157
1405,birth,grazer,18,23,149,190,,6158
1405,birth,grazer,18,10,148,87,,6159
1406,birth,grazer,11,12,95,98,,6160
1406,birth,grazer,27,29,223,232,,6161
1406,birth,grazer,11,21,95,170,,6162
1406,birth,grazer,24,5,195,47,,6163
1406,birth,grazer,19,6,154,51,,6164
1406,birth,grazer,30,10,242,84,,6165
1406,birth,grazer,31,6,251,50,,6166
1406,death,grazer,5,16,43,133,crowded,5211
1407,birth,grazer,13,28,111,224,,6167
1407,death,grazer,2,10,19,82,crowded,230
1407,birth,grazer,9,8,72,70,,6168
1407,birth,grazer,20,22,162,177,,6169
1407,death,grazer,5,16,47,131,crowded,1937
1407,birth,grazer,4,13,39,104,,6170
1407,birth,grazer,4,24,38,199,,6171
1407,birth,grazer,9,17,72,137,,6172
1407,birth,grazer,19,9,152,79,,6173
1407,death,grazer,5,16,44,130,crowded,2558
1407,birth,grazer,28,14,224,112,,6174
1407,birth,grazer,2,9,23,74,,6175
1407,birth,grazer,16,23,132,190,,6176
1407,birth,grazer,11,6,89,49,,6177
1407,birth,grazer,19,11,152,88,,6178
1408,birth,grazer,4,23,32,185,,6179
1408,birth,grazer,14,23,113,190,,6180
1408,birth,grazer,8,11,65,89,,6181
1408,birth,grazer,20,12,166,97,,6182
1408,birth,grazer,29,12,232,103,,6183
1409,birth,grazer,5,22,45,178,,6184
1409,birth,grazer,8,4,65,36,,6185
1409,birth,grazer,2,18,23,145,,6186
1409,birth,grazer,2,4,19,35,,6187
1410,birth,grazer,8,31,65,249,,6188
1410,birth,grazer,25,7,202,60,,6189
1410,birth,grazer,19,10,156,86,,6190
1410,birth,grazer,13,6,104,54,,6191
1410,birth,grazer,30,13,246,107,,6192
1410,ignition,,10,18,,,,
1411,birth,grazer,21,5,171,44,,6193
1411,birth,grazer,1,25,15,203,,6194
1411,birth,grazer,7,25,62,205,,6195
1411,birth,grazer,16,2,128,22,,6196
1411,death,grazer,5,3,41,29,crowded,1829
1411,birth,grazer,21,5,174,44,,6197
1411,birth,grazer,5,21,46,171,,6198
1411,birth,grazer,17,27,138,218,,6199
1411,birth,grazer,30,7,241,62,,6200
1411,birth,grazer,17,7,136,56,,6201
1412,birth,grazer,17,5,139,46,,6202
1412,birth,grazer,5,16,45,135,,6203
1412,birth,grazer,13,7,110,60,,6204
1412,birth,grazer,5,16,46,133,,6205
1412,death,grazer,6,15,49,127,crowded,3488
1412,birth,grazer,6,9,50,74,,6206
1412,birth,grazer,29,27,239,216,,6207
1412,birth,grazer,27,11,222,88,,6208
1412,birth,grazer,6,3,50,27,,6209
1413,birth,grazer,21,10,171,82,,6210
1413,birth,grazer,10,3,85,27,,6211
1413,birth,grazer,17,28,143,228,,6212
1413,birth,grazer,28,12,225,99,,6213
1413,birth,grazer,8,16,71,135,,6214
1413,birth,grazer,22,21,176,168,,6215
1413,birth,grazer,21,9,168,73,,6216
1413,burnout,,10,18,,,,
1414,birth,grazer,31,2,248,23,,6217
1414,birth,grazer,11,18,95,144,,6218
1414,birth,grazer,4,23,32,191,,6219
1414,birth,grazer,30,14,243,115,,6220
1414,birth,grazer,19,20,159,160,,6221
1414,birth,grazer,2,20,23,166,,6222
1414,birth,grazer,6,9,48,79,,6223
1414,birth,grazer,20,23,167,186,,6224
1414,birth,grazer,2,10,23,85,,6225
1414,birth,grazer,27,12,219,100,,6226
1414,birth,grazer,7,28,60,225,,6227
1415,birth,grazer,7,10,62,81,,6228
1415,birth,grazer,16,28,128,226,,6229
1415,birth,grazer,4,20,38,161,,6230
1415,birth,grazer,3,4,30,39,,6231
1415,birth,grazer,6,6,54,48,,6232
1415,birth,grazer,9,15,73,125,,6233
1415,birth,grazer,26,13,211,104,,6234
1415,death,grazer,6,15,54,126,crowded,3660
1415,birth,grazer,1,25,15,203,,6235
1415,birth,grazer,26,11,212,94,,6236
1416,birth,grazer,20,28,160,225,,6237
1416,birth,grazer,28,20,225,166,,6238
1416,birth,grazer,9,7,72,56,,6239
1416,birth,grazer,17,4,139,38,,6240
1416,birth,grazer,10,19,81,156,,6241
1416,birth,grazer,12,6,100,51,,6242
1416,birth,grazer,11,17,95,143,,6243
1416,birth,grazer,25,6,202,51,,6244
1416,birth,grazer,2,16,22,134,,6245
1416,birth,grazer,26,2,212,20,,6246
1416,birth,grazer,11,26,95,213,,6247
1416,birth,grazer,11,18,91,145,,6248
1416,birth,grazer,12,17,96,143,,6249
1416,birth,grazer,13,19,111,157,,6250
1417,death,grazer,30,0,246,0,crowded,1152
1417,birth,grazer,5,15,45,126,,6251
1417,birth,grazer,2,10,23,83,,6252
1417,birth,grazer,11,3,94,26,,6253
1417,birth,grazer,6,25,50,201,,6254
1417,birth,grazer,14,20,112,166,,6255
1417,birth,grazer,14,9,113,79,,6256
1417,birth,grazer,31,2,248,23,,6257
1417,birth,grazer,14,6,112,49,,6258
1417,birth,grazer,10,17,80,137,,6259
1418,birth,grazer,14,22,112,176,,6260
1418,birth,grazer,22,19,179,158,,6261
1418,birth,grazer,6,16,50,135,,6262
1418,birth,grazer,12,30,103,242,,6263
1418,birth,grazer,9,24,79,192,,6264
1418,birth,grazer,14,21,112,171,,6265
1418,birth,grazer,9,27,75,223,,6266
1418,birth,grazer,5,2,47,21,,6267
1418,birth,grazer,8,17,64,143,,6268
1418,death,grazer,30,0,246,0,crowded,2864
1418,birth,grazer,11,4,88,37,,6269
1418,birth,grazer,26,3,215,29,,6270
1418,birth,grazer,5,2,47,21,,6271
1418,birth,grazer,12,5,98,47,,6272
1418,birth,grazer,2,7,21,61,,6273
1418,birth,grazer,10,18,80,151,,6274
1418,birth,grazer,14,21,113,171,,6275
1419,birth,grazer,27,14,217,118,,6276
1419,birth,grazer,3,24,30,193,,6277
1419,birth,grazer,28,19,231,154,,6278
1419,birth,grazer,6,28,55,226,,6279
1419,birth,grazer,2,23,23,184,,6280
1419,birth,grazer,11,23,91,191,,6281
1419,birth,grazer,12,16,96,135,,6282
1419,birth,grazer,7,28,63,224,,6283
1419,birth,grazer,14,2,118,22,,6284
1419,birth,grazer,10,13,86,108,,6285
1419,birth,grazer,10,6,85,48,,6286
1419,death,grazer,7,15,58,126,crowded,5401
1420,birth,grazer,26,21,208,168,,6287
1420,birth,grazer,1,26,15,212,,6288
1420,birth,grazer,7,9,62,75,,6289
1420,birth,grazer,7,11,62,89,,6290
1420,birth,grazer,27,14,218,119,,6291
1420,birth,grazer,14,4,117,37,,6292
1420,birth,grazer,10,13,82,106,,6293
1420,birth,grazer,24,8,192,65,,6294
1420,birth,grazer,5,2,40,23,,6295
1420,birth,grazer,16,3,129,27,,6296
1420,death,grazer,7,15,59,126,crowded,4785
1420,ignition,,30,9,,,,
1421,birth,grazer,10,19,82,159,,6297
1421,birth,grazer,4,19,33,154,,6298
1421,birth,grazer,7,13,63,104,,6299
1421,birth,grazer,7,8,58,68,,6300
1421,birth,grazer,20,23,167,184,,6301
1421,birth,grazer,6,20,54,162,,6302
1421,birth,grazer,21,12,172,99,,6303
1421,birth,grazer,9,12,79,100,,6304
1421,birth,grazer,29,7,235,60,,6305
1421,death,grazer,7,15,58,126,crowded,5092
1421,death,grazer,7,15,59,126,eaten,743
1422,birth,grazer,15,22,123,178,,6306
1422,birth,grazer,4,22,32,181,,6307
1422,birth,grazer,6,15,49,127,,6308
1422,birth,grazer,28,7,226,63,,6309
1422,birth,grazer,9,25,77,207,,6310
1422,birth,grazer,31,3,253,29,,6311
1422,birth,grazer,2,11,23,92,,6312
1422,birth,grazer,23,4,185,34,,6313
1422,birth,grazer,30,21,242,170,,6314
1422,birth,grazer,21,13,172,104,,6315
1422,death,grazer,30,0,246,0,crowded,4418
1423,birth,grazer,23,11,187,88,,6316
1423,birth,grazer,5,4,41,39,,6317
1423,birth,grazer,27,10,220,86,,6318
1423,birth,grazer,26,24,215,192,,6319
1423,birth,grazer,16,5,129,44,,6320
1423,birth,grazer,20,26,165,211,,6321
1423,birth,grazer,18,27,145,216,,6322
1423,birth,grazer,16,4,128,32,,6323
1423,birth,grazer,12,18,102,147,,6324
1423,birth,grazer,27,10,222,87,,6325
1423,birth,grazer,30,9,247,74,,6326
1423,burnout,,30,9,,,,
1424,birth,grazer,20,24,164,197,,6327
1424,birth,grazer,19,22,153,178,,6328
1424,birth,grazer,8,2,65,21,,6329
1424,birth,grazer,5,5,45,40,,6330
1424,birth,grazer,15,4,121,32,,6331
1424,birth,grazer,30,12,245,100,,6332
1424,birth,grazer,4,15,38,127,,6333
1424,birth,grazer,5,6,41,51,,6334
1424,birth,grazer,26,11,209,95,,6335
1424,birth,grazer,27,12,218,102,,6336
1424,birth,grazer,9,22,73,177,,6337
1424,birth,grazer,14,22,118,179,,6338
1424,death,grazer,7,16,59,131,crowded,4946
1425,birth,grazer,27,9,219,75,,6339
1425,birth,grazer,2,11,23,88,,6340
1425,birth,grazer,13,19,111,155,,6341
1425,birth,grazer,31,18,248,146,,6342
1425,birth,grazer,3,20,25,162,,6343
1425,birth,grazer,8,15,64,127,,6344
1425,birth,grazer,31,18,253,147,,6345
1425,birth,grazer,12,18,96,151,,6346
1425,birth,grazer,8,13,68,107,,6347
1425,birth,grazer,5,12,41,103,,6348
1425,birth,grazer,29,13,232,107,,6349
1425,birth,grazer,14,18,115,146,,6350
1425,death,grazer,7,16,57,128,crowded,5365
1425,death,grazer,7,16,57,128,eaten,130
1426,birth,grazer,20,4,162,33,,6351
1426,birth,grazer,31,0,248,0,,6352
1426,birth,grazer,17,24,136,196,,6353
1426,birth,grazer,25,20,207,167,,6354
1426,birth,grazer,27,9,219,77,,6355
1426,birth,grazer,31,11,255,95,,6356
1426,birth,grazer,11,9,94,76,,6357
1426,birth,grazer,25,10,202,80,,6358
1427,birth,grazer,11,30,88,244,,6359
1427,birth,grazer,4,26,39,214,,6360
1427,death,grazer,6,16,55,131,crowded,3254
1427,birth,grazer,10,2,82,22,,6361
1427,birth,grazer,8,23,67,186,,6362
1427,birth,grazer,6,19,51,153,,6363
1428,birth,grazer,5,5,47,45,,6364
1428,birth,grazer,7,27,62,222,,6365
1428,birth,grazer,11,16,94,129,,6366
1428,birth,grazer,20,7,161,63,,6367
1428,birth,grazer,11,23,95,191,,6368
1428,birth,grazer,28,17,226,140,,6369
1428,birth,grazer,21,2,170,17,,6370
1428,birth,grazer,30,3,245,31,,6371
1428,birth,grazer,8,10,69,85,,6372
1429,birth,grazer,5,17,40,143,,6373
1429,birth,grazer,28,16,226,128,,6374
1429,birth,grazer,18,2,144,23,,6375
1429,birth,grazer,25,7,204,61,,6376
1429,birth,grazer,5,7,40,63,,6377
1429,death,grazer,3,18,24,145,crowded,4013
1430,birth,grazer,6,18,48,146,,6378
1430,birth,grazer,23,2,188,20,,6379
1430,birth,grazer,9,7,72,56,,6380
1430,birth,grazer,25,12,201,99,,6381
1430,birth,grazer,3,8,30,65,,6382
1430,death,grazer,3,12,25,103,crowded,4413
1431,birth,grazer,24,11,192,88,,6383
1431,birth,grazer,23,8,184,64,,6384
1431,birth,grazer,14,23,113,190,,6385
1431,death,grazer,6,16,54,131,crowded,1701
1431,birth,grazer,2,14,20,112,,6386
1431,birth,grazer,2,18,21,151,,6387
1431,birth,grazer,22,21,181,170,,6388
1431,birth,grazer,20,9,166,79,,6389
1431,birth,grazer,28,18,231,146,,6390
1431,birth,grazer,29,12,238,103,,6391
1432,birth,grazer,2,21,20,168,,6392
1432,birth,grazer,14,31,119,254,,6393
1432,birth,grazer,15,31,123,248,,6394
1432,birth,grazer,17,31,140,249,,6395
1432,birth,grazer,10,22,82,177,,6396
1432,birth,grazer,12,26,100,212,,6397
1432,birth,grazer,15,31,125,252,,6398
1432,birth,grazer,3,19,29,157,,6399
1432,birth,grazer,1,26,15,212,,6400
1432,birth,grazer,26,3,214,27,,6401
1432,birth,grazer,22,10,177,81,,6402
1432,birth,grazer,28,9,224,76,,6403
1432,birth,grazer,19,8,156,64,,6404
1432,birth,grazer,17,31,142,252,,6405
1432,birth,grazer,17,30,143,247,,6406
1432,birth,grazer,14,31,119,251,,6407
1433,birth,grazer,7,7,62,56,,6408
1433,death,grazer,6,16,52,131,crowded,1741
1433,birth,grazer,4,25,34,202,,6409
1433,death,grazer,6,16,55,131,crowded,2679
1433,birth,grazer,4,4,36,32,,6410
1433,birth,grazer,21,27,172,220,,6411
1433,birth,grazer,9,23,72,190,,6412
1433,birth,grazer,17,2,143,23,,6413
1433,birth,grazer,9,21,78,170,,6414
1433,birth,grazer,16,31,128,249,,6415
1434,birth,grazer,29,16,235,133,,6416
1434,birth,grazer,26,6,208,48,,6417
1434,birth,grazer,22,27,176,217,,6418
1434,death,grazer,3,17,29,142,crowded,1179
1434,birth,grazer,6,23,50,188,,6419
1434,birth,grazer,4,14,39,113,,6420
1434,birth,grazer,9,8,78,66,,6421
1434,birth,grazer,12,27,102,220,,6422
1434,birth,grazer,31,26,250,211,,6423
1434,birth,grazer,3,18,31,150,,6424
1434,birth,grazer,12,31,103,250,,6425
1434,birth,grazer,13,31,110,249,,6426
1434,birth,grazer,3,26,25,211,,6427
1435,birth,grazer,22,2,179,20,,6428
1435,birth,grazer,17,27,136,219,,6429
1435,birth,grazer,25,23,206,184,,6430
1435,birth,grazer,15,27,120,221,,6431
1435,birth,grazer,30,19,240,156,,6432
1435,birth,grazer,23,5,190,45,,6433
1436,birth,grazer,14,2,116,23,,6434
1436,birth,grazer,2,12,23,101,,6435
1436,birth,grazer,2,12,23,100,,6436
1436,birth,grazer,30,16,242,131,,6437
1436,birth,grazer,20,6,166,54,,6438
1436,birth,grazer,29,24,236,198,,6439
1436,birth,grazer,20,23,164,184,,6440
1436,birth,grazer,15,26,120,210,,6441
1436,birth,grazer,6,10,49,85,,6442
1436,birth,grazer,8,9,64,74,,6443
1436,birth,grazer,21,11,175,94,,6444
1436,birth,grazer,27,14,219,118,,6445
1436,birth,grazer,25,14,201,112,,6446
1437,death,grazer,6,16,54,134,crowded,1133
1437,birth,grazer,9,25,79,206,,6447
1437,birth,grazer,14,13,112,104,,6448
1437,birth,grazer,21,28,173,230,,6449
1437,birth,grazer,31,4,248,32,,6450
1437,birth,grazer,5,25,40,203,,6451
1437,birth,grazer,31,10,250,80,,6452
1438,birth,grazer,3,17,30,137,,6453
1438,birth,grazer,2,22,23,181,,6454
1438,birth,grazer,2,26,17,214,,6455
1438,birth,grazer,6,6,55,48,,6456
1438,birth,grazer,25,10,203,80,,6457
1438,death,grazer,5,16,47,128,crowded,4300
1439,birth,grazer,5,8,46,66,,6458
1439,birth,grazer,30,14,243,113,,6459
1439,birth,grazer,14,9,113,79,,6460
1439,birth,grazer,26,7,214,62,,6461
1439,birth,grazer,25,25,204,200,,6462
1439,birth,grazer,24,28,197,224,,6463
1439,birth,grazer,21,8,175,69,,6464
1439,birth,grazer,16,31,128,248,,6465
1439,birth,grazer,6,24,49,198,,6466
1439,birth,grazer,27,26,219,212,,6467
1439,birth,grazer,26,25,213,200,,6468
1439,death,grazer,29,3,239,29,crowded,5897
1439,death,grazer,6,16,50,135,crowded,6262
1440,birth,grazer,31,2,248,23,,6469
1440,birth,grazer,4,28,39,224,,6470
1440,birth,grazer,26,6,211,52,,6471
1440,birth,grazer,30,6,240,48,,6472
1440,birth,grazer,27,27,220,218,,6473
1440,birth,grazer,20,5,165,47,,6474
1440,birth,grazer,0,29,0,237,,6475
1440,birth,grazer,19,8,159,67,,6476
1440,birth,grazer,28,19,224,154,,6477
1440,death,grazer,4,11,35,92,crowded,3689
1440,birth,grazer,23,12,191,103,,6478
1440,birth,grazer,30,28,240,225,,6479
1440,ignition,,7,14,,,,
1441,birth,grazer,4,4,32,39,,6480
1441,birth,grazer,4,3,38,24,,6481
1441,birth,grazer,11,6,89,52,,6482
1441,birth,grazer,17,23,141,190,,6483
1441,birth,grazer,3,2,24,21,,6484
1441,birth,grazer,26,27,210,223,,6485
1441,birth,grazer,13,26,106,212,,6486
1441,birth,grazer,9,23,76,189,,6487
1441,birth,grazer,21,24,171,199,,6488
1441,birth,grazer,28,7,224,57,,6489
1441,birth,grazer,24,22,199,177,,6490
1441,birth,grazer,11,12,95,103,,6491
1441,death,grazer,20,24,166,195,eaten,933
1442,birth,grazer,28,20,224,166,,6492
1442,birth,grazer,13,30,106,247,,6493
1442,birth,grazer,4,20,32,160,,6494
1442,birth,grazer,22,25,176,205,,6495
1442,birth,grazer,29,15,235,127,,6496
1442,birth,grazer,10,20,80,160,,6497
1442,birth,grazer,0,29,0,233,,6498
1442,birth,grazer,1,26,15,209,,6499
1442,birth,grazer,21,9,169,76,,6500
1442,birth,grazer,3,10,31,80,,6501
1442,birth,grazer,26,5,212,40,,6502
1442,birth,grazer,13,31,105,251,,6503
1442,birth,grazer,6,26,48,209,,6504
1442,birth,grazer,24,10,193,80,,6505
1442,death,grazer,6,4,50,35,eaten,1904
1442,spread,,6,14,,,,455
1443,birth,grazer,12,31,103,253,,6506
1443,birth,grazer,2,23,23,191,,6507
1443,birth,grazer,30,17,240,137,,6508
1443,birth,grazer,27,7,223,56,,6509
1443,birth,grazer,16,2,128,21,,6510
1443,birth,grazer,8,17,67,139,,6511
1443,birth,grazer,22,22,177,176,,6512
1443,birth,grazer,27,5,217,40,,6513
1443,birth,grazer,8,7,64,56,,6514
1443,birth,grazer,26,12,215,103,,6515
1443,birth,grazer,15,6,124,55,,6516
1443,burnout,,7,14,,,,
1444,birth,grazer,20,11,164,95,,6517
1444,birth,grazer,7,12,61,96,,6518
1444,birth,grazer,24,8,196,70,,6519
1444,birth,grazer,17,4,141,39,,6520
1444,birth,grazer,29,11,234,94,,6521
1444,birth,grazer,25,2,202,22,,6522
1444,birth,grazer,25,3,200,31,,6523
1444,birth,grazer,6,12,53,101,,6524
1444,birth,grazer,28,22,231,183,,6525
1444,birth,grazer,22,24,180,193,,6526
1444,birth,grazer,18,8,148,68,,6527
1444,spread,,7,14,,,,454
1445,birth,grazer,19,24,156,195,,6528
1445,birth,grazer,17,22,143,176,,6529
1445,birth,grazer,6,14,48,112,,6530
1445,birth,grazer,20,10,161,83,,6531
1445,birth,grazer,28,5,228,45,,6532
1445,birth,grazer,16,5,128,42,,6533
1445,birth,grazer,2,7,22,58,,6534
1445,birth,grazer,8,16,70,129,,6535
1445,birth,grazer,10,6,84,49,,6536
1445,death,grazer,5,16,41,134,crowded,4396
1445,burnout,,6,14,,,,
1446,birth,grazer,4,17,39,142,,6537
1446,birth,grazer,13,18,104,144,,6538
1446,birth,grazer,18,8,151,66,,6539
1446,birth,grazer,26,8,212,65,,6540
1446,birth,grazer,4,17,39,140,,6541
1446,birth,grazer,14,17,119,143,,6542
1446,birth,grazer,28,20,224,167,,6543
1446,birth,grazer,14,4,115,39,,6544
1446,birth,grazer,14,18,114,147,,6545
1446,death,grazer,30,2,245,23,crowded,4060
1447,birth,grazer,12,15,96,126,,6546
1447,birth,grazer,28,18,224,144,,6547
1447,birth,grazer,28,8,227,69,,6548
1447,birth,grazer,22,12,176,96,,6549
1447,birth,grazer,12,17,101,141,,6550
1447,birth,grazer,26,20,211,162,,6551
1447,birth,grazer,13,5,108,40,,6552
1447,birth,grazer,18,12,151,98,,6553
1447,birth,grazer,13,21,104,168,,6554
1447,birth,grazer,6,15,48,125,,6555
1447,birth,grazer,9,19,79,155,,6556
1447,birth,grazer,14,6,117,49,,6557
1447,birth,grazer,27,13,218,104,,6558
1447,birth,grazer,12,19,96,152,,6559
1447,birth,grazer,9,9,72,72,,6560
1447,birth,grazer,16,3,128,24,,6561
1447,death,grazer,30,2,246,22,crowded,6257
1447,death,grazer,22,15,182,121,eaten,141
1447,burnout,,7,14,,,,
1448,birth,grazer,6,7,48,59,,6562
1448,birth,grazer,30,11,244,88,,6563
1448,birth,grazer,15,31,127,251,,6564
1448,birth,grazer,17,7,138,56,,6565
1448,birth,grazer,2,18,23,151,,6566
1448,birth,grazer,13,2,107,22,,6567
1448,birth,grazer,11,16,94,131,,6568
1448,birth,grazer,19,13,152,104,,6569
1448,birth,grazer,17,6,141,49,,6570
1449,birth,grazer,6,14,48,114,,6571
1449,birth,grazer,11,17,95,141,,6572
1449,birth,grazer,20,7,161,63,,6573
1449,birth,grazer,20,12,160,96,,6574
1449,birth,grazer,13,5,111,40,,6575
1449,birth,grazer,11,30,93,244,,6576
1449,birth,grazer,28,9,230,78,,6577
1449,death,grazer,5,16,44,132,crowded,5569
1450,birth,grazer,28,26,231,208,,6578
1450,birth,grazer,15,30,120,247,,6579
1450,birth,grazer,11,15,94,127,,6580
1450,birth,grazer,18,19,149,153,,6581
1450,birth,grazer,7,9,59,73,,6582
1450,birth,grazer,29,3,232,24,,6583
1450,birth,grazer,5,6,40,53,,6584
1450,birth,grazer,9,27,73,222,,6585
1450,birth,grazer,3,6,30,54,,6586
1450,birth,grazer,10,21,80,168,,6587
1450,birth,grazer,25,10,200,87,,6588
1450,birth,grazer,12,16,96,128,,6589
1450,birth,grazer,14,19,113,152,,6590
1450,death,grazer,5,10,43,80,crowded,4790
1450,germination,tree,29,4,238,35,,6591
1450,germination,tree,23,30,191,247,,6592
1450,tree_death,tree,28,31,227,248,crowded,634
1450,tree_death,tree,30,31,244,254,crowded,635
1450,germination,tree,28,14,225,118,,6593
1450,tree_death,tree,24,22,192,179,crowded,961
1450,tree_death,tree,30,4,240,35,crowded,1053
1451,birth,grazer,22,15,182,127,,6594
1451,birth,grazer,10,7,84,61,,6595
1451,birth,grazer,18,24,145,199,,6596
1451,birth,grazer,23,24,187,195,,6597
1451,birth,grazer,23,20,189,160,,6598
1451,birth,grazer,28,10,231,87,,6599
1451,birth,grazer,31,10,251,80,,6600
1451,birth,grazer,23,13,190,107,,6601
1451,birth,grazer,6,27,54,218,,6602
1451,birth,grazer,28,19,225,157,,6603
1451,birth,grazer,10,6,87,51,,6604
1451,birth,grazer,17,2,143,23,,6605
1451,birth,grazer,3,26,29,209,,6606
1451,birth,grazer,14,8,118,67,,6607
1452,birth,grazer,16,5,130,45,,6608
1452,birth,grazer,28,13,225,104,,6609
1452,birth,grazer,23,14,185,116,,6610
1452,birth,grazer,22,15,182,127,,6611
1452,birth,grazer,2,14,20,112,,6612
1452,birth,grazer,15,4,122,39,,6613
1452,birth,grazer,27,6,219,48,,6614
1452,birth,grazer,8,20,71,160,,6615
1452,death,grazer,31,3,249,24,eaten,474
1453,birth,grazer,2,19,23,152,,6616
1453,death,grazer,6,15,49,127,crowded,1616
1453,birth,grazer,4,10,34,80,,6617
1453,birth,grazer,11,22,93,181,,6618
1453,birth,grazer,30,17,246,142,,6619
1453,birth,grazer,26,7,215,57,,6620
1453,birth,grazer,7,23,61,191,,6621
1453,death,grazer,3,2,31,21,eaten,1302
1454,birth,grazer,0,30,2,245,,6622
1454,birth,grazer,25,8,201,70,,6623
1454,birth,grazer,5,16,40,128,,6624
1454,birth,grazer,9,3,73,28,,6625
1454,birth,grazer,2,18,22,151,,6626
1454,birth,grazer,13,18,106,147,,6627
1454,birth,grazer,11,10,94,83,,6628
1454,birth,grazer,11,10,92,83,,6629
1454,birth,grazer,30,5,240,40,,6630
1454,birth,grazer,23,25,184,202,,6631
1454,death,grazer,30,28,245,225,eaten,168
1455,birth,grazer,8,7,64,58,,6632
1455,birth,grazer,11,18,95,144,,6633
1455,birth,grazer,28,4,231,36,,6634
1455,birth,grazer,26,21,215,174,,6635
1455,birth,grazer,10,20,81,160,,6636
1455,birth,grazer,30,7,242,58,,6637
1455,birth,grazer,19,9,158,79,,6638
1455,birth,grazer,25,14,200,112,,6639
1455,birth,grazer,16,2,128,23,,6640
1456,birth,grazer,8,10,68,84,,6641
1456,birth,grazer,7,27,63,220,,6642
1456,birth,grazer,20,11,160,93,,6643
1456,birth,grazer,19,8,156,67,,6644
1456,birth,grazer,19,11,152,90,,6645
1456,birth,grazer,12,17,97,136,,6646
1457,birth,grazer,31,2,249,23,,6647
1457,birth,grazer,14,11,113,88,,6648
1457,birth,grazer,16,7,133,56,,6649
1457,birth,grazer,16,6,128,51,,6650
1457,birth,grazer,28,14,229,117,,6651
1457,death,grazer,6,15,52,126,crowded,5558
1458,death,grazer,6,15,53,125,crowded,2000
1458,birth,grazer,26,9,214,78,,6652
1458,birth,grazer,7,22,62,177,,6653
1458,birth,grazer,3,8,31,69,,6654
1459,birth,grazer,4,27,33,222,,6655
1459,birth,grazer,23,11,190,92,,6656
1459,death,grazer,31,2,249,23,crowded,2704
1459,birth,grazer,5,9,40,77,,6657
1459,birth,grazer,25,11,201,92,,6658
1459,birth,grazer,5,28,41,224,,6659
1460,birth,grazer,3,3,25,31,,6660
1460,birth,grazer,4,20,33,160,,6661
1460,birth,grazer,14,6,118,52,,6662
1460,birth,grazer,10,24,84,196,,6663
1460,birth,grazer,17,2,143,23,,6664
1460,birth,grazer,14,9,113,77,,6665
1460,birth,grazer,3,9,26,74,,6666
1461,birth,grazer,8,25,64,207,,6667
1461,birth,grazer,27,18,217,144,,6668
1461,birth,grazer,12,28,96,226,,6669
1461,birth,grazer,13,11,108,91,,6670
1461,birth,grazer,16,5,131,45,,6671
1461,birth,grazer,25,13,200,111,,6672
1461,death,grazer,31,2,249,23,eaten,583
1462,birth,grazer,24,27,198,219,,6673
1462,birth,grazer,6,9,48,79,,6674
1462,birth,grazer,10,2,82,23,,6675
1462,birth,grazer,25,20,200,160,,6676
1462,birth,grazer,5,27,46,220,,6677
1462,birth,grazer,20,23,165,184,,6678
1462,birth,grazer,26,26,214,212,,6679
1462,birth,grazer,21,24,168,195,,6680
1463,birth,grazer,30,2,240,17,,6681
1463,birth,grazer,31,3,249,24,,6682
1463,birth,grazer,8,22,67,178,,6683
1463,birth,grazer,25,25,207,207,,6684
1463,birth,grazer,24,24,193,198,,6685
1463,birth,grazer,11,28,95,224,,6686
1464,birth,grazer,29,14,238,112,,6687
1464,birth,grazer,31,2,249,23,,6688
1464,birth,grazer,21,23,168,186,,6689
1464,birth,grazer,7,28,61,227,,6690
1464,death,grazer,7,15,60,125,crowded,1354
1464,birth,grazer,6,7,51,59,,6691
1464,birth,grazer,26,10,214,84,,6692
1464,birth,grazer,7,28,59,226,,6693
1464,birth,grazer,26,14,208,112,,6694
1464,birth,grazer,13,27,109,222,,6695
1464,birth,grazer,9,18,72,144,,6696
1465,birth,grazer,2,6,20,52,,6697
1465,birth,grazer,20,28,161,230,,6698
1465,birth,grazer,28,13,231,105,,6699
1465,birth,grazer,3,9,24,72,,6700
1465,birth,grazer,28,18,224,146,,6701
1466,birth,grazer,20,24,161,197,,6702
1466,birth,grazer,31,2,248,23,,6703
1466,birth,grazer,23,23,185,184,,6704
1466,birth,grazer,15,4,121,39,,6705
1466,birth,grazer,21,2,175,21,,6706
1466,birth,grazer,31,16,248,130,,6707
1466,birth,grazer,4,22,32,182,,6708
1466,birth,grazer,16,24,135,192,,6709
1467,birth,grazer,28,19,224,152,,6710
1467,birth,grazer,21,23,174,184,,6711
1467,birth,grazer,14,23,114,191,,6712
1467,birth,grazer,4,3,32,26,,6713
1467,birth,grazer,29,23,234,184,,6714
1467,birth,grazer,19,7,152,56,,6715
1467,death,grazer,30,0,246,0,crowded,3107
1467,birth,grazer,27,14,216,119,,6716
1467,birth,grazer,24,26,196,209,,6717
1468,birth,grazer,28,21,231,168,,6718
1468,birth,grazer,12,27,97,222,,6719
1468,birth,grazer,7,26,61,209,,6720
1469,birth,grazer,29,5,232,47,,6721
1469,birth,grazer,13,28,106,225,,6722
1469,birth,grazer,4,3,34,24,,6723
1469,birth,grazer,15,6,126,48,,6724
1469,birth,grazer,12,26,98,210,,6725
1469,birth,grazer,30,21,243,168,,6726
1470,birth,grazer,9,25,74,200,,6727
1470,birth,grazer,27,20,217,166,,6728
1470,death,grazer,31,2,249,23,crowded,3793
1470,birth,grazer,12,4,99,34,,6729
1471,birth,grazer,28,24,228,196,,6730
1471,birth,grazer,27,10,216,87,,6731
1471,death,grazer,8,15,67,126,crowded,1079
1471,birth,grazer,14,2,115,22,,6732
1471,birth,grazer,26,6,215,49,,6733
1471,death,grazer,8,15,66,126,crowded,2702
1471,birth,grazer,22,2,180,16,,6734
1471,birth,grazer,10,0,81,1,,6735
1471,death,grazer,30,0,246,0,crowded,5891
1472,birth,grazer,22,17,183,137,,6736
1472,birth,grazer,31,4,248,32,,6737
1472,birth,grazer,3,8,29,64,,6738
1472,birth,grazer,21,30,173,247,,6739
1473,birth,grazer,12,19,98,158,,6740
1473,birth,grazer,15,8,122,68,,6741
1473,birth,grazer,31,24,251,192,,6742
1473,birth,grazer,22,30,181,247,,6743
1473,birth,grazer,15,8,122,68,,6744
1473,birth,grazer,29,2,236,18,,6745
1473,birth,grazer,12,15,96,127,,6746
1473,birth,grazer,13,4,109,39,,6747
1473,birth,grazer,8,31,65,249,,6748
1473,birth,grazer,22,28,176,228,,6749
1473,birth,grazer,15,17,121,142,,6750
1473,death,grazer,31,2,248,23,crowded,6703
1474,birth,grazer,13,25,107,205,,6751
1474,birth,grazer,13,17,108,143,,6752
1474,birth,grazer,20,30,166,246,,6753
1474,birth,grazer,13,25,104,204,,6754
1474,birth,grazer,25,12,201,102,,6755
1474,birth,grazer,31,28,253,224,,6756
1475,birth,grazer,7,15,59,127,,6757
1475,birth,grazer,1,25,15,203,,6758
1475,birth,grazer,31,4,252,32,,6759
1475,birth,grazer,12,17,96,143,,6760
1475,birth,grazer,25,7,205,61,,6761
1475,birth,grazer,14,19,113,152,,6762
1476,birth,grazer,6,9,53,72,,6763
1476,birth,grazer,2,12,22,100,,6764
1476,birth,grazer,9,5,73,41,,6765
1476,birth,grazer,29,11,232,95,,6766
1476,birth,grazer,16,24,132,196,,6767
1476,birth,grazer,22,13,183,106,,6768
1476,birth,grazer,31,3,248,29,,6769
1476,birth,grazer,24,30,192,245,,6770
1477,birth,grazer,13,20,104,162,,6771
1477,birth,grazer,13,17,109,140,,6772
1477,birth,grazer,26,21,210,171,,6773
1477,birth,grazer,15,17,121,143,,6774
1477,birth,grazer,21,25,169,202,,6775
1477,birth,grazer,7,9,60,76,,6776
1477,birth,grazer,15,26,120,210,,6777
1477,birth,grazer,23,30,185,247,,6778
1477,birth,grazer,12,15,98,127,,6779
1477,birth,grazer,13,19,104,156,,6780
1478,birth,grazer,14,13,113,104,,6781
1478,birth,grazer,0,8,0,70,,6782
1478,birth,grazer,5,4,45,32,,6783
1478,birth,grazer,22,28,177,228,,6784
1478,birth,grazer,13,20,111,164,,6785
1478,birth,grazer,0,10,0,83,,6786
1478,birth,grazer,0,7,0,63,,6787
1478,birth,grazer,29,6,235,55,,6788
1478,birth,grazer,0,9,0,78,,6789
1478,birth,grazer,0,2,0,17,,6790
1478,birth,grazer,0,6,0,51,,6791
1478,birth,grazer,0,6,0,51,,6792
1478,birth,grazer,8,24,66,193,,6793
1478,birth,grazer,4,10,33,81,,6794
1478,birth,grazer,29,24,232,198,,6795
1478,birth,grazer,0,4,0,32,,6796
1478,birth,grazer,14,17,119,141,,6797
1478,birth,grazer,0,9,0,79,,6798
1478,birth,grazer,0,5,0,43,,6799
1478,birth,grazer,0,10,0,80,,6800
1478,birth,grazer,0,8,0,67,,6801
1479,birth,grazer,8,7,71,63,,6802
1479,birth,grazer,10,12,87,97,,6803
1479,birth,grazer,0,3,0,31,,6804
1479,birth,grazer,4,22,32,182,,6805
1479,birth,grazer,6,4,55,33,,6806
1479,birth,grazer,28,8,224,64,,6807
1479,death,grazer,29,3,238,28,crowded,2367
1479,birth,grazer,31,10,254,82,,6808
1479,birth,grazer,21,30,168,247,,6809
1480,birth,grazer,21,31,169,249,,6810
1480,birth,grazer,10,10,82,81,,6811
1480,birth,grazer,23,30,187,247,,6812
1480,birth,grazer,6,14,52,113,,6813
1480,birth,grazer,11,2,93,23,,6814
1480,birth,grazer,17,27,136,217,,6815
1480,death,grazer,9,15,75,125,crowded,4123
1480,birth,grazer,21,31,172,249,,6816
1480,birth,grazer,14,9,112,79,,6817
1480,birth,grazer,0,7,0,59,,6818
1480,ignition,,1,14,,,,
1481,birth,grazer,23,31,188,251,,6819
1481,death,grazer,9,15,76,126,crowded,280
1481,birth,grazer,8,2,64,23,,6820
1481,birth,grazer,29,27,239,216,,6821
1481,birth,grazer,27,25,223,200,,6822
1481,birth,grazer,13,13,104,104,,6823
1482,birth,grazer,25,6,206,48,,6824
1482,birth,grazer,18,27,145,217,,6825
1482,birth,grazer,7,13,56,104,,6826
1483,death,grazer,9,15,78,126,crowded,2297
1483,birth,grazer,13,4,105,35,,6827
1483,birth,grazer,15,25,126,203,,6828
1483,birth,grazer,11,16,93,130,,6829
1483,burnout,,1,14,,,,
1484,birth,grazer,6,12,48,97,,6830
1484,birth,grazer,31,3,248,24,,6831
1484,birth,grazer,12,3,97,26,,6832
1484,birth,grazer,15,11,120,88,,6833
1484,death,grazer,9,15,79,125,crowded,3058
1484,birth,grazer,11,27,89,218,,6834
1484,birth,grazer,29,18,237,149,,6835
1484,birth,grazer,20,6,165,53,,6836
1484,birth,grazer,13,2,106,22,,6837
1485,death,grazer,27,16,220,131,crowded,782
1485,birth,grazer,8,24,64,192,,6838
1485,birth,grazer,9,11,73,95,,6839
1485,birth,grazer,10,19,84,155,,6840
1485,birth,grazer,15,25,124,206,,6841
1485,birth,grazer,28,4,231,34,,6842
1485,birth,grazer,31,18,249,149,,6843
1485,death,grazer,29,3,239,28,eaten,262
1485,storm,,0,0,,,,11.2702 4.0167 2.1503
1486,birth,grazer,30,6,240,55,,6844
1486,birth,grazer,9,25,79,207,,6845
1486,birth,grazer,31,15,254,124,,6846
1486,birth,grazer,19,23,155,191,,6847
1487,birth,grazer,18,28,147,228,,6848
1487,birth,grazer,6,5,55,42,,6849
1487,birth,grazer,0,25,0,203,,6850
1487,birth,grazer,19,11,154,93,,6851
1487,birth,grazer,7,7,61,63,,6852
1487,birth,grazer,8,11,65,89,,6853
1487,birth,grazer,7,7,63,57,,6854
1487,birth,grazer,31,6,251,52,,6855
1488,birth,grazer,9,24,79,192,,6856
1488,birth,grazer,7,8,59,70,,6857
1488,birth,grazer,17,22,143,176,,6858
1488,birth,grazer,25,20,204,160,,6859
1488,birth,grazer,11,15,93,125,,6860
1488,birth,grazer,29,12,232,103,,6861
1488,birth,grazer,11,18,95,147,,6862
1488,birth,grazer,29,21,232,173,,6863
1489,birth,grazer,28,18,231,151,,6864
1489,birth,grazer,13,3,110,26,,6865
1489,birth,grazer,5,4,45,32,,6866
1489,birth,grazer,16,28,128,224,,6867
1489,birth,grazer,31,19,249,154,,6868
1489,birth,grazer,28,3,224,28,,6869
1489,birth,grazer,20,11,162,90,,6870
1489,birth,grazer,2,28,23,224,,6871
1490,birth,grazer,30,7,240,63,,6872
1490,birth,grazer,17,4,143,35,,6873
1490,death,grazer,10,15,85,125,crowded,4068
1490,birth,grazer,31,16,251,135,,6874
1490,birth,grazer,30,13,240,110,,6875
1491,death,grazer,10,15,87,126,crowded,1619
1491,birth,grazer,28,26,231,208,,6876
1491,birth,grazer,20,26,163,215,,6877
1491,birth,grazer,7,28,60,227,,6878
1491,birth,grazer,8,25,67,205,,6879
1491,birth,grazer,29,20,237,161,,6880
1491,birth,grazer,10,10,84,82,,6881
1491,death,grazer,10,15,86,126,crowded,5715
1492,birth,grazer,5,24,45,194,,6882
1492,birth,grazer,17,2,143,23,,6883
1492,birth,grazer,25,11,202,88,,6884
1492,birth,grazer,22,14,183,115,,6885
1492,birth,grazer,7,11,62,92,,6886
1492,birth,grazer,3,25,24,202,,6887
1492,birth,grazer,21,24,173,198,,6888
1492,birth,grazer,20,30,161,247,,6889
1492,birth,grazer,0,5,0,47,,6890
1492,birth,grazer,27,23,223,184,,6891
1492,birth,grazer,27,7,221,61,,6892
1492,birth,grazer,15,12,120,97,,6893
1492,birth,grazer,31,26,255,208,,6894
1493,birth,grazer,11,12,95,103,,6895
1493,birth,grazer,11,17,89,142,,6896
1493,birth,grazer,28,21,230,168,,6897
1493,birth,grazer,5,11,44,94,,6898
1493,death,grazer,11,15,89,126,crowded,6344
1493,death,grazer,11,15,93,125,crowded,6860
1494,birth,grazer,2,2,23,23,,6899
1494,death,grazer,11,15,89,125,crowded,2570
1494,birth,grazer,31,0,248,0,,6900
1494,birth,grazer,22,27,176,216,,6901
1494,birth,grazer,28,2,228,22,,6902
1494,death,grazer,7,6,59,52,eaten,128
1495,birth,grazer,25,18,200,151,,6903
1495,birth,grazer,17,3,143,24,,6904
1495,birth,grazer,19,5,152,47,,6905
1495,birth,grazer,27,12,221,97,,6906
1495,birth,grazer,19,5,159,40,,6907
1495,birth,grazer,29,7,237,58,,6908
1495,birth,grazer,10,21,81,168,,6909
1495,birth,grazer,26,8,210,68,,6910
1495,birth,grazer,20,12,165,102,,6911
1496,birth,grazer,31,25,249,202,,6912
1496,birth,grazer,9,10,79,83,,6913
1496,birth,grazer,31,27,248,219,,6914
1496,birth,grazer,2,14,20,112,,6915
1496,birth,grazer,30,18,245,146,,6916
1496,birth,grazer,6,20,48,160,,6917
1496,birth,grazer,6,4,48,32,,6918
1496,birth,grazer,15,26,125,210,,6919
1496,birth,grazer,12,19,96,158,,6920
1496,death,grazer,11,15,90,125,crowded,3967
1496,birth,grazer,8,19,64,152,,6921
1496,birth,grazer,28,18,227,144,,6922
1496,birth,grazer,15,28,121,229,,6923
1496,birth,grazer,7,23,63,184,,6924
1496,death,grazer,11,15,90,125,crowded,5863
1497,birth,grazer,6,6,50,55,,6925
1497,birth,grazer,6,15,48,120,,6926
1497,birth,grazer,2,18,23,148,,6927
1497,birth,grazer,19,9,159,79,,6928
1498,birth,grazer,31,20,248,162,,6929
1498,birth,grazer,18,12,151,101,,6930
1498,birth,grazer,15,7,121,60,,6931
1498,birth,grazer,6,7,52,60,,6932
1498,birth,grazer,27,14,218,119,,6933
1498,birth,grazer,9,6,72,48,,6934
1498,birth,grazer,28,5,231,40,,6935
1498,birth,grazer,15,7,121,60,,6936
1498,birth,grazer,6,7,55,57,,6937
1498,birth,grazer,31,2,248,23,,6938
1499,birth,grazer,13,25,111,201,,6939
1499,birth,grazer,25,23,200,187,,6940
1499,birth,grazer,10,15,83,127,,6941
1499,birth,grazer,17,26,141,214,,6942
1499,birth,grazer,23,21,185,175,,6943
1500,birth,grazer,6,24,55,199,,6944
1500,birth,grazer,17,26,137,214,,6945
1500,birth,grazer,29,3,237,31,,6946
1500,birth,grazer,22,13,183,105,,6947
1500,birth,grazer,20,10,160,87,,6948
1500,birth,grazer,14,24,115,198,,6949
1500,birth,grazer,21,18,168,151,,6950
1500,birth,grazer,20,31,165,250,,6951
1500,birth,grazer,12,27,103,219,,6952
1500,birth,grazer,26,12,215,100,,6953
1500,birth,grazer,3,2,27,22,,6954
1500,death,grazer,11,15,90,125,eaten,122
1500,germination,tree,17,31,143,248,,6955
1500,germination,tree,3,28,25,225,,6956
1500,tree_death,tree,24,31,193,253,crowded,1063
1500,ignition,,3,25,,,,
1501,birth,grazer,9,15,74,125,,6957
1501,birth,grazer,15,6,124,52,,6958
1502,birth,grazer,23,14,186,114,,6959
1502,birth,grazer,31,0,248,0,,6960
1502,birth,grazer,29,3,234,31,,6961
1502,birth,grazer,18,7,147,57,,6962
1502,birth,grazer,4,11,38,95,,6963
1502,birth,grazer,11,6,89,53,,6964
1502,birth,grazer,18,10,151,87,,6965
1502,birth,grazer,3,25,31,203,,6966
1502,birth,grazer,23,9,190,79,,6967
1502,birth,grazer,9,18,76,145,,6968
1503,birth,grazer,24,30,192,247,,6969
1503,birth,grazer,18,4,144,38,,6970
1503,birth,grazer,14,12,112,102,,6971
1503,birth,grazer,30,2,246,17,,6972
1503,birth,grazer,30,2,242,17,,6973
1503,birth,grazer,5,22,47,181,,6974
1503,birth,grazer,11,28,89,225,,6975
1503,birth,grazer,20,1,160,15,,6976
1503,burnout,,3,25,,,,
1503,tree_death,tree,3,25,29,203,burnt,51
1503,tree_death,tree,3,25,26,206,burnt,632
1504,birth,grazer,3,25,31,206,,6977
1504,death,grazer,11,15,90,125,crowded,496
1504,birth,grazer,2,11,20,92,,6978
1504,birth,grazer,10,17,83,136,,6979
1504,birth,grazer,14,22,112,183,,6980
1504,birth,grazer,11,14,94,115,,6981
1504,birth,grazer,31,0,248,0,,6982
1504,birth,grazer,31,2,249,23,,6983
1504,birth,grazer,31,2,249,23,,6984
1504,birth,grazer,28,27,231,217,,6985
1504,death,grazer,31,3,249,26,crowded,4961
1505,birth,grazer,21,19,168,152,,6986
1505,birth,grazer,11,4,88,32,,6987
1505,birth,grazer,4,26,39,215,,6988
1505,birth,grazer,9,15,78,127,,6989
1505,birth,grazer,29,14,232,113,,6990
1505,birth,grazer,30,20,241,161,,6991
1505,birth,grazer,10,0,80,1,,6992
1505,birth,grazer,2,23,21,191,,6993
1505,birth,grazer,0,7,0,56,,6994
1505,birth,grazer,29,22,234,181,,6995
1505,birth,grazer,20,4,164,35,,6996
1505,birth,grazer,7,11,58,92,,6997
1505,death,grazer,31,2,249,23,eaten,3738
1506,death,grazer,11,15,90,125,crowded,3796
1506,birth,grazer,6,9,55,74,,6998
1506,birth,grazer,7,27,63,219,,6999
1506,birth,grazer,18,11,151,91,,7000
1506,birth,grazer,29,2,236,18,,7001
1507,birth,grazer,12,2,97,21,,7002
1507,birth,grazer,18,27,144,216,,7003
1507,death,grazer,11,15,90,125,crowded,1678
1507,birth,grazer,4,4,36,38,,7004
1507,birth,grazer,11,3,93,25,,7005
1507,birth,grazer,17,4,141,39,,7006
1507,birth,grazer,30,27,243,223,,7007
1507,birth,grazer,13,13,104,104,,7008
1508,birth,grazer,30,10,242,87,,7009
1508,birth,grazer,18,4,149,32,,7010
1508,birth,grazer,19,22,155,179,,7011
1508,death,grazer,11,15,90,125,crowded,1177
1508,birth,grazer,6,15,48,125,,7012
1508,birth,grazer,25,3,200,31,,7013
1508,birth,grazer,2,22,23,182,,7014
1508,birth,grazer,11,3,88,31,,7015
1508,birth,grazer,11,23,93,191,,7016
1508,birth,grazer,30,5,240,40,,7017
1508,birth,grazer,19,13,152,104,,7018
1509,birth,grazer,23,22,188,179,,7019
1509,birth,grazer,27,9,222,79,,7020
1509,birth,grazer,29,3,234,27,,7021
1509,death,grazer,11,15,90,125,crowded,3686
1509,birth,grazer,2,2,19,23,,7022
1509,birth,grazer,5,27,46,217,,7023
1510,birth,grazer,8,20,65,165,,7024
1510,birth,grazer,5,14,46,117,,7025
1510,birth,grazer,13,12,109,103,,7026
1510,birth,grazer,6,15,49,126,,7027
1510,birth,grazer,21,2,174,17,,7028
1510,birth,grazer,31,3,248,29,,7029
1510,birth,grazer,10,19,86,155,,7030
1510,ignition,,21,28,,,,
1511,birth,grazer,12,14,97,112,,7031
1511,birth,grazer,6,28,52,227,,7032
1511,birth,grazer,25,20,203,166,,7033
1511,birth,grazer,15,12,120,96,,7034
1512,birth,grazer,8,21,65,172,,7035
1512,birth,grazer,19,9,157,79,,7036
1512,birth,grazer,18,8,151,67,,7037
1512,birth,grazer,3,8,28,66,,7038
1512,birth,grazer,4,6,32,48,,7039
1512,birth,grazer,14,25,112,201,,7040
1512,birth,grazer,31,2,248,17,,7041
1512,birth,grazer,31,2,248,23,,7042
1512,birth,grazer,6,1,53,15,,7043
1512,death,grazer,17,3,143,27,eaten,3291
1513,birth,grazer,18,22,151,180,,7044
1513,birth,grazer,14,13,112,104,,7045
1513,birth,grazer,4,6,32,48,,7046
1513,birth,grazer,9,25,79,207,,7047
1513,birth,grazer,22,21,179,169,,7048
1513,birth,grazer,15,23,120,191,,7049
1513,birth,grazer,10,4,83,33,,7050
1513,birth,grazer,16,23,128,191,,7051
1513,death,grazer,12,2,100,21,eaten,671
1513,burnout,,21,28,,,,
1514,birth,grazer,7,27,63,220,,7052
1514,birth,grazer,21,13,174,104,,7053
1514,birth,grazer,17,2,143,23,,7054
1514,birth,grazer,9,24,79,196,,7055
1514,birth,grazer,10,22,85,179,,7056
1514,birth,grazer,16,7,128,56,,7057
1514,death,grazer,11,15,90,125,crowded,3792
1514,birth,grazer,25,10,200,80,,7058
1514,death,grazer,18,13,147,104,eaten,2098
1515,birth,grazer,23,8,191,66,,7059
1515,birth,grazer,10,1,81,14,,7060
1515,birth,grazer,28,20,224,164,,7061
1515,birth,grazer,23,6,186,49,,7062
1515,birth,grazer,22,11,177,91,,7063
1515,storm,,0,0,,,,4.8008 1.6117 0.7607
1516,birth,grazer,10,5,83,41,,7064
1516,birth,grazer,25,23,207,186,,7065
1516,birth,grazer,10,7,84,58,,7066
1516,birth,grazer,22,21,177,169,,7067
1516,birth,grazer,11,8,93,64,,7068
1516,birth,grazer,5,2,47,21,,7069
1516,birth,grazer,22,9,181,77,,7070
1516,birth,grazer,24,7,193,63,,7071
1516,birth,grazer,7,1,57,15,,7072
1517,birth,grazer,3,2,25,23,,7073
1517,birth,grazer,31,21,250,168,,7074
1517,birth,grazer,4,21,32,168,,7075
1517,birth,grazer,19,8,156,68,,7076
1517,birth,grazer,5,2,40,21,,7077
1517,birth,grazer,21,13,173,105,,7078
1518,birth,grazer,24,11,193,91,,7079
1518,birth,grazer,21,11,172,88,,7080
1518,birth,grazer,9,1,76,14,,7081
1518,birth,grazer,9,11,78,93,,7082
1518,birth,grazer,22,30,182,247,,7083
1518,birth,grazer,21,22,175,178,,7084
1518,birth,grazer,24,11,192,90,,7085
1519,birth,grazer,8,9,69,75,,7086
1519,birth,grazer,10,10,80,80,,7087
1519,birth,grazer,28,22,230,176,,7088
1519,birth,grazer,10,14,84,112,,7089
1519,birth,grazer,20,6,167,49,,7090
1519,death,grazer,30,4,242,33,crowded,3312
1519,birth,grazer,4,13,39,104,,7091
1519,birth,grazer,8,14,67,112,,7092
1519,birth,grazer,9,14,73,118,,7093
1519,birth,grazer,9,14,72,118,,7094
1520,birth,grazer,11,28,88,227,,7095
1520,birth,grazer,22,8,178,68,,7096
1520,birth,grazer,28,23,231,190,,7097
1520,birth,grazer,27,2,221,20,,7098
1520,birth,grazer,22,8,182,65,,7099
1520,birth,grazer,31,8,253,65,,7100
1521,birth,grazer,28,10,231,81,,7101
1521,birth,grazer,20,21,160,168,,7102
1521,birth,grazer,29,10,232,83,,7103
1521,birth,grazer,31,7,248,59,,7104
1521,birth,grazer,22,20,176,166,,7105
1521,birth,grazer,4,21,32,172,,7106
1521,birth,grazer,20,21,161,168,,7107
1521,birth,grazer,4,13,39,111,,7108
1521,birth,grazer,29,27,238,219,,7109
1521,birth,grazer,18,18,149,144,,7110
1522,birth,grazer,10,9,83,75,,7111
1522,birth,grazer,18,18,150,145,,7112
1522,birth,grazer,14,26,115,214,,7113
1522,birth,grazer,3,7,29,56,,7114
1522,birth,grazer,30,17,242,143,,7115
1522,birth,grazer,12,2,96,21,,7116
1522,birth,grazer,5,28,46,225,,7117
1522,death,grazer,30,4,241,32,crowded,5689
1523,birth,grazer,5,5,40,40,,7118
1523,birth,grazer,11,27,93,217,,7119
1523,birth,grazer,4,21,38,175,,7120
1523,death,grazer,30,4,240,38,crowded,2373
1523,birth,grazer,3,12,31,97,,7121
1523,birth,grazer,14,27,119,217,,7122
1523,birth,grazer,10,1,86,15,,7123
1523,birth,grazer,31,21,248,168,,7124
1523,birth,grazer,31,10,252,83,,7125
1524,birth,grazer,24,13,199,106,,7126
1524,death,grazer,11,15,88,125,crowded,789
1524,birth,grazer,29,11,239,89,,7127
1524,birth,grazer,30,9,247,77,,7128
1524,birth,grazer,7,28,63,225,,7129
1524,birth,grazer,18,17,148,140,,7130
1524,birth,grazer,5,27,44,222,,7131
1524,birth,grazer,28,21,225,168,,7132
1524,birth,grazer,22,11,177,95,,7133
1524,birth,grazer,9,8,79,70,,7134
1525,birth,grazer,30,11,240,92,,7135
1525,birth,grazer,2,16,21,135,,7136
1525,birth,grazer,26,6,209,55,,7137
1525,birth,grazer,21,12,172,99,,7138
1525,birth,grazer,10,10,80,80,,7139
1525,birth,grazer,13,4,109,32,,7140
1525,birth,grazer,10,13,80,104,,7141
1525,birth,grazer,29,8,233,70,,7142
1526,birth,grazer,31,26,248,208,,7143
1526,birth,grazer,28,8,227,64,,7144
1526,birth,grazer,28,18,229,148,,7145
1526,birth,grazer,9,13,78,111,,7146
1526,birth,grazer,24,14,192,112,,7147
1527,birth,grazer,16,26,134,213,,7148
1527,birth,grazer,16,3,129,26,,7149
1527,birth,grazer,14,12,112,103,,7150
1527,birth,grazer,10,23,85,190,,7151
1527,birth,grazer,21,28,172,229,,7152
1527,birth,grazer,3,26,28,213,,7153
1527,birth,grazer,11,15,93,120,,7154
1528,birth,grazer,30,23,240,188,,7155
1528,birth,grazer,6,10,49,81,,7156
1528,birth,grazer,21,11,172,95,,7157
1528,birth,grazer,3,25,31,201,,7158
1528,birth,grazer,9,10,77,87,,7159
1529,birth,grazer,11,18,91,144,,7160
1529,birth,grazer,11,6,90,48,,7161
1529,birth,grazer,7,12,62,103,,7162
1529,birth,grazer,17,5,141,41,,7163
1529,birth,grazer,31,12,251,99,,7164
1529,death,grazer,30,4,243,35,crowded,6737
1530,birth,grazer,17,7,136,56,,7165
1530,birth,grazer,22,18,179,145,,7166
1530,birth,grazer,30,8,243,65,,7167
1530,birth,grazer,10,23,82,185,,7168
1530,birth,grazer,12,1,97,15,,7169
1530,ignition,,0,0,,,,
1531,birth,grazer,9,18,77,149,,7170
1531,birth,grazer,5,11,40,94,,7171
1531,birth,grazer,18,11,151,95,,7172
1531,death,grazer,10,16,80,131,crowded,4124
1531,birth,grazer,24,6,197,50,,7173
1531,birth,grazer,8,1,71,15,,7174
1531,birth,grazer,12,6,101,52,,7175
1532,birth,grazer,5,12,41,102,,7176
1532,birth,grazer,8,14,71,115,,7177
1532,birth,grazer,12,15,96,122,,7178
1532,birth,grazer,21,25,169,201,,7179
1532,birth,grazer,14,13,112,104,,7180
1533,birth,grazer,12,6,101,53,,7181
1533,birth,grazer,16,28,135,229,,7182
1533,birth,grazer,11,21,93,171,,7183
1533,birth,grazer,12,3,103,29,,7184
1533,birth,grazer,30,24,243,195,,7185
1533,birth,grazer,2,11,23,92,,7186
1533,birth,grazer,20,24,160,197,,7187
1533,spread,,1,0,,,,0
1533,burnout,,0,0,,,,
1534,birth,grazer,31,6,248,48,,7188
1534,birth,grazer,5,22,45,180,,7189
1534,birth,grazer,9,7,73,59,,7190
1535,birth,grazer,13,13,104,104,,7191
1535,birth,grazer,23,30,184,247,,7192
1535,birth,grazer,2,12,23,96,,7193
1535,death,grazer,30,0,246,0,crowded,2433
1535,birth,grazer,8,15,64,126,,7194
1535,birth,grazer,28,3,224,29,,7195
1535,birth,grazer,4,27,38,217,,7196
1535,birth,grazer,18,23,147,191,,7197
1535,birth,grazer,15,24,122,198,,7198
1535,birth,grazer,15,27,126,220,,7199
1535,birth,grazer,20,10,167,80,,7200
1535,birth,grazer,13,13,104,104,,7201
1535,spread,,2,0,,,,1
1536,birth,grazer,31,24,251,197,,7202
1536,birth,grazer,28,18,225,150,,7203
1536,death,grazer,2,10,22,81,crowded,1756
1536,birth,grazer,27,14,217,118,,7204
1536,birth,grazer,7,8,56,64,,7205
1536,birth,grazer,28,22,227,183,,7206
1536,birth,grazer,17,7,136,56,,7207
1536,death,grazer,26,13,212,110,eaten,3277
1536,burnout,,1,0,,,,
1537,birth,grazer,6,11,55,94,,7208
1537,birth,grazer,3,24,30,192,,7209
1537,birth,grazer,13,6,110,51,,7210
1537,birth,grazer,8,11,71,95,,7211
1537,birth,grazer,16,28,134,229,,7212
1537,birth,grazer,2,9,22,73,,7213
1537,birth,hunter,2,10,20,84,,7214
1538,death,grazer,2,10,19,82,crowded,741
1538,birth,grazer,31,19,251,157,,7215
1538,birth,grazer,4,20,34,160,,7216
1538,burnout,,2,0,,,,
1539,birth,grazer,8,5,64,41,,7217
1539,birth,grazer,11,12,93,97,,7218
1539,birth,grazer,13,19,104,152,,7219
1539,birth,grazer,19,9,159,76,,7220
1539,birth,grazer,10,1,87,15,,7221
1539,birth,grazer,31,9,248,73,,7222
1540,birth,grazer,22,12,177,103,,7223
1540,birth,grazer,28,10,226,83,,7224
1540,birth,grazer,26,12,214,102,,7225
1540,birth,grazer,9,13,76,108,,7226
1540,birth,grazer,16,27,133,220,,7227
1540,birth,grazer,6,25,49,202,,7228
1540,birth,grazer,31,13,251,108,,7229
1540,storm,,0,0,,,,4.1343 1.3868 0.6799
1541,birth,grazer,16,26,131,212,,7230
1541,birth,grazer,30,19,240,152,,7231
1541,birth,grazer,11,1,90,15,,7232
1541,birth,grazer,15,7,122,60,,7233
1541,birth,grazer,2,22,23,179,,7234
1541,birth,grazer,11,5,88,42,,7235
1541,birth,grazer,5,13,41,111,,7236
1541,birth,grazer,29,3,239,28,,7237
1541,birth,grazer,28,12,224,103,,7238
1541,death,grazer,2,10,22,81,crowded,5113
1542,birth,grazer,29,24,238,194,,7239
1542,birth,grazer,3,12,25,96,,7240
1542,birth,grazer,27,18,217,151,,7241
1542,birth,grazer,27,13,219,110,,7242
1542,birth,grazer,27,18,220,147,,7243
1542,birth,grazer,12,13,96,110,,7244
1542,birth,grazer,29,17,236,137,,7245
1542,death,grazer,22,21,177,168,crowded,6301
1543,birth,grazer,7,13,63,107,,7246
1543,birth,grazer,22,13,183,106,,7247
1543,birth,grazer,29,10,235,85,,7248
1543,birth,grazer,25,23,204,184,,7249
1543,birth,grazer,6,2,55,22,,7250
1543,birth,grazer,8,5,64,40,,7251
1543,birth,grazer,15,11,120,95,,7252
1544,birth,grazer,29,18,233,150,,7253
1544,birth,grazer,1,0,9,0,,7254
1544,birth,grazer,2,9,23,73,,7255
1544,birth,grazer,15,28,120,224,,7256
1544,birth,grazer,26,24,214,192,,7257
1544,birth,grazer,6,20,54,162,,7258
1544,birth,grazer,30,14,244,114,,7259
1544,birth,grazer,30,10,246,84,,7260
1544,birth,grazer,3,0,26,0,,7261
1544,birth,grazer,25,7,207,59,,7262
1544,birth,grazer,29,3,239,31,,7263
1544,birth,grazer,18,22,151,183,,7264
1544,birth,grazer,6,13,48,106,,7265
1544,birth,grazer,15,3,127,31,,7266
1544,birth,grazer,8,12,64,102,,7267
1544,birth,grazer,0,5,0,41,,7268
1544,birth,grazer,0,2,0,22,,7269
1544,birth,grazer,3,0,29,0,,7270
1545,birth,grazer,0,4,0,32,,7271
1545,birth,grazer,4,0,35,0,,7272
1545,birth,grazer,1,0,14,0,,7273
1545,birth,grazer,15,26,127,209,,7274
1545,birth,grazer,2,8,21,66,,7275
1545,birth,grazer,21,18,168,144,,7276
1545,birth,grazer,23,31,185,248,,7277
1545,birth,grazer,21,7,175,60,,7278
1545,birth,grazer,10,15,80,125,,7279
1545,birth,grazer,30,8,244,67,,7280
1545,birth,grazer,6,21,48,171,,7281
1545,birth,grazer,29,13,232,106,,7282
1545,birth,grazer,27,8,216,69,,7283
1545,birth,grazer,0,1,0,14,,7284
1546,birth,grazer,24,8,198,65,,7285
1546,birth,grazer,8,8,65,67,,7286
1546,birth,grazer,28,11,225,95,,7287
1547,birth,grazer,2,10,23,85,,7288
1547,birth,grazer,10,0,80,1,,7289
1547,birth,grazer,19,22,153,178,,7290
1547,birth,grazer,2,14,21,112,,7291
1547,birth,grazer,10,8,84,71,,7292
1547,birth,grazer,18,24,144,199,,7293
1547,birth,grazer,5,9,46,72,,7294
1547,birth,grazer,5,9,45,75,,7295
1548,birth,grazer,14,13,112,104,,7296
1548,birth,grazer,5,2,46,23,,7297
1548,birth,grazer,28,19,226,154,,7298
1548,birth,grazer,16,7,128,56,,7299
1548,birth,grazer,10,11,81,95,,7300
1548,birth,grazer,7,26,58,210,,7301
1549,birth,grazer,26,19,211,158,,7302
1549,birth,grazer,2,12,23,96,,7303
1549,birth,grazer,20,27,160,216,,7304
1549,birth,grazer,21,25,168,200,,7305
1549,birth,grazer,26,14,214,115,,7306
1549,birth,grazer,4,10,33,80,,7307
1549,death,grazer,3,9,30,72,crowded,3489
1549,birth,grazer,26,2,212,21,,7308
1550,birth,grazer,12,2,96,21,,7309
1550,birth,grazer,7,6,56,48,,7310
1550,birth,grazer,5,3,46,27,,7311
1550,birth,grazer,11,17,88,137,,7312
1550,birth,grazer,2,0,20,0,,7313
1550,tree_death,tree,27,6,221,52,crowded,21
1550,tree_death,tree,30,3,243,29,crowded,437
1550,germination,tree,15,5,120,40,,7314
1550,tree_death,tree,28,12,225,99,crowded,625
1550,germination,tree,17,28,140,229,,7315
1550,tree_death,tree,27,13,222,106,crowded,956
1550,germination,tree,14,27,113,220,,7316
1550,ignition,,26,13,,,,
1551,birth,grazer,17,4,140,38,,7317
1551,birth,grazer,22,9,178,75,,7318
1551,birth,grazer,28,12,231,96,,7319
1551,birth,grazer,14,2,119,23,,7320
1551,birth,grazer,12,1,96,15,,7321
1551,birth,grazer,21,21,168,175,,7322
1551,birth,grazer,23,9,191,76,,7323
1551,birth,grazer,10,15,84,126,,7324
1552,birth,grazer,15,4,127,37,,7325
1552,birth,grazer,25,3,200,29,,7326
1552,birth,grazer,3,1,30,15,,7327
1552,birth,grazer,9,19,75,153,,7328
1552,death,grazer,4,8,33,69,crowded,3581
1552,birth,grazer,7,16,59,135,,7329
1552,birth,grazer,31,3,248,24,,7330
1552,birth,grazer,0,4,0,32,,7331
1552,birth,grazer,11,6,95,48,,7332
1552,death,grazer,23,19,184,157,eaten,3423
1553,birth,grazer,22,2,183,20,,7333
1553,death,grazer,23,20,191,161,crowded,1241
1553,birth,grazer,22,10,178,84,,7334
1553,birth,grazer,20,27,160,223,,7335
1553,birth,grazer,10,18,87,147,,7336
1553,death,grazer,4,8,34,68,crowded,2801
1553,birth,grazer,19,4,155,38,,7337
1553,birth,grazer,10,10,85,85,,7338
1553,birth,grazer,28,18,228,149,,7339
1553,burnout,,26,13,,,,
1553,storm,,0,0,,,,7.5245 2.6338 1.5236
1554,birth,grazer,6,28,54,226,,7340
1554,birth,grazer,8,20,66,166,,7341
1555,birth,grazer,29,10,235,83,,7342
1555,birth,grazer,12,2,96,16,,7343
1555,birth,grazer,31,20,248,166,,7344
1555,birth,grazer,10,18,86,145,,7345
1555,birth,grazer,31,3,249,24,,7346
1555,birth,grazer,31,2,249,23,,7347
1555,birth,grazer,11,5,91,42,,7348
1555,birth,grazer,27,25,223,200,,7349
1556,birth,grazer,3,28,27,224,,7350
1556,birth,grazer,7,16,63,135,,7351
1556,birth,grazer,24,22,199,177,,7352
1556,birth,grazer,3,10,26,85,,7353
1556,birth,grazer,30,23,244,190,,7354
1556,birth,grazer,3,9,24,72,,7355
1556,birth,grazer,29,20,235,164,,7356
1556,birth,grazer,0,7,0,56,,7357
1556,birth,grazer,10,24,86,198,,7358
1556,birth,grazer,3,4,30,36,,7359
1556,birth,grazer,12,20,96,160,,7360
1556,birth,grazer,5,11,42,88,,7361
1556,birth,grazer,17,2,143,23,,7362
1556,birth,grazer,0,1,0,11,,7363
1556,death,grazer,4,8,37,65,crowded,6764
1557,birth,grazer,6,25,55,200,,7364
1557,birth,grazer,7,25,56,201,,7365
1557,birth,grazer,21,28,175,229,,7366
1557,birth,grazer,10,12,84,96,,7367
1557,birth,grazer,5,12,43,99,,7368
1557,birth,grazer,30,26,247,210,,7369
1557,birth,grazer,2,12,23,97,,7370
1557,birth,grazer,5,23,44,189,,7371
1558,birth,grazer,13,5,104,42,,7372
1558,birth,grazer,0,3,0,24,,7373
1558,birth,grazer,22,20,183,165,,7374
1558,birth,grazer,31,19,250,152,,7375
1559,birth,grazer,12,0,102,0,,7376
1559,birth,grazer,13,0,108,0,,7377
1559,birth,grazer,2,8,19,70,,7378
1559,birth,grazer,15,0,126,0,,7379
1559,birth,grazer,8,25,70,203,,7380
1559,birth,grazer,21,20,170,160,,7381
1559,birth,grazer,14,13,112,104,,7382
1559,birth,grazer,19,0,152,0,,7383
1559,birth,grazer,7,31,59,248,,7384
1559,birth,grazer,2,0,21,0,,7385
1559,birth,grazer,0,20,0,162,,7386
1559,birth,grazer,18,0,149,0,,7387
1559,birth,grazer,0,22,0,179,,7388
1559,birth,grazer,8,12,65,103,,7389
1559,birth,grazer,4,13,33,105,,7390
1559,birth,grazer,0,8,0,70,,7391
1559,birth,grazer,0,18,0,146,,7392
1559,birth,grazer,19,0,153,0,,7393
1559,birth,grazer,0,19,0,157,,7394
1559,birth,grazer,18,0,150,0,,7395
1559,birth,grazer,13,0,111,1,,7396
1559,birth,grazer,0,19,0,152,,7397
1560,birth,grazer,15,0,127,2,,7398
1560,birth,grazer,14,28,117,230,,7399
1560,birth,grazer,0,18,0,144,,7400
1560,birth,grazer,13,13,105,104,,7401
1560,birth,grazer,9,15,79,126,,7402
1560,birth,grazer,4,8,34,69,,7403
1560,birth,grazer,9,15,79,126,,7404
1560,birth,grazer,10,13,82,107,,7405
1560,birth,grazer,1,26,15,210,,7406
1560,birth,grazer,0,17,0,141,,7407
1561,birth,grazer,26,3,215,25,,7408
1561,birth,grazer,16,5,128,41,,7409
1561,birth,grazer,12,14,97,113,,7410
1561,birth,grazer,22,10,178,83,,7411
1561,birth,grazer,8,22,64,178,,7412
1561,birth,grazer,8,5,66,47,,7413
1561,birth,grazer,31,26,248,208,,7414
1561,birth,grazer,31,3,248,24,,7415
1561,birth,grazer,0,0,3,0,,7416
1561,birth,grazer,9,25,77,207,,7417
1562,birth,grazer,0,0,0,0,,7418
1562,birth,grazer,25,23,204,184,,7419
1562,birth,grazer,13,28,108,226,,7420
1562,birth,grazer,22,8,177,69,,7421
1562,birth,grazer,16,2,128,21,,7422
1562,birth,grazer,6,28,50,225,,7423
1563,birth,grazer,29,22,235,176,,7424
1563,birth,grazer,0,21,0,174,,7425
1563,birth,grazer,27,14,218,118,,7426
1563,birth,grazer,29,22,234,181,,7427
1563,birth,grazer,30,21,240,168,,7428
1564,birth,grazer,27,22,220,181,,7429
1564,birth,grazer,22,15,183,126,,7430
1564,birth,grazer,20,9,164,72,,7431
1564,death,grazer,5,7,45,57,crowded,3263
1564,birth,grazer,11,13,95,110,,7432
1564,birth,grazer,28,6,224,48,,7433
1564,birth,grazer,0,20,0,164,,7434
1564,birth,grazer,7,23,61,191,,7435
1565,birth,grazer,9,10,73,83,,7436
1565,birth,grazer,12,15,97,120,,7437
1565,birth,grazer,4,7,38,58,,7438
1565,birth,grazer,5,28,41,226,,7439
1566,death,grazer,5,7,47,56,crowded,2579
1566,death,grazer,12,1,100,15,crowded,4517
1566,birth,grazer,9,15,73,126,,7440
1566,birth,grazer,4,28,38,225,,7441
1566,birth,grazer,10,6,85,51,,7442
1566,birth,grazer,16,0,128,2,,7443
1567,birth,grazer,14,6,118,53,,7444
1567,birth,grazer,2,2,23,21,,7445
1567,birth,grazer,11,0,93,2,,7446
1567,birth,grazer,11,28,89,224,,7447
1567,birth,grazer,22,18,179,145,,7448
1567,birth,grazer,5,3,46,25,,7449
1568,birth,grazer,29,28,236,224,,7450
1568,birth,grazer,27,2,222,16,,7451
1568,birth,grazer,5,11,42,95,,7452
1568,birth,grazer,30,28,240,224,,7453
1568,birth,grazer,2,9,20,72,,7454
1568,birth,grazer,9,25,77,201,,7455
1568,birth,grazer,15,2,121,22,,7456
1568,birth,grazer,10,19,82,153,,7457
1568,birth,grazer,4,28,33,225,,7458
1568,death,grazer,6,6,50,53,crowded,6206
1569,birth,grazer,2,10,19,85,,7459
1569,birth,grazer,4,24,34,195,,7460
1569,birth,grazer,3,0,29,0,,7461
1569,birth,grazer,4,24,32,198,,7462
1569,birth,grazer,5,22,46,180,,7463
1569,birth,grazer,31,28,253,226,,7464
1570,birth,grazer,21,11,175,95,,7465
1570,birth,grazer,16,7,128,56,,7466
1570,death,grazer,6,6,51,51,crowded,2952
1570,birth,grazer,7,10,60,82,,7467
1570,birth,grazer,31,3,248,24,,7468
1570,birth,grazer,3,8,31,69,,7469
1570,birth,grazer,10,21,83,170,,7470
1570,death,grazer,12,1,101,15,eaten,601
1571,birth,grazer,12,2,101,16,,7471
1571,birth,grazer,7,26,61,208,,7472
1571,death,grazer,6,6,52,50,crowded,3173
1571,birth,grazer,5,7,40,57,,7473
1571,birth,grazer,20,7,160,60,,7474
1571,birth,grazer,11,9,95,76,,7475
1571,birth,grazer,23,21,185,175,,7476
1571,birth,grazer,29,25,234,207,,7477
1571,birth,grazer,12,0,100,1,,7478
1571,birth,grazer,14,0,118,1,,7479
1572,birth,grazer,1,25,15,203,,7480
1572,birth,grazer,3,8,26,67,,7481
1572,death,grazer,12,2,100,17,crowded,4448
1572,birth,grazer,3,25,28,205,,7482
1572,birth,grazer,23,7,184,61,,7483
1572,death,grazer,6,6,53,50,crowded,6377
1573,birth,grazer,9,24,72,194,,7484
1573,birth,grazer,4,12,36,101,,7485
1573,birth,hunter,18,4,151,38,,7486
1574,birth,grazer,15,12,120,96,,7487
1574,birth,grazer,8,9,68,72,,7488
1574,birth,grazer,1,30,9,247,,7489
1574,birth,grazer,17,23,138,191,,7490
1574,birth,grazer,31,3,248,31,,7491
1575,birth,grazer,5,7,40,56,,7492
1575,birth,grazer,31,3,249,31,,7493
1575,birth,grazer,2,22,23,178,,7494
1575,birth,grazer,25,23,206,184,,7495
1575,birth,grazer,31,2,250,19,,7496
1576,birth,grazer,18,26,150,212,,7497
1576,birth,grazer,28,21,224,168,,7498
1576,birth,grazer,6,6,54,55,,7499
1576,birth,grazer,6,4,48,37,,7500
1576,birth,grazer,17,0,136,0,,7501
1576,birth,grazer,16,0,133,2,,7502
1576,birth,grazer,0,24,0,192,,7503
1577,birth,grazer,7,7,59,58,,7504
1577,birth,grazer,14,2,118,21,,7505
1577,birth,grazer,7,27,61,223,,7506
1577,birth,grazer,30,8,240,64,,7507
1577,birth,grazer,31,11,250,88,,7508
1577,death,grazer,7,5,58,45,crowded,3165
1577,birth,grazer,14,26,112,210,,7509
1577,birth,grazer,25,7,207,58,,7510
1577,birth,grazer,9,9,79,72,,7511
1578,birth,grazer,14,2,113,21,,7512
1578,birth,grazer,12,20,96,160,,7513
1578,birth,grazer,15,0,127,0,,7514
1578,birth,grazer,18,23,151,187,,7515
1578,birth,grazer,17,2,143,23,,7516
1578,birth,grazer,3,12,30,98,,7517
1578,birth,grazer,0,21,0,169,,7518
1578,birth,grazer,1,26,14,211,,7519
1578,death,grazer,18,5,146,41,eaten,5483
1579,death,grazer,11,2,94,19,crowded,792
1579,birth,grazer,12,28,96,224,,7520
1579,death,grazer,11,2,94,19,crowded,1428
1579,birth,grazer,22,2,183,20,,7521
1579,birth,grazer,3,6,31,55,,7522
1579,birth,grazer,28,4,227,39,,7523
1579,storm,,0,0,,,,7.4546 2.6131 1.5157
1580,birth,grazer,25,15,206,125,,7524
1580,birth,grazer,4,22,32,178,,7525
1580,birth,grazer,31,5,255,40,,7526
1580,birth,grazer,10,18,87,144,,7527
1580,birth,grazer,26,24,214,192,,7528
1580,birth,grazer,31,15,251,123,,7529
1580,birth,grazer,14,13,115,104,,7530
1581,birth,grazer,13,11,105,90,,7531
1581,birth,grazer,9,23,72,191,,7532
1581,death,grazer,11,2,92,19,crowded,2561
1581,birth,grazer,0,19,0,156,,7533
1581,birth,grazer,31,26,248,214,,7534
1581,birth,grazer,11,22,92,181,,7535
1581,birth,grazer,5,8,44,70,,7536
1582,birth,grazer,31,30,249,247,,7537
1582,birth,grazer,27,30,216,247,,7538
1582,birth,grazer,18,5,147,46,,7539
1582,birth,grazer,30,31,247,248,,7540
1582,birth,grazer,28,30,229,246,,7541
1582,birth,grazer,28,31,226,248,,7542
1582,birth,grazer,18,5,151,47,,7543
1582,birth,grazer,27,25,223,200,,7544
1582,birth,grazer,31,31,248,250,,7545
1582,birth,grazer,29,31,239,248,,7546
1582,birth,grazer,30,30,247,247,,7547
1582,birth,grazer,13,4,105,37,,7548
1582,birth,grazer,9,7,72,62,,7549
1582,birth,grazer,27,12,217,97,,7550
1582,birth,grazer,28,8,227,69,,7551
1582,birth,grazer,30,31,246,250,,7552
1582,birth,grazer,26,30,214,246,,7553
1582,birth,grazer,29,31,233,248,,7554
1582,birth,grazer,27,31,216,248,,7555
1582,birth,grazer,26,30,215,247,,7556
1583,birth,grazer,28,22,227,179,,7557
1583,birth,grazer,11,22,94,181,,7558
1583,birth,grazer,29,30,238,247,,7559
1583,birth,grazer,13,13,104,104,,7560
1583,birth,grazer,31,4,249,32,,7561
1583,birth,grazer,30,30,241,247,,7562
1583,birth,grazer,28,30,224,247,,7563
1583,birth,grazer,0,29,0,236,,7564
1583,birth,grazer,30,2,240,17,,7565
1583,birth,grazer,2,28,23,226,,7566
1583,birth,grazer,31,7,248,56,,7567
1583,birth,grazer,22,27,176,217,,7568
1583,birth,grazer,28,31,226,249,,7569
1584,birth,grazer,19,22,154,176,,7570
1584,birth,grazer,6,6,54,55,,7571
1584,birth,grazer,3,0,25,0,,7572
1584,birth,grazer,2,28,16,224,,7573
1584,birth,grazer,29,30,233,247,,7574
1584,birth,grazer,26,31,215,248,,7575
1584,birth,grazer,31,31,249,249,,7576
1585,birth,grazer,8,20,64,161,,7577
1585,birth,grazer,7,28,63,226,,7578
1585,death,grazer,3,28,27,225,crowded,1625
1585,birth,grazer,13,5,108,47,,7579
1585,birth,grazer,16,2,129,23,,7580
1585,birth,grazer,7,13,61,107,,7581
1586,death,grazer,8,6,66,51,crowded,908
1586,birth,grazer,16,4,132,33,,7582
1586,birth,grazer,17,5,139,46,,7583
1586,birth,grazer,6,26,50,211,,7584
1586,birth,grazer,31,28,255,227,,7585
1586,birth,grazer,29,20,236,162,,7586
1586,birth,grazer,26,31,215,248,,7587
1586,birth,grazer,27,31,222,251,,7588
1587,birth,grazer,18,26,150,208,,7589
1587,birth,grazer,31,0,251,0,,7590
1587,birth,grazer,31,0,248,0,,7591
1587,birth,grazer,4,26,35,211,,7592
1587,birth,grazer,7,8,58,71,,7593
1587,birth,grazer,2,5,23,41,,7594
1587,birth,grazer,22,25,183,204,,7595
1587,birth,grazer,26,3,214,28,,7596
1587,birth,grazer,24,22,198,177,,7597
1587,birth,grazer,28,4,231,34,,7598
1587,birth,grazer,22,27,176,217,,7599
1587,birth,grazer,27,27,220,221,,7600
1587,birth,grazer,26,27,213,220,,7601
1587,birth,grazer,29,27,235,219,,7602
1588,birth,grazer,28,4,226,39,,7603
1588,birth,grazer,14,12,117,96,,7604
1588,birth,grazer,31,3,248,31,,7605
1588,birth,grazer,3,28,30,224,,7606
1588,birth,grazer,13,28,107,225,,7607
1588,birth,grazer,12,15,97,120,,7608
1588,death,grazer,8,5,68,43,eaten,7251
1589,birth,grazer,28,26,227,211,,7609
1589,birth,grazer,2,20,23,160,,7610
1589,birth,grazer,1,25,15,203,,7611
1589,birth,grazer,26,27,214,217,,7612
1589,birth,grazer,25,13,200,111,,7613
1589,birth,grazer,12,22,100,178,,7614
1589,birth,grazer,21,18,168,146,,7615
1589,birth,grazer,25,13,200,111,,7616
1589,birth,grazer,23,8,185,68,,7617
1589,birth,grazer,30,17,245,138,,7618
1589,birth,grazer,15,11,120,90,,7619
1589,birth,grazer,31,25,248,200,,7620
1589,birth,grazer,28,28,230,224,,7621
1589,birth,grazer,25,14,206,114,,7622
1590,birth,grazer,31,20,250,167,,7623
1590,birth,grazer,7,23,56,191,,7624
1590,birth,grazer,23,20,186,166,,7625
1590,birth,grazer,23,25,187,206,,7626
1590,birth,grazer,5,7,42,57,,7627
1590,birth,grazer,28,4,231,34,,7628
1590,birth,grazer,0,2,0,20,,7629
1590,birth,grazer,29,21,236,170,,7630
1591,birth,grazer,24,27,196,221,,7631
1591,birth,grazer,6,24,52,198,,7632
1591,birth,grazer,1,0,10,0,,7633
1591,birth,grazer,19,4,153,34,,7634
1591,birth,grazer,31,19,248,152,,7635
1591,birth,grazer,25,24,201,193,,7636
1592,birth,grazer,8,5,71,46,,7637
1592,birth,grazer,23,28,191,224,,7638
1592,birth,grazer,30,17,241,137,,7639
1592,birth,grazer,6,6,50,54,,7640
1592,birth,grazer,13,0,108,2,,7641
1593,birth,grazer,2,28,18,224,,7642
1593,birth,grazer,27,24,220,192,,7643
1593,birth,grazer,30,27,240,217,,7644
1593,birth,grazer,29,22,232,177,,7645
1593,birth,grazer,2,4,23,34,,7646
1593,birth,grazer,24,28,192,224,,7647
1593,birth,grazer,19,0,153,0,,7648
1593,birth,grazer,23,24,189,196,,7649
1594,birth,grazer,8,5,71,45,,7650
1594,birth,grazer,3,27,31,223,,7651
1594,birth,grazer,6,27,49,223,,7652
1594,birth,grazer,26,25,214,205,,7653
1594,death,grazer,10,1,83,14,crowded,2557
1594,birth,grazer,24,25,193,205,,7654
1594,death,grazer,31,0,255,1,crowded,3101
1594,birth,grazer,1,26,15,210,,7655
1595,birth,grazer,10,22,87,176,,7656
1595,birth,grazer,31,17,248,137,,7657
1595,birth,grazer,6,8,52,71,,7658
1595,birth,grazer,2,16,22,134,,7659
1595,birth,grazer,30,27,244,216,,7660
1595,birth,grazer,10,19,82,158,,7661
1596,birth,grazer,8,5,71,40,,7662
1596,birth,grazer,31,24,248,192,,7663
1596,birth,grazer,5,14,40,116,,7664
1596,birth,grazer,28,31,224,253,,7665
1596,birth,grazer,23,27,184,222,,7666
1597,birth,grazer,15,24,127,199,,7667
1597,birth,grazer,8,5,68,47,,7668
1597,birth,grazer,15,2,120,22,,7669
1597,birth,grazer,2,14,22,112,,7670
1597,birth,grazer,9,13,78,105,,7671
1597,birth,grazer,12,0,101,0,,7672
1597,birth,grazer,14,0,112,0,,7673
1597,birth,grazer,1,25,15,203,,7674
1597,birth,grazer,15,2,126,22,,7675
1598,birth,grazer,23,26,190,209,,7676
1598,death,grazer,7,4,58,37,crowded,1095
1598,birth,grazer,23,8,187,64,,7677
1598,birth,grazer,15,27,123,219,,7678
1598,birth,grazer,17,22,143,176,,7679
1598,birth,grazer,22,10,176,81,,7680
1598,birth,grazer,6,22,51,179,,7681
1598,birth,grazer,21,24,173,193,,7682
1598,birth,grazer,30,30,240,247,,7683
1598,birth,grazer,25,23,207,184,,7684
1598,birth,grazer,1,30,8,247,,7685
1598,birth,grazer,25,27,201,216,,7686
1598,birth,grazer,8,5,65,44,,7687
1598,birth,grazer,21,30,174,246,,7688
1599,birth,grazer,31,8,254,66,,7689
1599,birth,grazer,21,25,168,202,,7690
1599,birth,grazer,23,30,191,247,,7691
1599,birth,grazer,0,25,0,203,,7692
1599,death,grazer,30,3,241,31,crowded,4512
1599,birth,grazer,2,0,20,0,,7693
1599,birth,grazer,31,7,248,56,,7694
1599,birth,grazer,24,30,192,247,,7695
1600,birth,grazer,7,28,62,224,,7696
1600,birth,grazer,31,15,254,127,,7697
1600,birth,grazer,7,27,63,219,,7698
1600,birth,grazer,3,27,24,216,,7699
1600,birth,grazer,24,30,192,247,,7700
1600,birth,grazer,20,4,160,39,,7701
1600,birth,grazer,25,6,203,50,,7702
1600,birth,grazer,29,12,238,103,,7703
1600,death,grazer,7,6,59,52,eaten,229
1600,tree_death,tree,6,2,50,23,drought,1
1600,tree_death,tree,28,3,227,27,drought,3
1600,tree_death,tree,2,4,22,32,drought,5
1600,tree_death,tree,6,4,53,33,drought,6
1600,tree_death,tree,15,4,124,34,drought,7
1600,tree_death,tree,30,4,242,34,drought,8
1600,tree_death,tree,3,4,31,36,drought,9
1600,tree_death,tree,11,4,91,39,drought,11
1600,tree_death,tree,22,5,183,40,drought,12
1600,tree_death,tree,13,5,105,41,drought,13
1600,tree_death,tree,27,5,223,44,drought,14
1600,tree_death,tree,13,5,105,45,drought,16
1600,tree_death,tree,4,6,38,48,drought,17
1600,tree_death,tree,23,6,186,51,drought,19
1600,tree_death,tree,19,6,153,52,drought,20
1600,tree_death,tree,15,6,124,53,drought,22
1600,tree_death,tree,28,6,226,55,drought,23
1600,tree_death,tree,22,8,182,65,drought,24
1600,tree_death,tree,27,8,222,68,drought,26
1600,tree_death,tree,29,8,234,68,drought,27
1600,tree_death,tree,30,8,243,69,drought,28
1600,tree_death,tree,21,9,168,72,drought,29
1600,tree_death,tree,30,9,243,75,drought,30
1600,tree_death,tree,29,9,234,76,drought,31
1600,tree_death,tree,28,10,227,86,drought,32
1600,tree_death,tree,26,11,211,92,drought,33
1600,tree_death,tree,30,11,240,94,drought,34
1600,tree_death,tree,29,12,234,99,drought,35
1600,tree_death,tree,27,12,223,102,drought,36
1600,tree_death,tree,28,13,228,111,drought,37
1600,tree_death,tree,28,17,226,139,drought,39
1600,tree_death,tree,30,17,244,139,drought,40
1600,tree_death,tree,29,18,239,145,drought,41
1600,tree_death,tree,27,18,220,146,drought,42
1600,tree_death,tree,26,19,213,156,drought,43
1600,tree_death,tree,23,22,188,179,drought,46
1600,tree_death,tree,12,23,98,187,drought,49
1600,tree_death,tree,24,25,197,200,drought,50
1600,tree_death,tree,25,25,207,207,drought,52
1600,tree_death,tree,27,26,223,211,drought,53
1600,tree_death,tree,28,27,231,216,drought,54
1600,tree_death,tree,22,27,183,217,drought,55
1600,tree_death,tree,3,27,28,218,drought,56
1600,tree_death,tree,25,27,200,218,drought,57
1600,tree_death,tree,27,27,222,221,drought,58
1600,tree_death,tree,6,27,55,223,drought,60
1600,tree_death,tree,7,27,62,223,drought,61
1600,tree_death,tree,11,27,92,223,drought,62
1600,tree_death,tree,17,27,140,223,drought,63
1600,tree_death,tree,18,27,147,223,drought,64
1600,tree_death,tree,12,28,96,224,drought,65
1600,tree_death,tree,12,28,103,224,drought,66
1600,tree_death,tree,15,28,121,224,drought,67
1600,tree_death,tree,16,28,130,224,drought,68
1600,tree_death,tree,10,28,86,225,drought,69
1600,tree_death,tree,27,30,222,247,drought,70
1600,tree_death,tree,24,31,192,249,drought,72
1600,tree_death,tree,30,31,245,250,drought,73
1600,tree_death,tree,17,31,142,251,drought,74
1600,tree_death,tree,21,31,173,252,drought,75
1600,tree_death,tree,22,31,181,252,drought,76
1600,tree_death,tree,31,31,253,252,drought,77
1600,tree_death,tree,0,31,3,253,drought,78
1600,tree_death,tree,21,4,168,36,drought,438
1600,tree_death,tree,11,4,89,39,drought,439
1600,tree_death,tree,12,5,99,40,drought,440
1600,tree_death,tree,28,13,229,107,drought,443
1600,tree_death,tree,27,26,219,214,drought,445
1600,tree_death,tree,11,27,94,221,drought,446
1600,tree_death,tree,21,31,168,254,drought,448
1600,tree_death,tree,6,3,48,24,drought,499
1600,tree_death,tree,13,5,107,46,drought,500
1600,tree_death,tree,27,17,221,142,drought,502
1600,tree_death,tree,12,23,101,184,drought,504
1600,tree_death,tree,24,25,197,204,drought,505
1600,tree_death,tree,29,26,233,210,drought,506
1600,tree_death,tree,25,27,200,223,drought,507
1600,tree_death,tree,28,27,226,223,drought,508
1600,tree_death,tree,10,27,87,222,drought,509
1600,tree_death,tree,17,31,142,253,drought,510
1600,tree_death,tree,15,4,123,37,drought,559
1600,tree_death,tree,22,8,180,64,drought,561
1600,tree_death,tree,28,8,229,67,drought,562
1600,tree_death,tree,26,11,212,88,drought,563
1600,tree_death,tree,15,27,121,222,drought,564
1600,tree_death,tree,27,3,221,27,drought,611
1600,tree_death,tree,6,2,52,23,drought,612
1600,tree_death,tree,28,2,227,22,drought,613
1600,tree_death,tree,27,6,218,55,drought,616
1600,tree_death,tree,28,6,229,55,drought,617
1600,tree_death,tree,26,8,209,66,drought,618
1600,tree_death,tree,28,8,225,71,drought,619
1600,tree_death,tree,30,8,240,71,drought,620
1600,tree_death,tree,28,9,229,77,drought,622
1600,tree_death,tree,27,10,221,86,drought,623
1600,tree_death,tree,28,13,224,109,drought,626
1600,tree_death,tree,28,18,230,144,drought,627
1600,tree_death,tree,30,17,242,136,drought,628
1600,tree_death,tree,29,17,237,141,drought,629
1600,tree_death,tree,23,23,187,184,drought,631
1600,tree_death,tree,26,25,212,205,drought,633
1600,tree_death,tree,7,3,56,31,drought,687
1600,tree_death,tree,30,4,245,33,drought,688
1600,tree_death,tree,20,5,167,40,drought,689
1600,tree_death,tree,11,5,91,42,drought,690
1600,tree_death,tree,13,5,110,43,drought,692
1600,tree_death,tree,21,8,173,69,drought,695
1600,tree_death,tree,28,14,225,112,drought,697
1600,tree_death,tree,29,20,233,165,drought,698
1600,tree_death,tree,6,3,50,26,drought,752
1600,tree_death,tree,2,3,23,30,drought,753
1600,tree_death,tree,13,5,109,46,drought,754
1600,tree_death,tree,15,6,123,49,drought,755
1600,tree_death,tree,28,18,224,147,drought,756
1600,tree_death,tree,24,25,194,201,drought,758
1600,tree_death,tree,28,27,230,218,drought,759
1600,tree_death,tree,3,27,25,221,drought,760
1600,tree_death,tree,28,28,224,225,drought,761
1600,tree_death,tree,11,27,89,218,drought,762
1600,tree_death,tree,18,27,151,221,drought,763
1600,tree_death,tree,23,31,184,249,drought,765
1600,tree_death,tree,22,7,181,61,drought,838
1600,tree_death,tree,28,8,231,67,drought,839
1600,tree_death,tree,26,11,211,90,drought,840
1600,tree_death,tree,6,27,51,221,drought,842
1600,tree_death,tree,17,28,138,224,drought,843
1600,tree_death,tree,15,28,120,226,drought,844
1600,tree_death,tree,10,28,81,225,drought,845
1600,tree_death,tree,6,2,54,23,drought,943
1600,tree_death,tree,27,3,220,30,drought,944
1600,tree_death,tree,3,4,30,34,drought,946
1600,tree_death,tree,5,5,40,46,drought,947
1600,tree_death,tree,27,6,218,51,drought,948
1600,tree_death,tree,28,6,228,50,drought,949
1600,tree_death,tree,26,8,214,69,drought,950
1600,tree_death,tree,27,9,222,73,drought,951
1600,tree_death,tree,30,8,247,71,drought,952
1600,germination,tree,31,9,248,73,,7704
1600,tree_death,tree,29,9,234,73,drought,954
1600,tree_death,tree,27,11,223,88,drought,955
1600,tree_death,tree,28,16,225,135,drought,957
1600,tree_death,tree,30,16,247,135,drought,958
1600,tree_death,tree,29,18,234,145,drought,959
1600,tree_death,tree,26,19,213,154,drought,960
1600,tree_death,tree,3,24,31,199,drought,962
1600,tree_death,tree,22,27,183,221,drought,964
1600,tree_death,tree,7,4,57,34,drought,1052
1600,tree_death,tree,20,4,164,39,drought,1054
1600,tree_death,tree,22,5,181,42,drought,1055
1600,tree_death,tree,12,4,100,37,drought,1056
1600,tree_death,tree,28,5,226,40,drought,1057
1600,tree_death,tree,21,8,169,66,drought,1058
1600,tree_death,tree,29,11,235,94,drought,1059
1600,tree_death,tree,27,26,223,213,drought,1061
1600,tree_death,tree,8,27,66,222,drought,1062
1600,tree_death,tree,21,31,170,255,drought,1064
1600,tree_death,tree,12,5,103,41,drought,1154
1600,tree_death,tree,19,7,152,57,drought,1155
1600,tree_death,tree,27,18,216,147,drought,1156
1600,tree_death,tree,12,24,100,192,drought,1157
1600,tree_death,tree,24,25,195,204,drought,1158
1600,tree_death,tree,29,27,234,220,drought,1159
1600,tree_death,tree,3,26,28,212,drought,1160
1600,tree_death,tree,28,27,224,223,drought,1161
1600,tree_death,tree,12,27,98,223,drought,1162
1600,tree_death,tree,16,28,133,225,drought,1163
1600,tree_death,tree,17,31,140,255,drought,1164
1600,tree_death,tree,23,31,184,252,drought,1165
1600,tree_death,tree,15,4,121,33,drought,1261
1600,tree_death,tree,22,8,179,66,drought,1263
1600,tree_death,tree,26,11,213,90,drought,1265
1600,tree_death,tree,7,27,57,221,drought,1267
1600,tree_death,tree,14,27,117,220,drought,1268
1600,tree_death,tree,10,28,83,226,drought,1269
1600,tree_death,tree,27,3,223,26,drought,1365
1600,tree_death,tree,4,3,33,30,drought,1366
1600,tree_death,tree,5,6,40,49,drought,1367
1600,tree_death,tree,28,6,225,48,drought,1369
1600,tree_death,tree,27,8,219,65,drought,1370
1600,tree_death,tree,28,7,224,63,drought,1371
1600,tree_death,tree,30,10,240,80,drought,1372
1600,tree_death,tree,29,9,238,76,drought,1373
1600,tree_death,tree,28,10,229,81,drought,1374
1600,tree_death,tree,27,12,221,100,drought,1376
1600,tree_death,tree,27,17,223,138,drought,1377
1600,tree_death,tree,29,17,239,140,drought,1378
1600,tree_death,tree,26,19,208,156,drought,1379
1600,tree_death,tree,24,22,193,177,drought,1380
1600,tree_death,tree,3,26,27,208,drought,1381
1600,tree_death,tree,30,3,246,30,drought,1521
1600,tree_death,tree,11,5,93,41,drought,1522
1600,tree_death,tree,23,5,187,40,drought,1523
1600,tree_death,tree,23,6,187,49,drought,1524
1600,tree_death,tree,28,12,229,97,drought,1525
1600,tree_death,tree,28,13,230,111,drought,1526
1600,tree_death,tree,27,25,220,206,drought,1529
1600,tree_death,tree,11,27,92,221,drought,1531
1600,tree_death,tree,21,31,174,250,drought,1532
1600,tree_death,tree,13,5,107,42,drought,1715
1600,tree_death,tree,18,6,148,51,drought,1716
1600,tree_death,tree,15,6,126,50,drought,1717
1600,tree_death,tree,27,18,222,148,drought,1718
1600,tree_death,tree,12,24,98,192,drought,1720
1600,tree_death,tree,24,24,199,199,drought,1721
1600,tree_death,tree,29,27,236,219,drought,1722
1600,tree_death,tree,3,27,28,223,drought,1723
1600,tree_death,tree,24,27,197,221,drought,1724
1600,tree_death,tree,27,27,218,217,drought,1725
1600,tree_death,tree,18,28,151,224,drought,1726
1600,tree_death,tree,16,27,128,220,drought,1727
1600,tree_death,tree,18,31,147,253,drought,1728
1600,tree_death,tree,22,8,183,70,drought,1906
1600,tree_death,tree,6,27,55,220,drought,1907
1600,tree_death,tree,18,27,145,222,drought,1908
1600,tree_death,tree,6,3,52,26,drought,2081
1600,tree_death,tree,28,6,224,55,drought,2083
1600,tree_death,tree,29,9,239,74,drought,2084
1600,tree_death,tree,30,11,242,92,drought,2086
1600,tree_death,tree,27,13,222,109,drought,2087
1600,tree_death,tree,26,19,210,153,drought,2089
1600,tree_death,tree,31,31,252,255,drought,2090
1600,tree_death,tree,27,6,223,48,drought,2273
1600,tree_death,tree,24,31,193,251,drought,2277
1600,tree_death,tree,19,5,156,47,drought,2465
1600,tree_death,tree,25,27,205,220,drought,2467
1601,birth,grazer,17,23,136,191,,7705
1601,birth,grazer,8,20,67,160,,7706
1601,birth,grazer,31,31,249,255,,7707
1601,birth,grazer,11,23,91,188,,7708
1601,birth,grazer,28,5,231,41,,7709
1601,birth,grazer,2,11,23,88,,7710
1601,birth,grazer,27,8,217,69,,7711
1601,birth,grazer,13,5,104,42,,7712
1601,birth,grazer,12,1,96,14,,7713
1602,birth,grazer,12,28,98,225,,7714
1602,birth,grazer,3,7,28,57,,7715
1602,birth,grazer,23,23,185,188,,7716
1602,birth,grazer,31,3,248,31,,7717
1602,birth,grazer,22,12,183,101,,7718
1602,birth,grazer,27,27,218,223,,7719
1602,birth,grazer,28,14,224,112,,7720
1602,birth,grazer,24,27,194,219,,7721
1602,birth,grazer,21,23,175,184,,7722
1602,birth,grazer,27,30,222,246,,7723
1602,birth,grazer,26,8,212,68,,7724
1603,birth,grazer,22,30,179,246,,7725
1603,birth,grazer,20,26,160,208,,7726
1603,birth,grazer,27,22,216,182,,7727
1603,birth,grazer,12,2,96,16,,7728
1603,birth,grazer,27,31,216,248,,7729
1603,birth,grazer,1,28,15,224,,7730
1603,birth,grazer,6,22,49,183,,7731
1603,birth,grazer,10,18,81,151,,7732
1603,birth,grazer,22,14,183,112,,7733
1603,birth,grazer,27,25,217,201,,7734
1603,birth,grazer,24,26,199,212,,7735
1603,birth,grazer,24,31,192,251,,7736
1604,birth,grazer,26,8,214,67,,7737
1604,birth,grazer,17,26,138,208,,7738
1604,birth,grazer,28,14,225,112,,7739
1604,birth,grazer,25,26,204,213,,7740
1604,birth,grazer,2,22,23,180,,7741
1604,birth,grazer,11,4,90,35,,7742
1604,birth,grazer,0,3,0,27,,7743
1604,birth,grazer,11,4,94,35,,7744
1604,birth,grazer,25,11,200,88,,7745
1604,birth,grazer,26,30,215,246,,7746
1605,birth,grazer,22,30,180,246,,7747
1605,birth,grazer,15,4,123,35,,7748
1605,birth,grazer,29,30,232,246,,7749
1605,birth,grazer,22,25,182,207,,7750
1605,birth,grazer,3,8,27,68,,7751
1605,birth,grazer,10,1,86,14,,7752
1605,birth,grazer,10,1,87,15,,7753
1605,birth,grazer,25,3,200,29,,7754
1606,birth,grazer,4,4,33,37,,7755
1606,birth,grazer,0,19,0,154,,7756
1606,birth,grazer,21,31,169,249,,7757
1606,birth,grazer,0,22,0,177,,7758
1607,birth,grazer,27,26,219,208,,7759
1607,birth,grazer,14,22,112,183,,7760
1607,birth,grazer,11,5,93,42,,7761
1608,birth,grazer,4,3,32,28,,7762
1608,birth,grazer,9,1,76,15,,7763
1608,birth,grazer,12,2,100,23,,7764
1608,birth,grazer,4,28,39,226,,7765
1608,birth,grazer,4,3,33,31,,7766
1608,birth,grazer,7,20,56,166,,7767
1608,birth,grazer,18,19,150,156,,7768
1608,birth,grazer,31,23,249,188,,7769
1608,death,grazer,7,6,59,52,eaten,1840
1609,birth,grazer,15,28,121,226,,7770
1609,birth,grazer,23,4,184,36,,7771
1609,birth,grazer,7,23,56,185,,7772
1609,birth,grazer,31,20,248,166,,7773
1609,birth,grazer,21,24,175,196,,7774
1610,birth,grazer,22,19,176,152,,7775
1610,birth,grazer,30,11,241,88,,7776
1610,birth,grazer,10,20,82,166,,7777
1610,birth,grazer,8,16,66,134,,7778
1610,birth,grazer,31,9,249,74,,7779
1611,birth,grazer,29,24,234,197,,7780
1611,birth,grazer,13,4,106,35,,7781
1611,birth,grazer,31,6,253,53,,7782
1611,birth,grazer,27,14,217,119,,7783
1611,birth,grazer,3,2,31,21,,7784
1611,birth,grazer,0,21,0,174,,7785
1612,birth,grazer,26,10,208,81,,7786
1612,birth,grazer,3,2,24,23,,7787
1612,birth,grazer,23,6,184,48,,7788
1612,birth,grazer,21,4,168,39,,7789
1612,birth,grazer,31,26,254,213,,7790
1612,birth,grazer,22,14,183,112,,7791
1613,birth,grazer,30,27,241,218,,7792
1613,birth,grazer,26,10,208,80,,7793
1613,birth,grazer,26,24,215,192,,7794
1613,birth,grazer,29,22,232,179,,7795
1613,birth,grazer,1,30,9,247,,7796
1613,birth,grazer,26,14,211,114,,7797
1613,birth,grazer,21,25,169,204,,7798
1613,birth,grazer,24,14,192,112,,7799
1613,birth,grazer,15,11,120,90,,7800
1613,birth,grazer,22,14,183,112,,7801
1613,birth,grazer,20,30,163,246,,7802
1614,birth,grazer,9,12,73,97,,7803
1614,birth,grazer,13,13,104,104,,7804
1614,birth,grazer,23,27,186,220,,7805
1614,birth,grazer,27,10,221,86,,7806
1615,birth,grazer,28,24,227,195,,7807
1615,birth,grazer,23,6,185,48,,7808
1615,birth,grazer,5,7,43,61,,7809
1615,birth,grazer,6,28,55,227,,7810
1615,birth,grazer,12,15,96,120,,7811
1615,birth,grazer,14,5,118,47,,7812
1615,birth,grazer,24,14,193,112,,7813
1616,birth,grazer,7,1,61,15,,7814
1616,birth,grazer,7,1,61,15,,7815
1616,birth,grazer,12,15,96,122,,7816
1616,birth,grazer,2,28,17,224,,7817
1617,birth,grazer,6,25,48,201,,7818
1617,birth,grazer,28,23,228,189,,7819
1617,birth,grazer,25,4,206,37,,7820
1617,birth,grazer,27,4,221,34,,7821
1617,birth,grazer,4,0,32,0,,7822
1617,birth,grazer,30,24,246,193,,7823
1617,birth,grazer,30,21,242,168,,7824
1617,birth,grazer,30,21,240,169,,7825
1617,birth,grazer,16,27,131,222,,7826
1617,birth,grazer,21,27,171,217,,7827
1617,birth,grazer,30,31,240,248,,7828
1617,birth,grazer,6,11,48,90,,7829
1618,birth,grazer,28,13,224,106,,7830
1618,death,grazer,4,4,32,34,crowded,2717
1618,birth,grazer,10,21,85,173,,7831
1618,birth,grazer,22,12,183,102,,7832
1618,birth,grazer,11,18,89,147,,7833
1618,birth,grazer,21,27,168,218,,7834
1618,birth,grazer,1,26,15,209,,7835
1618,birth,grazer,22,25,180,206,,7836
1618,birth,grazer,24,31,193,249,,7837
1619,birth,grazer,27,12,216,96,,7838
1619,birth,grazer,4,3,32,30,,7839
1619,birth,grazer,14,13,112,104,,7840
1619,birth,grazer,10,9,87,78,,7841
1619,birth,grazer,4,3,32,30,,7842
1619,birth,grazer,7,8,57,69,,7843
1619,birth,grazer,14,6,117,53,,7844
1619,birth,grazer,7,12,58,101,,7845
1619,birth,grazer,13,28,111,225,,7846
1619,death,grazer,5,4,40,32,eaten,236
1620,birth,grazer,29,13,238,108,,7847
1620,birth,grazer,22,19,182,157,,7848
1620,birth,grazer,0,0,0,3,,7849
1620,birth,grazer,8,1,68,15,,7850
1620,birth,grazer,30,10,241,87,,7851
1620,ignition,,27,17,,,,
1621,birth,grazer,9,20,78,165,,7852
1621,birth,grazer,6,23,54,190,,7853
1621,birth,grazer,6,23,50,191,,7854
1621,birth,grazer,2,5,19,40,,7855
1621,birth,grazer,1,25,15,203,,7856
1621,spread,,28,17,,,,571
1622,birth,grazer,15,23,125,191,,7857
1622,birth,grazer,30,9,246,78,,7858
1622,birth,grazer,13,5,104,41,,7859
1622,birth,grazer,9,24,75,198,,7860
1623,birth,grazer,5,2,46,23,,7861
1623,birth,grazer,30,13,243,110,,7862
1623,birth,grazer,5,2,47,23,,7863
1623,birth,grazer,31,17,253,142,,7864
1623,birth,grazer,31,17,251,137,,7865
1623,birth,grazer,2,21,21,171,,7866
1623,burnout,,27,17,,,,
1623,tree_death,tree,27,17,222,140,burnt,3716
1624,birth,grazer,9,25,78,207,,7867
1624,birth,grazer,23,22,185,181,,7868
1624,birth,grazer,10,8,84,66,,7869
1624,birth,grazer,9,15,72,125,,7870
1624,birth,grazer,26,31,215,248,,7871
1624,birth,grazer,24,30,192,246,,7872
1624,birth,grazer,23,14,190,112,,7873
1624,birth,grazer,11,14,93,113,,7874
1624,birth,grazer,29,21,232,169,,7875
1624,birth,grazer,30,9,247,78,,7876
1624,birth,grazer,20,13,161,104,,7877
1624,birth,grazer,18,0,148,0,,7878
1624,death,grazer,7,23,62,190,eaten,799
1624,burnout,,28,17,,,,
1625,birth,grazer,27,17,220,136,,7879
1625,birth,grazer,18,12,151,97,,7880
1625,birth,grazer,23,4,184,37,,7881
1625,birth,grazer,15,0,127,2,,7882
1625,birth,grazer,7,24,63,199,,7883
1625,birth,grazer,26,10,208,80,,7884
1625,birth,grazer,7,24,63,199,,7885
1626,birth,grazer,4,11,32,89,,7886
1626,birth,grazer,28,17,226,143,,7887
1626,birth,grazer,10,23,87,191,,7888
1626,birth,grazer,23,4,190,39,,7889
1626,birth,grazer,10,18,81,151,,7890
1626,birth,grazer,14,13,113,104,,7891
1626,birth,grazer,9,15,72,125,,7892
1626,birth,grazer,21,23,168,190,,7893
1627,birth,grazer,12,0,99,1,,7894
1627,birth,grazer,18,4,149,39,,7895
1627,birth,grazer,21,13,168,104,,7896
1627,death,grazer,4,2,33,21,crowded,6021
1628,birth,grazer,28,17,231,143,,7897
1628,birth,grazer,20,26,165,214,,7898
1628,birth,grazer,28,10,225,81,,7899
1628,birth,grazer,2,2,21,23,,7900
1628,birth,grazer,28,17,231,143,,7901
1628,birth,grazer,8,20,68,167,,7902
1628,birth,grazer,30,14,240,119,,7903
1628,birth,grazer,20,12,162,100,,7904
1628,birth,grazer,23,20,190,163,,7905
1628,birth,grazer,2,22,22,182,,7906
1628,death,grazer,31,2,249,20,crowded,5127
1629,birth,grazer,15,23,126,191,,7907
1629,birth,grazer,19,4,159,38,,7908
1629,birth,grazer,22,27,180,216,,7909
1629,birth,grazer,19,9,157,73,,7910
1629,death,grazer,4,3,34,24,eaten,2178
1630,birth,grazer,31,18,249,144,,7911
1630,birth,grazer,29,9,232,79,,7912
1630,death,grazer,22,5,176,44,crowded,2391
1630,birth,grazer,19,8,159,65,,7913
1630,birth,grazer,1,26,15,210,,7914
1630,birth,grazer,8,13,71,105,,7915
1630,birth,grazer,29,12,239,102,,7916
1631,birth,grazer,6,31,51,249,,7917
1631,birth,grazer,17,2,143,23,,7918
1631,birth,grazer,3,31,26,248,,7919
1631,birth,grazer,24,6,192,48,,7920
1631,birth,grazer,11,10,93,85,,7921
1631,birth,grazer,3,31,26,255,,7922
1631,birth,grazer,6,17,49,143,,7923
1631,birth,grazer,12,25,101,201,,7924
1631,birth,grazer,23,21,185,174,,7925
1632,birth,grazer,31,12,248,96,,7926
1632,birth,grazer,6,9,54,78,,7927
1632,birth,grazer,12,25,96,200,,7928
1632,birth,grazer,28,22,228,180,,7929
1632,birth,grazer,7,25,63,202,,7930
1632,birth,grazer,6,17,48,143,,7931
1632,birth,grazer,28,14,227,115,,7932
1632,birth,grazer,18,12,151,99,,7933
1632,birth,grazer,3,25,31,200,,7934
1632,birth,grazer,31,15,249,125,,7935
1632,birth,grazer,28,3,231,27,,7936
1633,birth,grazer,31,3,248,24,,7937
1633,birth,grazer,10,17,83,140,,7938
1633,birth,grazer,23,5,191,40,,7939
1633,birth,grazer,7,23,63,184,,7940
1633,birth,grazer,29,8,233,69,,7941
1633,birth,grazer,28,3,225,31,,7942
1633,birth,grazer,8,31,64,252,,7943
1633,birth,grazer,31,11,250,92,,7944
1633,birth,grazer,30,11,240,88,,7945
1633,birth,grazer,10,11,81,91,,7946
1634,birth,grazer,20,10,162,82,,7947
1634,birth,grazer,14,23,113,190,,7948
1634,birth,grazer,18,7,147,56,,7949
1634,birth,grazer,10,15,84,127,,7950
1634,birth,grazer,30,27,247,221,,7951
1634,birth,grazer,13,13,111,104,,7952
1634,birth,grazer,18,13,151,104,,7953
1635,birth,grazer,31,13,254,104,,7954
1635,birth,grazer,2,7,19,59,,7955
1635,birth,grazer,31,8,248,64,,7956
1635,birth,grazer,22,31,181,251,,7957
1635,birth,grazer,31,14,251,112,,7958
1635,birth,grazer,6,10,52,86,,7959
1635,birth,grazer,27,13,223,111,,7960
1636,birth,grazer,31,23,250,190,,7961
1636,birth,grazer,5,25,45,204,,7962
1636,birth,grazer,16,27,134,216,,7963
1636,birth,grazer,22,19,177,157,,7964
1636,birth,grazer,7,4,60,37,,7965
1636,birth,grazer,29,11,235,88,,7966
1636,birth,grazer,14,23,113,191,,7967
1637,birth,grazer,6,10,51,86,,7968
1637,birth,grazer,22,18,178,148,,7969
1637,birth,grazer,27,23,217,184,,7970
1637,birth,grazer,31,19,249,152,,7971
1637,birth,grazer,25,12,201,102,,7972
1637,birth,grazer,26,31,215,248,,7973
1637,birth,grazer,29,14,232,112,,7974
1637,birth,grazer,28,4,230,35,,7975
1637,death,grazer,11,15,90,126,eaten,226
1638,birth,grazer,6,1,54,15,,7976
1638,birth,grazer,14,11,113,89,,7977
1638,birth,grazer,22,6,181,51,,7978
1638,birth,grazer,27,26,223,211,,7979
1638,birth,grazer,22,5,177,43,,7980
1638,birth,grazer,22,13,176,104,,7981
1639,birth,grazer,29,23,238,191,,7982
1639,birth,grazer,26,13,208,104,,7983
1639,birth,grazer,16,23,128,191,,7984
1639,birth,grazer,31,28,254,227,,7985
1639,birth,grazer,26,24,215,192,,7986
1639,storm,,0,0,,,,5.0713 1.6861 0.6820
1640,birth,grazer,18,21,146,174,,7987
1640,birth,grazer,18,8,149,68,,7988
1640,birth,grazer,15,7,122,59,,7989
1640,birth,grazer,11,23,88,191,,7990
1640,birth,grazer,22,12,183,101,,7991
1640,birth,grazer,3,10,25,86,,7992
1640,birth,grazer,7,3,59,25,,7993
1640,birth,grazer,24,14,192,112,,7994
1640,birth,grazer,4,13,39,111,,7995
1640,birth,grazer,9,12,72,103,,7996
1640,birth,grazer,2,8,22,66,,7997
1641,birth,grazer,0,24,0,198,,7998
1641,birth,grazer,21,6,170,53,,7999
1641,birth,grazer,18,21,145,175,,8000
1641,birth,grazer,29,11,235,88,,8001
1641,birth,grazer,1,30,8,247,,8002
1641,birth,grazer,27,25,223,200,,8003
1641,birth,grazer,22,6,181,49,,8004
1641,birth,grazer,21,6,169,54,,8005
1642,birth,grazer,16,7,134,56,,8006
1643,birth,grazer,25,23,206,184,,8007
1643,birth,grazer,22,27,177,217,,8008
1643,birth,grazer,17,7,136,56,,8009
1643,death,grazer,23,12,184,102,crowded,6588
1644,birth,grazer,5,8,42,66,,8010
1644,birth,grazer,13,28,111,224,,8011
1644,birth,grazer,5,3,47,25,,8012
1644,death,grazer,21,7,168,59,eaten,542
1645,death,grazer,23,12,190,101,crowded,994
1645,birth,grazer,13,28,106,226,,8013
1645,birth,grazer,6,27,49,222,,8014
1645,birth,grazer,31,20,248,162,,8015
1645,birth,grazer,5,3,44,24,,8016
1646,birth,grazer,0,17,0,141,,8017
1646,birth,grazer,22,23,182,189,,8018
1646,birth,grazer,19,23,155,189,,8019
1646,birth,grazer,19,23,156,189,,8020
1646,birth,grazer,21,7,175,63,,8021
1646,birth,grazer,17,26,142,211,,8022
1646,birth,grazer,20,30,165,246,,8023
1646,birth,grazer,1,30,9,247,,8024
1647,death,grazer,20,7,165,62,crowded,2014
1647,birth,grazer,5,3,47,31,,8025
1647,birth,grazer,5,14,43,116,,8026
1647,birth,grazer,12,28,99,225,,8027
1647,death,grazer,30,0,246,0,eaten,484
1648,birth,grazer,16,2,129,22,,8028
1648,birth,grazer,21,31,168,248,,8029
1648,birth,grazer,4,17,38,143,,8030
1648,birth,grazer,21,7,168,63,,8031
1648,birth,grazer,10,15,87,126,,8032
1648,birth,grazer,30,9,240,73,,8033
1648,birth,grazer,7,23,57,184,,8034
1648,birth,grazer,7,13,58,107,,8035
1648,birth,grazer,4,31,38,250,,8036
1649,birth,grazer,4,17,32,137,,8037
1649,birth,grazer,31,6,248,54,,8038
1649,birth,grazer,3,31,28,249,,8039
1649,birth,grazer,7,11,58,94,,8040
1649,birth,grazer,27,13,217,106,,8041
1650,birth,grazer,12,19,96,159,,8042
1650,birth,grazer,17,2,143,23,,8043
1650,birth,grazer,4,18,39,144,,8044
1650,birth,grazer,9,23,74,189,,8045
1650,birth,grazer,4,4,34,38,,8046
1650,birth,grazer,9,11,72,88,,8047
1650,birth,grazer,9,10,73,86,,8048
1650,death,grazer,31,2,249,20,eaten,668
1650,tree_death,tree,20,4,164,37,drought,10
1650,tree_death,tree,26,8,215,67,drought,25
1650,tree_death,tree,27,14,222,112,drought,38
1650,tree_death,tree,28,20,231,167,drought,44
1650,tree_death,tree,0,27,1,222,drought,59
1650,tree_death,tree,7,4,58,36,drought,436
1650,tree_death,tree,28,5,228,45,drought,693
1650,tree_death,tree,22,6,183,48,drought,694
1650,tree_death,tree,29,12,238,102,drought,696
1650,tree_death,tree,31,9,248,78,drought,953
1650,tree_death,tree,29,21,233,171,drought,1060
1650,germination,tree,7,27,62,221,,8049
1650,tree_death,tree,28,22,224,177,drought,1719
1650,tree_death,tree,28,4,226,32,drought,2082
1650,tree_death,tree,28,11,227,91,drought,2085
1650,tree_death,tree,29,4,238,38,drought,2271
1650,tree_death,tree,12,4,97,38,drought,2272
1650,tree_death,tree,29,13,235,104,drought,2275
1650,tree_death,tree,27,23,223,184,drought,2276
1650,tree_death,tree,15,4,125,38,drought,2722
1651,birth,grazer,12,6,98,48,,8050
1651,birth,grazer,9,25,78,207,,8051
1651,birth,grazer,28,17,226,136,,8052
1652,birth,grazer,31,25,249,201,,8053
1652,birth,grazer,17,26,139,211,,8054
1652,death,grazer,10,16,81,129,crowded,2348
1652,birth,grazer,12,1,99,15,,8055
1652,birth,grazer,10,18,87,150,,8056
1652,birth,grazer,24,30,194,246,,8057
1652,birth,grazer,5,31,40,251,,8058
1652,birth,grazer,20,7,167,63,,8059
1652,death,grazer,30,2,246,22,eaten,1240
1653,birth,grazer,8,1,71,14,,8060
1653,birth,grazer,7,10,63,82,,8061
1653,birth,grazer,16,2,128,21,,8062
1653,birth,grazer,15,28,124,229,,8063
1653,birth,grazer,8,22,71,176,,8064
1653,birth,grazer,27,6,217,52,,8065
1653,birth,grazer,6,31,52,248,,8066
1653,birth,grazer,26,12,214,98,,8067
1654,birth,grazer,6,2,48,23,,8068
1654,birth,grazer,0,18,0,148,,8069
1654,birth,grazer,14,26,117,210,,8070
1654,birth,grazer,21,23,172,191,,8071
1654,birth,grazer,20,6,166,50,,8072
1654,birth,grazer,13,5,105,43,,8073
1654,birth,grazer,15,12,120,96,,8074
1654,birth,grazer,30,13,240,106,,8075
1654,death,grazer,10,2,87,23,crowded,5586
1654,birth,grazer,20,6,164,48,,8076
1655,birth,grazer,9,22,77,182,,8077
1655,birth,grazer,6,6,54,48,,8078
1655,birth,grazer,18,12,146,97,,8079
1655,birth,grazer,9,19,75,153,,8080
1655,birth,grazer,14,11,116,88,,8081
1655,birth,grazer,10,18,80,151,,8082
1656,birth,grazer,22,31,180,249,,8083
1656,birth,grazer,3,18,28,144,,8084
1656,birth,grazer,9,2,72,23,,8085
1656,birth,grazer,11,28,92,224,,8086
1656,birth,grazer,9,2,72,23,,8087
1656,birth,grazer,18,10,151,85,,8088
1656,birth,grazer,16,7,128,56,,8089
1656,birth,grazer,14,22,112,183,,8090
1656,birth,grazer,26,13,215,108,,8091
1657,birth,grazer,21,1,171,15,,8092
1657,birth,grazer,30,27,245,216,,8093
1657,birth,grazer,1,26,15,209,,8094
1657,birth,grazer,25,14,206,115,,8095
1657,birth,grazer,18,4,149,32,,8096
1658,birth,grazer,21,1,168,15,,8097
1658,birth,grazer,7,14,57,112,,8098
1658,birth,grazer,27,4,216,39,,8099
1658,birth,grazer,27,4,220,35,,8100
1658,birth,grazer,0,23,0,190,,8101
1658,birth,grazer,18,1,145,15,,8102
1658,death,grazer,30,3,242,26,crowded,7330
1659,birth,grazer,23,21,184,168,,8103
1659,birth,grazer,20,1,162,15,,8104
1659,birth,grazer,23,2,190,21,,8105
1659,birth,grazer,4,28,32,224,,8106
1659,birth,grazer,12,15,96,120,,8107
1659,birth,grazer,9,24,73,195,,8108
1659,birth,grazer,20,1,166,15,,8109
1660,birth,grazer,8,14,65,114,,8110
1660,birth,grazer,30,4,247,32,,8111
1660,birth,grazer,31,24,248,192,,8112
1660,birth,grazer,20,31,166,251,,8113
1660,death,grazer,23,11,185,93,eaten,6967
1661,birth,grazer,19,1,152,15,,8114
1661,birth,grazer,31,19,253,155,,8115
1661,birth,grazer,20,31,166,248,,8116
1661,birth,grazer,4,4,34,32,,8117
1661,death,grazer,8,2,65,21,crowded,5512
1661,birth,grazer,18,1,146,15,,8118
1661,death,grazer,30,15,246,120,eaten,190
1662,birth,grazer,13,0,110,2,,8119
1662,birth,grazer,16,27,128,222,,8120
1662,birth,grazer,23,26,184,209,,8121
1662,birth,grazer,16,27,135,221,,8122
1662,birth,grazer,20,23,164,184,,8123
1662,birth,grazer,11,1,94,14,,8124
1662,birth,grazer,29,27,232,216,,8125
1662,birth,grazer,24,4,194,32,,8126
1662,birth,grazer,20,2,160,17,,8127
1663,birth,grazer,0,20,0,165,,8128
1663,birth,grazer,14,6,112,48,,8129
1663,birth,grazer,25,26,205,212,,8130
1663,birth,grazer,22,24,177,196,,8131
1663,birth,grazer,28,27,225,221,,8132
1663,death,grazer,19,23,156,186,eaten,1939
1664,birth,grazer,1,25,15,203,,8133
1664,birth,grazer,30,4,240,38,,8134
1664,birth,grazer,25,26,201,208,,8135
1664,birth,grazer,2,18,22,151,,8136
1664,birth,grazer,28,17,231,137,,8137
1664,birth,grazer,29,27,239,216,,8138
1664,birth,grazer,2,19,21,154,,8139
1664,birth,grazer,17,7,136,56,,8140
1664,birth,grazer,30,24,243,192,,8141
1664,birth,grazer,20,23,167,184,,8142
1664,birth,grazer,6,28,48,224,,8143
1664,birth,grazer,6,14,54,112,,8144
1664,birth,grazer,26,25,208,207,,8145
1664,birth,grazer,30,12,246,98,,8146
1665,birth,grazer,3,31,27,249,,8147
1665,birth,grazer,20,9,160,78,,8148
1665,birth,grazer,4,31,37,250,,8149
1665,death,grazer,18,4,148,38,crowded,6193
1666,birth,grazer,14,28,112,225,,8150
1666,birth,grazer,10,10,80,85,,8151
1666,birth,grazer,23,8,186,67,,8152
1666,birth,grazer,27,12,223,98,,8153
1667,birth,grazer,12,19,96,158,,8154
1667,birth,grazer,2,14,21,112,,8155
1667,birth,grazer,29,7,236,62,,8156
1667,birth,grazer,22,24,177,195,,8157
1667,birth,grazer,19,2,156,17,,8158
1667,death,grazer,2,20,21,165,crowded,6511
1667,death,grazer,11,2,93,22,eaten,1902
1667,death,grazer,11,2,91,21,eaten,834
1668,birth,grazer,18,19,147,152,,8159
1668,birth,grazer,19,5,155,41,,8160
1668,birth,grazer,4,27,32,217,,8161
1668,birth,grazer,24,26,195,214,,8162
1669,birth,grazer,17,27,138,216,,8163
1669,birth,grazer,13,13,104,104,,8164
1669,birth,grazer,15,30,120,244,,8165
1669,death,grazer,18,4,151,33,crowded,6970
1670,birth,grazer,9,30,79,245,,8166
1670,birth,grazer,22,14,182,112,,8167
1670,birth,grazer,9,13,74,105,,8168
1670,birth,grazer,23,28,184,224,,8169
1670,birth,grazer,25,23,206,184,,8170
1670,birth,grazer,29,27,239,216,,8171
1670,birth,grazer,0,2,0,18,,8172
1670,birth,grazer,9,7,74,61,,8173
1671,birth,grazer,8,24,70,199,,8174
1671,birth,grazer,10,13,86,110,,8175
1671,birth,grazer,12,28,101,230,,8176
1671,birth,grazer,30,9,244,79,,8177
1671,birth,grazer,11,2,92,23,,8178
1671,birth,grazer,0,2,0,16,,8179
1671,death,grazer,2,21,21,169,crowded,5057
1671,birth,grazer,22,27,182,223,,8180
1671,birth,grazer,28,3,225,25,,8181
1672,birth,grazer,2,20,23,160,,8182
1672,birth,grazer,21,1,170,15,,8183
1672,birth,grazer,17,3,143,26,,8184
1672,birth,grazer,22,6,180,49,,8185
1672,birth,grazer,16,2,129,21,,8186
1672,birth,grazer,8,21,68,169,,8187
1672,birth,grazer,0,22,0,176,,8188
1672,birth,grazer,19,1,154,15,,8189
1672,birth,grazer,10,14,82,112,,8190
1672,birth,grazer,4,28,38,224,,8191
1673,birth,grazer,15,30,121,244,,8192
1673,birth,grazer,4,13,36,109,,8193
1673,birth,grazer,26,13,213,104,,8194
1674,birth,grazer,22,9,179,75,,8195
1674,birth,grazer,1,30,8,247,,8196
1674,birth,grazer,24,24,193,196,,8197
1674,birth,grazer,26,28,214,224,,8198
1674,birth,grazer,28,27,227,222,,8199
1674,birth,grazer,7,12,56,99,,8200
1674,birth,grazer,25,27,204,216,,8201
1674,birth,grazer,23,27,190,218,,8202
1675,birth,grazer,26,3,214,28,,8203
1675,birth,grazer,31,23,249,191,,8204
1675,birth,grazer,31,2,252,23,,8205
1675,birth,grazer,27,17,216,136,,8206
1675,birth,grazer,12,15,96,120,,8207
1675,birth,grazer,30,21,241,169,,8208
1675,birth,grazer,9,11,72,88,,8209
1676,birth,grazer,10,21,87,174,,8210
1676,birth,grazer,16,4,128,33,,8211
1676,birth,grazer,7,27,62,223,,8212
1676,birth,grazer,24,30,193,246,,8213
1676,birth,grazer,20,1,160,15,,8214
1677,birth,grazer,20,8,167,70,,8215
1677,birth,grazer,26,27,208,221,,8216
1677,birth,grazer,27,27,221,219,,8217
1677,birth,grazer,22,31,179,249,,8218
1677,birth,grazer,22,13,183,111,,8219
1677,birth,grazer,22,11,178,92,,8220
1677,birth,grazer,6,7,53,62,,8221
1677,birth,grazer,31,2,250,21,,8222
1677,birth,grazer,30,11,242,92,,8223
1677,birth,grazer,10,11,80,95,,8224
1678,birth,grazer,24,23,196,186,,8225
1678,birth,grazer,4,23,33,184,,8226
1678,birth,grazer,3,25,30,200,,8227
1678,birth,grazer,9,7,74,58,,8228
1678,birth,grazer,24,23,194,185,,8229
1678,birth,grazer,28,26,231,208,,8230
1678,birth,grazer,2,28,16,224,,8231
1678,birth,grazer,7,23,62,187,,8232
1678,birth,grazer,9,30,79,245,,8233
1679,birth,grazer,13,28,110,226,,8234
1679,birth,grazer,28,26,231,208,,8235
1679,birth,grazer,19,11,153,88,,8236
1679,birth,grazer,2,20,21,161,,8237
1679,birth,grazer,25,27,206,223,,8238
1680,birth,grazer,12,20,96,160,,8239
1680,birth,grazer,31,25,249,207,,8240
1680,birth,grazer,23,20,184,160,,8241
1680,birth,grazer,24,25,193,203,,8242
1680,birth,grazer,19,8,154,68,,8243
1680,birth,grazer,2,21,23,168,,8244
1680,birth,grazer,21,23,168,187,,8245
1681,birth,grazer,2,21,22,168,,8246
1681,birth,grazer,25,14,201,119,,8247
1681,birth,grazer,29,27,239,216,,8248
1681,birth,grazer,1,25,15,203,,8249
1681,birth,grazer,7,8,59,70,,8250
1681,birth,grazer,23,20,190,161,,8251
1681,birth,grazer,8,13,65,104,,8252
1681,birth,grazer,23,28,184,225,,8253
1681,birth,grazer,17,7,137,56,,8254
1682,birth,grazer,1,26,15,209,,8255
1682,birth,grazer,31,13,248,111,,8256
1682,birth,grazer,15,2,121,22,,8257
1682,death,grazer,11,3,91,26,crowded,4007
1682,birth,grazer,1,26,15,211,,8258
1682,birth,grazer,20,23,164,184,,8259
1683,birth,grazer,23,6,184,53,,8260
1683,birth,grazer,25,26,207,208,,8261
1683,birth,grazer,13,25,106,203,,8262
1683,birth,grazer,27,26,223,215,,8263
1683,birth,grazer,23,21,184,175,,8264
1683,birth,grazer,10,7,83,56,,8265
1683,birth,grazer,8,26,69,214,,8266
1683,birth,grazer,2,18,22,148,,8267
1683,birth,grazer,31,27,252,219,,8268
1684,birth,grazer,30,15,247,127,,8269
1684,birth,grazer,18,1,147,15,,8270
1684,birth,grazer,6,22,49,178,,8271
1684,birth,grazer,27,5,223,46,,8272
1684,birth,grazer,31,6,248,52,,8273
1685,birth,grazer,10,7,86,56,,8274
1685,birth,grazer,5,18,44,151,,8275
1685,birth,grazer,21,9,174,76,,8276
1685,birth,grazer,13,6,107,53,,8277
1685,birth,grazer,6,31,55,255,,8278
1685,death,grazer,17,2,143,23,crowded,5691
1685,birth,grazer,10,10,83,80,,8279
1685,birth,grazer,12,28,99,230,,8280
1686,birth,grazer,27,5,216,40,,8281
1686,birth,grazer,23,22,189,183,,8282
1686,birth,grazer,10,7,87,57,,8283
1686,birth,grazer,1,25,15,203,,8284
1686,birth,grazer,18,5,145,40,,8285
1686,birth,grazer,14,30,114,244,,8286
1687,birth,grazer,20,26,167,213,,8287
1687,birth,grazer,22,18,176,150,,8288
1687,birth,grazer,16,27,130,223,,8289
1687,birth,grazer,27,25,223,200,,8290
1687,birth,grazer,20,23,162,190,,8291
1687,birth,grazer,19,22,152,176,,8292
1687,birth,grazer,12,0,101,0,,8293
1687,birth,grazer,19,12,158,96,,8294
1687,birth,grazer,22,18,180,144,,8295
1687,birth,grazer,11,30,89,243,,8296
1687,birth,grazer,3,28,26,224,,8297
1687,birth,grazer,14,22,112,183,,8298
1688,birth,grazer,2,22,23,177,,8299
1688,birth,grazer,17,2,143,23,,8300
1688,birth,grazer,17,2,143,23,,8301
1688,birth,grazer,29,28,238,231,,8302
1688,birth,grazer,24,28,193,230,,8303
1688,birth,grazer,2,22,23,177,,8304
1688,birth,grazer,24,31,192,249,,8305
1688,birth,grazer,16,3,128,30,,8306
1688,birth,grazer,25,29,200,232,,8307
1688,birth,grazer,15,11,120,88,,8308
1688,birth,grazer,25,29,206,232,,8309
1688,birth,grazer,31,28,250,229,,8310
1688,birth,grazer,26,29,214,232,,8311
1688,birth,grazer,27,29,218,232,,8312
1689,birth,grazer,17,3,143,29,,8313
1689,birth,grazer,11,28,89,225,,8314
1689,birth,grazer,18,2,149,16,,8315
1689,birth,grazer,28,29,230,232,,8316
1689,death,grazer,13,9,111,73,crowded,2359
1689,birth,grazer,6,1,48,15,,8317
1689,birth,grazer,8,12,65,98,,8318
1689,birth,grazer,26,12,215,97,,8319
1689,birth,grazer,25,28,203,228,,8320
1690,birth,grazer,28,29,231,232,,8321
1690,birth,grazer,13,30,111,243,,8322
1690,birth,grazer,7,1,60,14,,8323
1690,birth,grazer,16,24,132,199,,8324
1690,birth,grazer,30,24,240,198,,8325
1690,birth,grazer,29,12,233,98,,8326
1690,birth,grazer,0,18,0,151,,8327
1690,birth,grazer,23,22,191,182,,8328
1690,birth,grazer,25,25,200,205,,8329
1690,birth,grazer,15,12,120,96,,8330
1690,birth,grazer,28,28,231,228,,8331
1690,birth,grazer,28,28,224,230,,8332
1690,birth,grazer,30,28,240,227,,8333
1690,birth,grazer,11,1,89,15,,8334
1691,death,grazer,19,17,157,142,crowded,517
1691,birth,grazer,21,1,168,15,,8335
1691,birth,grazer,29,27,239,216,,8336
1691,birth,grazer,29,4,233,38,,8337
1691,birth,grazer,21,5,173,44,,8338
1691,birth,grazer,15,0,125,2,,8339
1691,birth,grazer,10,21,86,169,,8340
1691,birth,grazer,27,28,217,228,,8341
1691,birth,grazer,1,19,15,157,,8342
1691,birth,grazer,24,28,195,228,,8343
1692,birth,grazer,25,14,201,112,,8344
1692,birth,grazer,1,19,15,155,,8345
1692,birth,grazer,4,12,35,100,,8346
1692,birth,grazer,31,1,255,14,,8347
1692,birth,grazer,5,2,40,21,,8348
1692,birth,grazer,23,27,188,217,,8349
1692,birth,grazer,7,14,62,112,,8350
1692,birth,grazer,18,7,148,59,,8351
1692,birth,grazer,26,29,215,232,,8352
1692,birth,grazer,10,1,83,14,,8353
1693,birth,grazer,22,22,177,176,,8354
1693,birth,grazer,9,6,72,48,,8355
1693,birth,grazer,9,6,72,52,,8356
1693,birth,grazer,21,13,175,104,,8357
1693,birth,grazer,9,10,75,81,,8358
1693,birth,grazer,6,28,51,226,,8359
1694,birth,grazer,15,8,120,66,,8360
1694,birth,grazer,3,25,31,204,,8361
1694,birth,grazer,29,4,232,35,,8362
1694,birth,grazer,22,27,176,220,,8363
1694,birth,grazer,9,30,79,245,,8364
1694,birth,grazer,31,21,248,168,,8365
1694,birth,grazer,7,23,57,190,,8366
1694,birth,grazer,9,6,78,48,,8367
1694,birth,grazer,20,1,160,15,,8368
1694,birth,grazer,30,26,244,208,,8369
1694,birth,grazer,19,1,152,15,,8370
1694,birth,grazer,7,14,58,113,,8371
1695,birth,grazer,9,6,78,48,,8372
1695,birth,grazer,15,30,122,245,,8373
1695,birth,grazer,12,0,98,2,,8374
1695,birth,grazer,25,24,206,197,,8375
1696,birth,grazer,4,9,34,76,,8376
1696,birth,grazer,22,8,179,69,,8377
1696,birth,grazer,25,6,207,48,,8378
1696,birth,grazer,27,29,217,232,,8379
1696,birth,grazer,2,23,16,191,,8380
1696,birth,grazer,31,9,251,74,,8381
1696,birth,grazer,2,23,17,191,,8382
1696,death,grazer,11,2,91,22,eaten,828
1696,death,grazer,17,2,143,23,eaten,198
1697,birth,grazer,31,21,248,168,,8383
1697,birth,grazer,5,14,43,116,,8384
1697,birth,grazer,18,1,148,15,,8385
1697,birth,grazer,9,8,75,67,,8386
1697,birth,grazer,9,8,73,66,,8387
1697,birth,grazer,23,28,186,228,,8388
1698,birth,grazer,29,3,232,27,,8389
1698,birth,grazer,31,17,248,140,,8390
1698,birth,grazer,9,22,78,180,,8391
1698,birth,grazer,29,20,236,167,,8392
1698,death,grazer,2,24,22,197,crowded,4075
1698,birth,grazer,19,6,156,54,,8393
1698,birth,grazer,28,26,231,208,,8394
1698,birth,grazer,29,20,239,167,,8395
1698,birth,grazer,29,28,238,229,,8396
1698,birth,grazer,19,1,153,15,,8397
1699,birth,grazer,9,25,79,206,,8398
1699,birth,grazer,25,24,200,199,,8399
1699,birth,grazer,3,12,29,101,,8400
1699,birth,grazer,31,23,249,191,,8401
1699,birth,grazer,31,11,253,88,,8402
1699,birth,grazer,26,28,210,230,,8403
1699,birth,grazer,24,7,193,60,,8404
1699,birth,grazer,29,3,232,24,,8405
1699,birth,grazer,26,26,211,211,,8406
1699,birth,grazer,27,28,217,230,,8407
1700,birth,grazer,14,4,118,39,,8408
1700,birth,grazer,24,14,194,114,,8409
1700,birth,grazer,5,28,41,224,,8410
1700,birth,grazer,16,25,129,201,,8411
1700,birth,grazer,12,15,96,120,,8412
1700,death,grazer,2,24,22,197,crowded,5115
1700,birth,grazer,16,23,131,191,,8413
1700,tree_death,tree,4,27,33,221,drought,2466
1700,tree_death,tree,23,7,186,62,drought,2723
1700,tree_death,tree,28,8,229,64,drought,2724
1700,tree_death,tree,30,8,243,64,drought,3051
1700,tree_death,tree,30,10,246,80,drought,3052
1700,tree_death,tree,30,12,240,96,drought,3053
1700,tree_death,tree,28,30,226,246,drought,3054
1700,tree_death,tree,27,27,218,222,drought,3717
1700,tree_death,tree,13,28,108,224,drought,3719
1700,tree_death,tree,15,4,126,34,drought,4025
1700,tree_death,tree,27,8,220,69,drought,4352
1700,ignition,,25,15,,,,
1701,birth,grazer,9,16,74,130,,8414
1701,birth,grazer,26,12,209,96,,8415
1701,birth,grazer,6,31,52,254,,8416
1701,birth,grazer,31,6,249,52,,8417
1701,birth,grazer,6,27,51,221,,8418
1701,birth,grazer,21,11,174,89,,8419
1701,birth,grazer,29,29,239,232,,8420
1702,birth,grazer,18,27,147,221,,8421
1702,death,grazer,8,15,68,125,crowded,2911
1702,birth,grazer,1,30,8,247,,8422
1702,birth,grazer,31,12,249,96,,8423
1702,birth,grazer,18,27,151,221,,8424
1702,birth,grazer,30,9,243,72,,8425
1702,birth,grazer,5,11,43,91,,8426
1703,birth,grazer,6,10,50,86,,8427
1703,birth,grazer,27,29,216,232,,8428
1703,birth,grazer,13,13,104,104,,8429
1703,death,grazer,24,8,195,69,crowded,3446
1703,birth,grazer,22,28,176,230,,8430
1703,birth,grazer,9,15,79,125,,8431
1703,birth,grazer,19,2,156,16,,8432
1703,birth,grazer,9,12,78,96,,8433
1703,burnout,,25,15,,,,
1703,storm,,0,0,,,,1.8712 0.5669 0.0519
1704,birth,grazer,30,14,241,113,,8434
1704,birth,grazer,30,21,240,168,,8435
1704,birth,grazer,2,24,16,192,,8436
1704,birth,grazer,7,12,59,98,,8437
1704,birth,grazer,9,15,79,126,,8438
1704,birth,grazer,0,22,0,183,,8439
1704,birth,grazer,1,19,15,157,,8440
1705,birth,grazer,12,30,99,245,,8441
1705,birth,grazer,14,4,118,35,,8442
1705,birth,grazer,26,29,213,232,,8443
1705,birth,grazer,22,14,183,112,,8444
1705,birth,grazer,27,25,223,200,,8445
1705,birth,grazer,30,3,247,31,,8446
1705,birth,grazer,18,5,147,47,,8447
1705,birth,grazer,23,24,187,194,,8448
1706,birth,grazer,31,14,248,113,,8449
1706,birth,grazer,21,13,169,106,,8450
1706,birth,grazer,17,4,140,38,,8451
1706,birth,grazer,14,13,112,104,,8452
1706,birth,grazer,22,18,176,151,,8453
1706,birth,grazer,1,25,15,203,,8454
1706,birth,grazer,25,7,206,56,,8455
1707,birth,grazer,6,13,55,105,,8456
1707,birth,grazer,24,23,193,185,,8457
1707,death,grazer,2,25,21,206,crowded,3816
1707,birth,grazer,31,1,255,15,,8458
1707,birth,grazer,28,28,229,229,,8459
1707,birth,grazer,26,12,208,99,,8460
1708,birth,grazer,4,28,39,225,,8461
1708,birth,grazer,24,23,199,185,,8462
1708,birth,grazer,25,23,207,184,,8463
1708,birth,grazer,24,8,199,71,,8464
1708,birth,grazer,22,18,176,144,,8465
1708,birth,grazer,8,15,70,127,,8466
1708,birth,grazer,11,30,90,244,,8467
1708,birth,grazer,8,15,71,127,,8468
1709,birth,grazer,31,21,249,168,,8469
1709,birth,grazer,24,13,198,105,,8470
1709,birth,grazer,13,26,105,214,,8471
1709,birth,grazer,31,26,248,211,,8472
1709,birth,grazer,8,31,65,249,,8473
1709,birth,grazer,31,8,255,66,,8474
1710,birth,grazer,20,30,166,247,,8475
1710,birth,grazer,21,1,169,15,,8476
1710,birth,grazer,23,28,185,229,,8477
1710,birth,grazer,30,2,240,23,,8478
1710,birth,grazer,31,6,250,52,,8479
1710,death,grazer,23,9,191,76,crowded,5220
1710,birth,grazer,10,19,82,154,,8480
1710,birth,grazer,26,25,208,200,,8481
1710,birth,grazer,9,30,79,245,,8482
1710,death,grazer,31,3,249,25,crowded,7709
1711,birth,grazer,31,27,250,217,,8483
1711,birth,grazer,19,13,152,104,,8484
1711,birth,grazer,18,5,151,40,,8485
1711,birth,grazer,17,7,137,56,,8486
1711,death,grazer,6,3,53,29,crowded,5169
1711,birth,grazer,25,10,203,86,,8487
1711,birth,grazer,18,10,151,87,,8488
1711,death,grazer,7,15,58,125,crowded,7336
1712,birth,grazer,10,9,81,72,,8489
1712,birth,grazer,11,30,90,244,,8490
1712,birth,grazer,19,22,152,176,,8491
1713,birth,grazer,11,27,89,218,,8492
1713,birth,grazer,25,24,206,195,,8493
1713,birth,grazer,27,25,223,200,,8494
1713,birth,grazer,18,12,151,97,,8495
1713,birth,grazer,25,28,200,228,,8496
1714,birth,grazer,8,12,64,102,,8497
1714,birth,grazer,2,22,22,180,,8498
1714,birth,grazer,29,27,239,216,,8499
1714,birth,grazer,2,22,23,182,,8500
1714,birth,grazer,27,12,220,101,,8501
1714,birth,grazer,7,1,61,15,,8502
1714,death,grazer,30,3,247,27,eaten,105
1715,birth,grazer,5,8,43,68,,8503
1715,birth,grazer,11,28,88,224,,8504
1715,birth,grazer,5,25,44,203,,8505
1715,birth,grazer,18,6,151,54,,8506
1715,birth,grazer,5,8,44,66,,8507
1715,birth,grazer,28,14,224,113,,8508
1715,birth,grazer,20,13,162,106,,8509
1715,birth,grazer,30,14,244,113,,8510
1716,birth,grazer,17,22,143,176,,8511
1716,birth,grazer,3,10,24,84,,8512
1716,birth,grazer,23,23,184,184,,8513
1716,birth,grazer,31,2,252,23,,8514
1716,birth,grazer,15,22,122,178,,8515
1716,birth,grazer,23,9,184,72,,8516
1716,birth,grazer,24,8,192,64,,8517
1716,birth,grazer,14,20,113,161,,8518
1716,birth,grazer,5,31,40,248,,8519
1716,birth,grazer,20,1,161,15,,8520
1716,birth,grazer,31,8,249,66,,8521
1716,birth,grazer,23,14,188,116,,8522
1717,death,grazer,20,18,160,151,crowded,220
1717,birth,grazer,21,11,171,91,,8523
1717,birth,grazer,19,2,158,16,,8524
1717,birth,grazer,31,24,249,196,,8525
1717,birth,grazer,10,27,80,223,,8526
1717,birth,grazer,22,18,176,149,,8527
1717,birth,grazer,19,4,153,36,,8528
1717,birth,grazer,3,25,24,204,,8529
1717,birth,grazer,10,21,85,173,,8530
1717,birth,grazer,13,18,104,144,,8531
1718,birth,grazer,20,23,166,184,,8532
1718,birth,grazer,23,21,187,170,,8533
1718,birth,grazer,28,8,224,68,,8534
1718,birth,grazer,15,21,120,175,,8535
1718,birth,grazer,7,16,62,132,,8536
1718,birth,grazer,14,21,115,168,,8537
1718,birth,grazer,2,18,23,151,,8538
1718,birth,grazer,22,9,177,72,,8539
1718,birth,grazer,6,3,54,24,,8540
1718,birth,grazer,20,11,160,91,,8541
1718,birth,grazer,12,17,96,137,,8542
1719,birth,grazer,14,5,115,42,,8543
1719,birth,grazer,28,24,226,198,,8544
1719,birth,grazer,24,25,195,201,,8545
1719,birth,grazer,21,4,171,36,,8546
1719,birth,grazer,7,20,56,162,,8547
1719,birth,grazer,31,24,249,196,,8548
1719,birth,grazer,10,12,80,99,,8549
1719,birth,grazer,15,24,125,197,,8550
1719,birth,grazer,21,4,172,38,,8551
1719,birth,grazer,25,6,200,51,,8552
1719,birth,grazer,30,12,243,103,,8553
1719,birth,grazer,5,31,42,250,,8554
1719,birth,grazer,16,7,133,56,,8555
1719,birth,grazer,20,8,165,66,,8556
1719,birth,grazer,14,21,112,169,,8557
1719,birth,grazer,10,14,84,112,,8558
1720,birth,grazer,6,3,55,28,,8559
1720,birth,grazer,6,26,49,209,,8560
1720,birth,grazer,23,9,191,78,,8561
1720,birth,grazer,15,30,120,243,,8562
1720,birth,grazer,11,12,93,98,,8563
1720,birth,grazer,23,6,191,53,,8564
1720,birth,grazer,15,6,126,48,,8565
1720,birth,grazer,7,28,60,226,,8566
1720,birth,grazer,11,12,95,102,,8567
1720,birth,grazer,31,2,255,23,,8568
1721,death,grazer,17,3,143,30,crowded,1847
1721,birth,grazer,31,21,251,168,,8569
1721,birth,grazer,19,8,158,64,,8570
1721,birth,grazer,6,28,48,224,,8571
1721,birth,grazer,22,9,176,76,,8572
1721,birth,grazer,31,14,249,112,,8573
1721,birth,grazer,11,3,95,25,,8574
1721,birth,grazer,9,24,76,199,,8575
1721,death,grazer,30,3,242,29,crowded,4609
1721,birth,grazer,30,8,240,67,,8576
1721,birth,grazer,2,14,21,112,,8577
1721,birth,grazer,24,28,199,228,,8578
1721,birth,grazer,27,13,218,104,,8579
1721,death,grazer,17,3,143,29,crowded,7539
1722,birth,grazer,15,21,121,175,,8580
1722,birth,grazer,1,26,15,212,,8581
1722,birth,grazer,26,29,215,232,,8582
1722,birth,grazer,23,25,191,206,,8583
1722,birth,grazer,22,23,176,191,,8584
1722,birth,grazer,24,9,194,73,,8585
1723,birth,grazer,1,25,15,203,,8586
1723,birth,grazer,17,27,139,222,,8587
1723,birth,grazer,18,17,149,142,,8588
1723,birth,grazer,30,17,241,141,,8589
1723,birth,grazer,4,27,33,220,,8590
1723,birth,grazer,28,26,231,208,,8591
1723,birth,grazer,31,2,248,23,,8592
1723,death,grazer,18,7,147,62,eaten,5451
1723,death,grazer,18,7,147,62,eaten,7933
1724,birth,grazer,2,2,22,22,,8593
1724,birth,grazer,21,1,169,15,,8594
1724,birth,grazer,15,22,123,176,,8595
1724,birth,grazer,31,23,255,190,,8596
1724,birth,grazer,23,10,191,87,,8597
1724,birth,grazer,28,27,224,221,,8598
1724,birth,grazer,19,1,154,15,,8599
1724,birth,grazer,27,29,216,232,,8600
1725,birth,grazer,14,18,119,148,,8601
1725,birth,grazer,24,22,198,177,,8602
1725,birth,grazer,31,26,248,209,,8603
1725,birth,grazer,25,3,201,28,,8604
1725,birth,grazer,24,24,195,199,,8605
1725,birth,grazer,22,18,177,144,,8606
1725,birth,grazer,8,1,67,15,,8607
1726,birth,grazer,29,18,235,147,,8608
1726,birth,grazer,7,9,56,73,,8609
1726,birth,grazer,12,20,96,161,,8610
1726,birth,grazer,3,31,27,250,,8611
1726,birth,grazer,22,23,176,184,,8612
1726,birth,grazer,20,13,167,104,,8613
1726,birth,grazer,10,19,81,153,,8614
1726,birth,grazer,27,12,220,103,,8615
1726,birth,grazer,13,19,104,152,,8616
1727,birth,grazer,22,18,176,144,,8617
1727,birth,grazer,12,16,96,135,,8618
1727,birth,grazer,31,2,248,23,,8619
1727,birth,grazer,22,23,176,184,,8620
1727,death,grazer,17,3,143,31,crowded,6351
1728,birth,grazer,2,27,16,216,,8621
1728,birth,grazer,24,14,194,113,,8622
1728,birth,grazer,17,2,143,16,,8623
1728,storm,,0,0,,,,2.8669 0.9180 0.3531
1729,birth,grazer,11,23,89,191,,8624
1729,birth,grazer,5,3,47,30,,8625
1729,birth,grazer,3,25,28,207,,8626
1729,birth,grazer,7,12,58,97,,8627
1729,birth,grazer,13,18,109,147,,8628
1729,birth,grazer,4,13,38,107,,8629
1729,birth,grazer,15,23,124,191,,8630
1729,birth,grazer,31,2,255,18,,8631
1729,storm,,0,0,,,,14.5440 5.4643 3.7765
1730,birth,grazer,10,20,83,164,,8632
1730,birth,grazer,18,7,151,56,,8633
1730,birth,grazer,11,1,94,14,,8634
1730,birth,grazer,12,19,97,155,,8635
1730,birth,grazer,11,18,89,147,,8636
1730,death,grazer,4,3,37,26,crowded,6289
1730,birth,grazer,27,8,223,69,,8637
1730,birth,grazer,13,20,109,162,,8638
1730,death,grazer,2,28,22,226,eaten,233
1731,birth,grazer,22,7,176,63,,8639
1731,birth,grazer,27,28,219,230,,8640
1731,birth,grazer,26,13,211,104,,8641
1731,birth,grazer,21,23,174,191,,8642
1732,birth,grazer,17,3,143,29,,8643
1732,birth,grazer,10,8,83,68,,8644
1732,birth,grazer,17,3,143,29,,8645
1732,birth,grazer,15,31,122,253,,8646
1732,birth,grazer,17,4,139,39,,8647
1732,birth,grazer,30,4,241,39,,8648
1732,birth,grazer,15,31,123,248,,8649
1732,birth,grazer,26,7,210,58,,8650
1732,birth,grazer,9,12,74,99,,8651
1732,birth,grazer,8,31,67,248,,8652
1732,birth,grazer,26,12,208,101,,8653
1732,birth,grazer,18,31,144,250,,8654
1733,birth,grazer,5,2,47,22,,8655
1733,birth,grazer,26,24,215,193,,8656
1733,birth,grazer,3,10,24,80,,8657
1733,birth,grazer,27,29,216,232,,8658
1733,birth,grazer,16,31,128,252,,8659
1733,death,grazer,4,2,37,21,crowded,4221
1733,birth,grazer,5,18,46,145,,8660
1733,birth,grazer,7,23,57,190,,8661
1733,death,grazer,23,12,190,98,crowded,7786
1733,death,grazer,20,23,166,187,eaten,483
1734,birth,grazer,20,10,163,81,,8662
1734,birth,grazer,17,3,143,27,,8663
1734,birth,grazer,26,12,214,97,,8664
1734,birth,grazer,29,12,235,101,,8665
1734,birth,grazer,13,31,104,248,,8666
1734,birth,grazer,5,18,41,144,,8667
1735,birth,grazer,14,27,112,216,,8668
1735,birth,grazer,29,14,234,116,,8669
1735,birth,grazer,2,28,16,224,,8670
1735,birth,grazer,6,8,52,64,,8671
1735,birth,grazer,26,12,211,103,,8672
1735,birth,grazer,16,3,128,31,,8673
1735,birth,grazer,15,30,120,247,,8674
1735,birth,grazer,28,10,229,81,,8675
1735,birth,grazer,10,9,83,77,,8676
1735,birth,grazer,2,28,16,224,,8677
1735,birth,grazer,31,21,251,168,,8678
1735,birth,grazer,14,31,117,250,,8679
1736,birth,grazer,26,11,213,94,,8680
1736,birth,grazer,18,3,144,25,,8681
1736,birth,grazer,22,12,183,102,,8682
1736,birth,grazer,13,31,111,249,,8683
1737,birth,grazer,31,11,249,94,,8684
1737,death,grazer,19,17,159,140,crowded,3316
1737,birth,grazer,23,11,189,95,,8685
1737,birth,grazer,1,25,15,203,,8686
1737,birth,grazer,2,12,21,99,,8687
1737,birth,grazer,25,12,201,100,,8688
1737,birth,grazer,25,12,204,98,,8689
1737,birth,grazer,9,30,79,245,,8690
1738,birth,grazer,8,24,69,197,,8691
1738,birth,grazer,13,26,107,211,,8692
1738,birth,grazer,15,26,125,215,,8693
1738,birth,grazer,12,1,98,15,,8694
1738,birth,grazer,12,31,103,253,,8695
1738,birth,grazer,26,14,211,118,,8696
1738,death,grazer,17,3,143,24,crowded,7362
1739,birth,grazer,4,5,32,41,,8697
1739,birth,grazer,16,31,129,251,,8698
1739,death,grazer,20,23,161,187,crowded,5180
1739,birth,grazer,31,19,251,156,,8699
1739,birth,grazer,2,9,22,76,,8700
1739,birth,grazer,25,23,207,185,,8701
1739,birth,grazer,6,14,51,114,,8702
1739,death,grazer,3,2,31,21,eaten,251
1740,birth,grazer,8,4,67,36,,8703
1740,birth,grazer,8,4,64,33,,8704
1740,birth,grazer,4,4,35,32,,8705
1740,birth,grazer,3,28,29,225,,8706
1740,birth,grazer,22,19,178,155,,8707
1740,birth,grazer,14,26,118,212,,8708
1740,birth,grazer,16,2,128,21,,8709
1741,birth,grazer,14,31,113,249,,8710
1741,birth,grazer,18,31,144,251,,8711
1741,birth,grazer,17,31,138,254,,8712
1741,birth,grazer,23,23,186,189,,8713
1741,birth,grazer,12,27,98,222,,8714
1741,birth,grazer,21,6,171,52,,8715
1741,birth,grazer,3,12,30,97,,8716
1741,birth,grazer,7,8,56,68,,8717
1741,birth,grazer,2,22,17,176,,8718
1741,birth,grazer,17,23,136,191,,8719
1741,birth,grazer,17,30,143,247,,8720
1741,birth,grazer,17,31,138,252,,8721
1741,birth,grazer,3,28,29,226,,8722
1742,birth,grazer,5,9,41,75,,8723
1742,birth,grazer,4,19,38,159,,8724
1742,birth,grazer,17,3,143,24,,8725
1742,birth,grazer,24,27,194,217,,8726
1742,birth,grazer,17,28,141,228,,8727
1742,birth,grazer,25,13,201,105,,8728
1742,birth,grazer,8,25,67,205,,8729
1742,birth,grazer,14,2,113,22,,8730
1742,birth,grazer,10,18,87,146,,8731
1742,birth,grazer,22,6,178,51,,8732
1742,death,grazer,3,2,24,21,crowded,5864
1742,birth,grazer,29,14,233,119,,8733
1743,birth,grazer,2,3,21,28,,8734
1743,birth,grazer,22,12,176,99,,8735
1743,birth,grazer,5,5,43,44,,8736
1743,death,grazer,17,2,143,23,crowded,7516
1744,birth,grazer,3,25,29,206,,8737
1744,birth,grazer,11,30,89,243,,8738
1744,death,grazer,3,20,27,163,crowded,8182
1745,birth,grazer,17,3,143,24,,8739
1745,birth,grazer,29,12,236,99,,8740
1745,birth,grazer,13,26,106,208,,8741
1745,death,grazer,17,2,143,23,crowded,2457
1745,birth,grazer,23,6,188,55,,8742
1746,birth,grazer,11,31,95,248,,8743
1746,birth,grazer,26,24,211,197,,8744
1746,birth,grazer,14,19,115,156,,8745
1746,birth,grazer,20,26,160,208,,8746
1746,birth,grazer,7,27,63,220,,8747
1746,birth,grazer,15,27,125,223,,8748
1746,birth,grazer,31,25,255,204,,8749
1746,birth,grazer,27,27,219,217,,8750
1746,birth,grazer,7,13,63,111,,8751
1746,birth,grazer,13,17,107,142,,8752
1747,birth,grazer,8,9,67,79,,8753
1747,birth,grazer,4,2,32,21,,8754
1747,birth,grazer,13,17,106,141,,8755
1747,birth,grazer,21,1,170,15,,8756
1747,birth,grazer,10,3,84,27,,8757
1747,birth,grazer,27,10,222,87,,8758
1747,birth,grazer,27,26,219,213,,8759
1747,birth,grazer,2,4,22,33,,8760
1747,birth,grazer,31,28,248,224,,8761
1747,birth,grazer,2,18,22,148,,8762
1748,birth,grazer,16,27,129,222,,8763
1748,birth,grazer,21,19,168,153,,8764
1748,birth,grazer,4,20,38,161,,8765
1748,birth,grazer,11,6,89,50,,8766
1748,birth,grazer,10,20,80,160,,8767
1748,birth,grazer,15,17,120,141,,8768
1748,birth,grazer,14,18,114,144,,8769
1748,birth,grazer,19,13,153,104,,8770
1748,birth,grazer,21,19,169,152,,8771
1748,birth,grazer,14,21,115,173,,8772
1748,death,grazer,17,3,143,24,crowded,8313
1749,birth,grazer,9,17,72,136,,8773
1749,death,grazer,17,3,143,28,crowded,1363
1749,birth,grazer,23,27,184,218,,8774
1749,birth,grazer,18,31,144,248,,8775
1749,birth,grazer,0,22,0,177,,8776
1749,birth,grazer,12,2,101,21,,8777
1749,birth,grazer,16,31,128,248,,8778
1749,birth,grazer,28,26,231,208,,8779
1749,birth,grazer,24,23,194,190,,8780
1749,storm,,0,0,,,,4.5420 1.5416 0.8038
1750,birth,grazer,30,4,247,39,,8781
1750,birth,grazer,3,20,30,167,,8782
1750,death,grazer,17,3,143,26,crowded,1135
1750,birth,grazer,8,17,68,139,,8783
1750,birth,grazer,4,10,38,82,,8784
1750,birth,grazer,21,1,169,15,,8785
1750,birth,grazer,21,13,174,104,,8786
1750,death,grazer,3,2,31,21,crowded,4887
1750,death,grazer,2,21,22,169,crowded,5358
1750,birth,grazer,3,20,30,167,,8787
1750,birth,grazer,25,25,204,202,,8788
1750,birth,grazer,14,23,114,191,,8789
1750,birth,grazer,27,25,223,200,,8790
1750,birth,grazer,24,14,192,112,,8791
1750,birth,grazer,23,24,187,193,,8792
1750,birth,grazer,14,19,116,155,,8793
1750,death,grazer,3,2,31,21,crowded,6783
1750,tree_death,tree,30,12,241,98,drought,1375
1750,tree_death,tree,21,5,171,41,drought,3406
1750,tree_death,tree,19,6,156,52,drought,3715
1750,tree_death,tree,13,6,109,51,drought,3720
1750,tree_death,tree,25,27,203,223,drought,3723
1750,tree_death,tree,27,14,219,113,drought,4353
1750,tree_death,tree,28,14,228,113,drought,4359
1750,tree_death,tree,10,5,86,41,drought,4722
1751,birth,grazer,20,11,164,92,,8794
1751,birth,grazer,25,14,200,112,,8795
1751,birth,grazer,14,13,112,104,,8796
1751,birth,grazer,2,20,21,161,,8797
1752,birth,grazer,12,15,96,127,,8798
1752,birth,grazer,30,9,240,72,,8799
1752,birth,grazer,22,17,183,140,,8800
1752,birth,grazer,23,20,189,161,,8801
1752,birth,grazer,28,10,224,84,,8802
1753,birth,grazer,16,7,134,57,,8803
1753,death,grazer,2,21,21,173,crowded,2281
1753,birth,grazer,15,30,120,243,,8804
1753,birth,grazer,20,12,160,97,,8805
1753,birth,grazer,30,21,243,169,,8806
1753,birth,grazer,17,7,137,56,,8807
1753,birth,grazer,9,9,77,78,,8808
1754,birth,grazer,10,0,80,1,,8809
1754,birth,grazer,22,2,176,16,,8810
1754,birth,grazer,25,7,203,60,,8811
1755,death,grazer,19,17,154,140,crowded,930
1755,birth,grazer,3,28,24,224,,8812
1755,birth,grazer,18,27,149,222,,8813
1755,birth,grazer,6,11,50,93,,8814
1755,birth,grazer,9,1,72,15,,8815
1755,death,grazer,2,21,16,174,crowded,6194
1755,birth,grazer,14,17,112,142,,8816
1755,birth,grazer,18,13,147,104,,8817
1756,birth,grazer,13,30,105,244,,8818
1756,birth,grazer,30,4,246,33,,8819
1756,birth,grazer,5,2,47,21,,8820
1756,birth,grazer,22,21,180,173,,8821
1756,birth,grazer,3,28,24,224,,8822
1756,birth,grazer,18,11,151,88,,8823
1756,birth,grazer,18,7,146,63,,8824
1756,birth,grazer,9,30,79,245,,8825
1756,birth,grazer,26,13,215,104,,8826
1757,birth,grazer,13,19,109,159,,8827
1757,birth,grazer,15,28,124,225,,8828
1757,birth,grazer,10,20,81,167,,8829
1757,birth,grazer,23,28,184,224,,8830
1757,birth,grazer,18,7,146,63,,8831
1757,birth,grazer,18,11,151,95,,8832
1757,birth,grazer,13,5,104,40,,8833
1758,birth,grazer,21,20,171,165,,8834
1758,birth,grazer,15,11,120,88,,8835
1758,birth,grazer,4,13,37,109,,8836
1758,birth,grazer,18,7,149,63,,8837
1758,birth,grazer,14,21,118,175,,8838
1758,birth,grazer,13,31,110,249,,8839
1758,birth,grazer,11,31,95,248,,8840
1758,birth,grazer,13,20,108,160,,8841
1758,birth,grazer,15,31,120,248,,8842
1758,death,grazer,3,2,31,21,crowded,6866
1759,birth,grazer,20,20,163,164,,8843
1759,birth,grazer,19,8,159,64,,8844
1759,birth,grazer,12,2,96,23,,8845
1759,birth,grazer,12,30,100,244,,8846
1759,birth,grazer,6,14,48,113,,8847
1759,death,grazer,20,21,164,173,crowded,6943
1759,storm,,0,0,,,,0.1066 0.0299 0.0002
1760,birth,grazer,8,9,64,76,,8848
1760,birth,grazer,25,7,204,61,,8849
1760,birth,grazer,4,2,32,21,,8850
1760,birth,grazer,23,14,187,115,,8851
1760,birth,grazer,12,0,101,1,,8852
1760,birth,grazer,31,9,248,74,,8853
1760,birth,grazer,27,12,216,102,,8854
1760,birth,grazer,12,27,102,222,,8855
1760,birth,grazer,7,3,62,31,,8856
1760,birth,grazer,7,26,58,212,,8857
1761,birth,grazer,10,2,80,23,,8858
1761,birth,grazer,6,13,50,104,,8859
1761,birth,grazer,10,2,81,22,,8860
1761,birth,grazer,4,4,33,35,,8861
1761,birth,grazer,30,4,241,34,,8862
1761,birth,grazer,2,21,23,168,,8863
1762,birth,grazer,5,2,47,22,,8864
1762,death,grazer,3,3,29,29,crowded,6136
1762,birth,grazer,17,7,136,56,,8865
1762,birth,grazer,16,7,130,56,,8866
1763,birth,grazer,27,11,216,88,,8867
1763,birth,grazer,23,6,191,49,,8868
1763,birth,grazer,23,30,189,246,,8869
1763,birth,grazer,17,2,143,23,,8870
1763,birth,grazer,2,21,21,168,,8871
1763,birth,grazer,1,26,15,210,,8872
1764,birth,grazer,10,2,86,22,,8873
1764,birth,grazer,8,14,64,112,,8874
1764,death,grazer,19,20,155,166,crowded,2431
1764,birth,grazer,5,5,47,47,,8875
1764,birth,grazer,20,21,160,168,,8876
1764,birth,grazer,10,3,80,26,,8877
1764,birth,grazer,6,14,48,112,,8878
1764,death,grazer,3,2,31,21,crowded,6918
1765,birth,grazer,20,20,164,161,,8879
1765,birth,grazer,20,21,160,172,,8880
1765,birth,grazer,10,27,80,216,,8881
1765,birth,grazer,10,27,83,221,,8882
1765,birth,grazer,1,30,8,247,,8883
1765,birth,grazer,22,14,183,119,,8884
1765,birth,grazer,30,9,243,72,,8885
1766,birth,grazer,5,14,42,113,,8886
1766,birth,grazer,5,10,47,80,,8887
1766,birth,grazer,31,4,253,36,,8888
1766,birth,grazer,2,22,23,177,,8889
1766,birth,grazer,10,3,87,24,,8890
1766,birth,grazer,25,4,207,38,,8891
1766,birth,grazer,23,23,191,186,,8892
1766,birth,grazer,7,26,56,208,,8893
1766,birth,grazer,8,1,69,15,,8894
1766,birth,grazer,12,2,96,16,,8895
1767,birth,grazer,2,22,23,180,,8896
1767,birth,grazer,2,12,23,100,,8897
1767,birth,grazer,23,11,187,88,,8898
1767,birth,grazer,17,27,138,220,,8899
1767,birth,grazer,22,12,183,101,,8900
1767,birth,grazer,19,8,156,64,,8901
1767,birth,grazer,16,2,128,21,,8902
1768,birth,grazer,22,13,183,104,,8903
1768,birth,grazer,28,26,231,208,,8904
1768,birth,grazer,11,12,94,103,,8905
1768,birth,grazer,4,6,35,55,,8906
1768,birth,grazer,12,15,96,127,,8907
1768,birth,grazer,4,20,32,161,,8908
1768,birth,grazer,19,13,152,104,,8909
1768,birth,grazer,18,10,151,85,,8910
1769,birth,grazer,28,13,227,111,,8911
1769,birth,grazer,14,31,112,248,,8912
1769,birth,grazer,17,30,139,247,,8913
1770,birth,grazer,19,22,152,181,,8914
1770,birth,grazer,22,13,183,105,,8915
1770,death,grazer,20,22,162,182,crowded,3354
1770,death,grazer,20,22,161,182,eaten,550
1771,birth,grazer,20,26,164,210,,8916
1771,birth,grazer,19,22,152,176,,8917
1771,birth,grazer,8,13,71,106,,8918
1771,birth,grazer,21,13,173,104,,8919
1771,birth,grazer,5,2,47,21,,8920
1771,birth,grazer,27,17,223,140,,8921
1771,birth,grazer,31,19,248,153,,8922
1771,birth,grazer,22,11,181,92,,8923
1772,birth,grazer,24,13,194,106,,8924
1772,birth,grazer,24,27,192,218,,8925
1772,birth,grazer,18,31,144,251,,8926
1772,birth,grazer,14,31,113,250,,8927
1773,birth,grazer,10,7,80,57,,8928
1773,birth,grazer,9,25,79,207,,8929
1773,birth,grazer,9,2,72,21,,8930
1773,birth,grazer,17,31,140,250,,8931
1773,birth,grazer,15,18,120,145,,8932
1773,birth,grazer,26,24,215,192,,8933
1773,birth,grazer,20,4,164,36,,8934
1773,birth,grazer,12,1,97,14,,8935
1774,birth,grazer,19,7,159,62,,8936
1774,birth,grazer,10,9,82,78,,8937
1774,birth,grazer,13,31,104,250,,8938
1774,birth,grazer,22,12,183,101,,8939
1774,birth,grazer,2,23,16,186,,8940
1774,death,grazer,3,2,28,22,crowded,5835
1774,death,grazer,3,2,31,21,crowded,6267
1775,birth,grazer,24,10,192,80,,8941
1775,birth,grazer,8,1,67,15,,8942
1775,birth,grazer,12,16,96,133,,8943
1775,birth,grazer,14,27,112,216,,8944
1775,birth,grazer,8,1,67,15,,8945
1775,birth,grazer,13,13,104,104,,8946
1775,birth,grazer,4,28,38,226,,8947
1775,birth,grazer,31,25,248,207,,8948
1775,birth,grazer,25,26,200,210,,8949
1775,birth,grazer,24,10,197,87,,8950
1775,birth,grazer,14,20,115,167,,8951
1776,birth,grazer,31,11,248,90,,8952
1776,birth,grazer,21,30,174,246,,8953
1776,birth,grazer,25,6,206,49,,8954
1776,birth,grazer,22,14,183,112,,8955
1777,death,grazer,20,22,164,179,crowded,1075
1777,birth,grazer,15,2,127,23,,8956
1777,birth,grazer,15,18,120,144,,8957
1777,birth,grazer,20,4,166,33,,8958
1777,birth,grazer,29,9,238,72,,8959
1777,death,grazer,19,17,152,142,crowded,5640
1777,birth,grazer,22,10,176,83,,8960
1777,birth,grazer,9,13,76,106,,8961
1777,birth,grazer,31,12,250,102,,8962
1777,birth,grazer,31,14,248,114,,8963
1777,storm,,0,0,,,,5.3337 1.8167 0.9278
1778,birth,grazer,0,12,0,101,,8964
1778,birth,grazer,31,3,252,24,,8965
1778,birth,grazer,22,24,178,192,,8966
1778,birth,grazer,0,13,0,104,,8967
1778,birth,grazer,0,9,0,74,,8968
1778,death,grazer,19,17,152,140,crowded,1755
1778,death,grazer,3,2,31,21,crowded,2067
1778,birth,grazer,0,10,0,85,,8969
1778,birth,grazer,24,30,192,247,,8970
1778,birth,grazer,2,0,16,0,,8971
1778,birth,grazer,0,10,0,84,,8972
1778,birth,grazer,0,7,0,56,,8973
1778,birth,grazer,0,7,0,63,,8974
1778,death,grazer,8,1,68,14,eaten,790
1779,birth,grazer,0,23,0,187,,8975
1779,birth,grazer,0,2,0,21,,8976
1779,birth,grazer,2,14,21,112,,8977
1779,birth,grazer,22,10,177,85,,8978
1779,death,grazer,23,12,189,96,crowded,5029
1779,birth,grazer,29,13,237,111,,8979
1779,birth,grazer,14,21,112,170,,8980
1780,death,grazer,23,12,189,101,crowded,725
1780,birth,grazer,24,25,193,203,,8981
1780,birth,grazer,7,14,56,113,,8982
1780,birth,grazer,2,2,21,23,,8983
1780,birth,grazer,2,2,21,23,,8984
1780,birth,grazer,15,17,120,143,,8985
1780,birth,grazer,0,9,0,73,,8986
1781,birth,grazer,24,31,193,248,,8987
1781,birth,grazer,29,27,239,216,,8988
1781,birth,grazer,31,9,248,72,,8989
1781,birth,grazer,19,12,155,98,,8990
1781,birth,grazer,23,13,187,104,,8991
1781,birth,grazer,15,12,121,97,,8992
1781,birth,grazer,0,4,0,35,,8993
1782,birth,grazer,23,31,184,249,,8994
1782,birth,grazer,6,27,50,220,,8995
1782,birth,grazer,30,18,245,148,,8996
1782,birth,grazer,5,3,41,29,,8997
1782,birth,grazer,10,14,81,113,,8998
1783,birth,grazer,23,13,186,104,,8999
1783,birth,grazer,28,17,226,137,,9000
1783,death,grazer,3,2,31,21,crowded,2654
1783,birth,grazer,25,9,200,74,,9001
1783,death,grazer,23,11,186,89,crowded,3322
1783,birth,grazer,11,16,95,131,,9002
1783,birth,grazer,14,17,119,142,,9003
1783,death,grazer,2,25,21,203,crowded,8498
1784,birth,grazer,13,27,104,216,,9004
1784,birth,grazer,17,28,142,230,,9005
1784,birth,grazer,25,6,206,49,,9006
1784,birth,grazer,25,9,207,78,,9007
1784,birth,grazer,0,6,0,55,,9008
1784,birth,grazer,15,30,122,245,,9009
1784,birth,grazer,29,11,237,93,,9010
1784,birth,grazer,27,20,223,165,,9011
1784,birth,grazer,2,24,16,196,,9012
1785,birth,grazer,11,8,93,69,,9013
1785,birth,grazer,22,13,183,111,,9014
1785,birth,grazer,3,28,26,224,,9015
1785,birth,grazer,3,2,24,22,,9016
1786,birth,grazer,7,19,62,156,,9017
1786,birth,grazer,31,19,248,155,,9018
1786,birth,grazer,3,2,24,21,,9019
1786,birth,grazer,16,7,134,57,,9020
1786,birth,grazer,25,24,201,197,,9021
1787,birth,grazer,12,31,101,249,,9022
1787,birth,grazer,13,28,109,229,,9023
1787,birth,grazer,23,11,189,89,,9024
1787,birth,grazer,12,17,97,137,,9025
1787,birth,grazer,18,7,146,56,,9026
1788,birth,grazer,29,14,237,113,,9027
1788,birth,grazer,31,19,248,154,,9028
1788,birth,grazer,11,28,88,224,,9029
1788,birth,grazer,2,5,23,43,,9030
1788,birth,grazer,25,27,203,222,,9031
1788,birth,grazer,0,8,0,67,,9032
1788,birth,grazer,18,10,151,85,,9033
1789,birth,grazer,4,5,35,47,,9034
1789,birth,grazer,0,5,0,46,,9035
1789,birth,grazer,7,14,58,113,,9036
1790,birth,grazer,7,26,63,209,,9037
1790,death,grazer,19,17,159,141,crowded,4894
1790,birth,grazer,26,8,215,71,,9038
1790,birth,grazer,28,26,231,208,,9039
1790,birth,grazer,27,17,217,140,,9040
1791,birth,grazer,9,15,77,127,,9041
1791,birth,grazer,26,8,215,71,,9042
1791,birth,grazer,10,20,82,165,,9043
1792,birth,grazer,23,11,190,93,,9044
1792,birth,grazer,25,4,207,37,,9045
1792,death,grazer,4,3,37,25,crowded,827
1792,birth,grazer,0,20,0,167,,9046
1792,birth,grazer,23,14,189,113,,9047
1792,birth,grazer,19,13,152,104,,9048
1793,birth,grazer,21,30,172,247,,9049
1793,birth,grazer,9,11,73,88,,9050
1793,birth,grazer,26,26,210,208,,9051
1793,birth,grazer,18,1,144,15,,9052
1794,death,grazer,5,2,41,23,crowded,987
1794,death,grazer,5,2,40,22,crowded,1945
1794,birth,grazer,21,28,168,228,,9053
1794,birth,grazer,22,27,182,218,,9054
1794,birth,grazer,16,4,128,32,,9055
1794,birth,grazer,14,12,112,102,,9056
1795,birth,grazer,14,22,112,179,,9057
1795,birth,grazer,22,12,183,103,,9058
1795,birth,grazer,18,8,151,66,,9059
1795,birth,grazer,6,28,48,224,,9060
1796,death,grazer,19,19,158,158,crowded,767
1796,birth,grazer,2,16,23,135,,9061
1796,birth,grazer,9,17,72,136,,9062
1796,birth,grazer,24,27,199,219,,9063
1796,birth,grazer,0,3,0,26,,9064
1796,death,grazer,24,10,196,87,crowded,8915
1797,birth,grazer,4,28,38,226,,9065
1797,birth,grazer,30,11,241,90,,9066
1797,birth,grazer,10,10,80,80,,9067
1798,birth,grazer,23,9,191,79,,9068
1798,birth,grazer,27,17,218,143,,9069
1798,birth,grazer,26,11,208,94,,9070
1798,birth,grazer,27,25,216,205,,9071
1798,death,grazer,2,25,16,204,crowded,5214
1798,birth,grazer,13,21,104,175,,9072
1798,birth,grazer,13,31,105,248,,9073
1798,birth,grazer,21,28,173,231,,9074
1799,birth,grazer,7,23,59,184,,9075
1799,birth,grazer,31,2,255,17,,9076
1799,death,grazer,18,3,146,29,crowded,6017
1799,death,grazer,2,27,16,217,crowded,8677
1800,birth,grazer,14,13,112,104,,9077
1800,birth,grazer,4,31,38,248,,9078
1800,birth,grazer,29,11,236,90,,9079
1800,birth,grazer,25,12,206,98,,9080
1800,birth,grazer,14,20,112,163,,9081
1800,birth,grazer,0,9,0,77,,9082
1800,birth,grazer,29,3,233,29,,9083
1800,birth,grazer,12,15,98,126,,9084
1800,birth,grazer,8,23,66,185,,9085
1800,birth,grazer,27,7,216,56,,9086
1800,birth,grazer,31,11,254,92,,9087
1800,birth,grazer,9,25,77,202,,9088
1800,death,grazer,2,27,22,220,crowded,8227
1800,germination,tree,29,16,232,132,,9089
1800,tree_death,tree,2,3,19,27,drought,3714
1800,tree_death,tree,14,27,118,223,drought,4026
1800,tree_death,tree,29,3,232,24,drought,4351
1800,tree_death,tree,24,22,193,182,drought,4354
1800,tree_death,tree,25,25,207,202,drought,4355
1800,tree_death,tree,28,8,226,66,drought,4356
1800,tree_death,tree,29,10,239,84,drought,4357
1800,tree_death,tree,7,3,57,29,drought,4724
1800,tree_death,tree,21,5,168,43,drought,4725
1801,death,grazer,19,18,159,151,crowded,376
1801,birth,grazer,28,14,228,112,,9090
1801,birth,grazer,18,8,148,67,,9091
1801,birth,grazer,14,21,114,171,,9092
1801,death,grazer,28,6,227,52,crowded,6961
1801,death,grazer,28,6,227,51,crowded,7899
1802,birth,grazer,10,8,85,68,,9093
1802,birth,grazer,13,13,105,104,,9094
1802,birth,grazer,1,26,15,210,,9095
1802,birth,grazer,25,14,204,112,,9096
1802,birth,grazer,22,31,177,251,,9097
1803,birth,grazer,0,1,0,11,,9098
1803,birth,grazer,27,8,223,71,,9099
1804,birth,grazer,20,18,164,151,,9100
1804,birth,grazer,25,6,206,55,,9101
1804,birth,grazer,21,24,168,192,,9102
1804,birth,grazer,13,31,105,248,,9103
1805,birth,grazer,22,28,176,224,,9104
1805,birth,grazer,4,28,33,224,,9105
1806,birth,grazer,31,21,250,168,,9106
1806,birth,grazer,28,6,229,55,,9107
1807,birth,grazer,9,27,78,220,,9108
1807,birth,grazer,11,31,95,248,,9109
1807,birth,grazer,10,21,83,170,,9110
1807,death,grazer,29,5,234,46,crowded,5295
1807,birth,grazer,10,9,87,76,,9111
1807,birth,grazer,29,27,236,221,,9112
1808,birth,grazer,22,14,183,112,,9113
1808,birth,grazer,28,26,231,208,,9114
1808,birth,grazer,0,10,0,82,,9115
1808,birth,grazer,0,10,0,85,,9116
1809,birth,grazer,26,13,215,105,,9117
1809,birth,grazer,17,2,143,23,,9118
1809,birth,grazer,16,2,129,21,,9119
1809,birth,grazer,14,18,113,145,,9120
1810,birth,grazer,8,5,70,40,,9121
1810,birth,grazer,19,5,155,41,,9122
1810,birth,grazer,10,12,83,97,,9123
1810,birth,grazer,13,13,111,104,,9124
1810,death,grazer,3,28,27,225,crowded,3578
1810,birth,grazer,0,5,0,43,,9125
1810,birth,grazer,2,28,16,225,,9126
1810,birth,grazer,20,20,167,167,,9127
1810,birth,grazer,15,27,120,216,,9128
1811,birth,grazer,2,28,16,224,,9129
1811,birth,grazer,4,28,33,225,,9130
1811,birth,grazer,11,18,90,145,,9131
1811,birth,grazer,24,22,197,176,,9132
1811,birth,grazer,10,8,83,64,,9133
1811,birth,grazer,26,14,209,116,,9134
1812,birth,grazer,6,12,52,103,,9135
1812,birth,grazer,10,11,83,92,,9136
1813,birth,grazer,11,3,89,31,,9137
1813,birth,grazer,19,1,152,15,,9138
1813,birth,grazer,30,16,240,128,,9139
1813,birth,grazer,23,27,185,216,,9140
1814,death,grazer,5,2,41,21,crowded,4610
1814,birth,grazer,15,28,125,226,,9141
1815,birth,grazer,22,11,176,89,,9142
1815,birth,grazer,4,28,39,224,,9143
1815,birth,grazer,6,1,54,15,,9144
1815,birth,grazer,20,10,165,83,,9145
1815,birth,grazer,7,28,60,226,,9146
1815,birth,grazer,7,26,62,211,,9147
1815,birth,grazer,2,12,23,99,,9148
1815,birth,grazer,29,12,232,98,,9149
1815,birth,grazer,28,27,231,223,,9150
1815,birth,grazer,4,1,33,15,,9151
1816,birth,grazer,19,22,155,177,,9152
1816,birth,grazer,9,2,73,21,,9153
1816,death,grazer,30,4,242,36,crowded,2550
1816,birth,grazer,11,28,88,226,,9154
1816,birth,grazer,16,7,132,56,,9155
1816,death,grazer,5,2,41,21,crowded,7311
1817,birth,grazer,14,13,112,104,,9156
1817,birth,grazer,25,14,200,112,,9157
1817,birth,grazer,23,6,189,53,,9158
1817,birth,grazer,8,24,68,192,,9159
1817,birth,grazer,28,26,231,208,,9160
1817,birth,grazer,6,14,54,114,,9161
1817,birth,hunter,22,25,176,200,,9162
1818,birth,grazer,19,13,154,104,,9163
1818,birth,grazer,16,7,128,56,,9164
1818,birth,grazer,20,13,166,105,,9165
1818,birth,grazer,21,27,171,220,,9166
1818,birth,grazer,10,22,85,181,,9167
1818,birth,grazer,2,5,23,42,,9168
1818,birth,grazer,10,1,83,15,,9169
1819,birth,grazer,19,1,152,15,,9170
1819,birth,grazer,9,14,72,116,,9171
1819,death,grazer,4,27,33,217,crowded,6307
1819,birth,grazer,10,19,84,155,,9172
1819,birth,grazer,3,27,24,216,,9173
1820,death,grazer,17,3,143,28,crowded,533
1820,death,grazer,2,25,16,203,crowded,2948
1820,birth,grazer,3,27,24,216,,9174
1820,birth,grazer,18,22,151,180,,9175
1821,birth,grazer,2,5,23,47,,9176
1821,birth,grazer,2,14,21,112,,9177
1821,birth,grazer,2,12,23,96,,9178
1821,birth,grazer,4,10,32,80,,9179
1821,birth,grazer,0,6,0,49,,9180
1821,birth,grazer,28,26,231,208,,9181
1822,birth,grazer,20,22,167,180,,9182
1822,birth,grazer,3,4,30,35,,9183
1822,birth,grazer,20,1,164,15,,9184
1822,birth,grazer,3,4,27,39,,9185
1822,birth,grazer,13,18,104,144,,9186
1822,birth,grazer,21,31,168,249,,9187
1823,birth,grazer,25,23,201,187,,9188
1823,birth,grazer,6,28,48,224,,9189
1823,birth,grazer,18,25,146,205,,9190
1823,birth,grazer,10,14,85,112,,9191
1823,birth,grazer,8,31,67,250,,9192
1823,birth,grazer,7,12,59,97,,9193
1823,birth,grazer,4,1,32,15,,9194
1823,birth,grazer,30,8,246,70,,9195
1824,birth,grazer,22,12,183,101,,9196
1824,birth,grazer,18,17,148,140,,9197
1824,birth,grazer,30,8,242,65,,9198
1824,birth,grazer,20,22,166,183,,9199
1824,death,grazer,19,20,154,164,crowded,4668
1824,birth,grazer,22,28,178,230,,9200
1824,birth,grazer,15,11,120,88,,9201
1824,birth,grazer,25,23,207,185,,9202
1824,death,grazer,5,3,41,28,crowded,7297
1825,birth,grazer,31,21,248,168,,9203
1825,birth,grazer,16,4,128,35,,9204
1825,birth,grazer,29,21,233,170,,9205
1825,birth,grazer,7,24,63,192,,9206
1825,birth,grazer,7,24,63,194,,9207
1825,birth,grazer,10,13,86,108,,9208
1825,birth,grazer,24,31,194,249,,9209
1826,birth,grazer,24,27,197,216,,9210
1826,death,grazer,5,2,42,17,crowded,1136
1826,birth,grazer,15,17,120,141,,9211
1826,birth,grazer,11,1,91,14,,9212
1826,birth,grazer,6,26,54,210,,9213
1827,birth,grazer,2,6,21,49,,9214
1827,birth,grazer,10,18,87,146,,9215
1827,birth,grazer,2,6,23,55,,9216
1827,birth,grazer,31,23,249,190,,9217
1827,birth,grazer,30,26,243,215,,9218
1827,death,grazer,5,26,41,213,crowded,6419
1828,birth,grazer,17,7,139,56,,9219
1828,birth,grazer,7,2,63,21,,9220
1828,birth,grazer,10,18,85,144,,9221
1828,birth,grazer,10,23,85,191,,9222
1828,birth,grazer,19,22,156,176,,9223
1828,death,grazer,2,5,20,47,crowded,6456
1828,birth,grazer,25,6,201,49,,9224
1828,death,grazer,20,24,166,195,eaten,3936
1829,death,grazer,7,1,60,14,crowded,3639
1829,birth,grazer,2,4,23,36,,9225
1829,death,grazer,30,4,247,33,crowded,6658
1829,birth,grazer,2,6,22,50,,9226
1830,birth,grazer,26,19,213,156,,9227
1830,birth,grazer,10,11,83,88,,9228
1830,birth,grazer,16,27,130,216,,9229
1830,death,grazer,20,24,166,195,eaten,8125
1831,birth,grazer,19,13,152,104,,9230
1831,birth,grazer,7,18,59,151,,9231
1831,birth,grazer,22,2,180,16,,9232
1831,birth,grazer,31,17,250,139,,9233
1831,birth,grazer,16,28,131,228,,9234
1831,birth,grazer,13,6,106,50,,9235
1831,birth,grazer,0,3,0,31,,9236
1832,birth,grazer,24,23,193,189,,9237
1832,birth,grazer,4,28,38,226,,9238
1832,birth,grazer,21,24,172,192,,9239
1832,birth,grazer,3,28,24,226,,9240
1832,birth,grazer,3,28,24,225,,9241
1832,birth,grazer,6,23,49,190,,9242
1832,death,grazer,17,3,143,30,crowded,8485
1833,birth,grazer,10,16,82,130,,9243
1833,birth,grazer,31,9,253,77,,9244
1833,birth,grazer,21,24,174,192,,9245
1833,birth,grazer,29,12,239,103,,9246
1833,birth,grazer,25,3,201,28,,9247
1833,birth,grazer,27,25,223,200,,9248
1833,birth,grazer,26,20,209,162,,9249
1834,birth,grazer,21,18,168,150,,9250
1834,birth,grazer,31,3,249,24,,9251
1834,birth,grazer,14,19,112,152,,9252
1834,birth,grazer,12,1,96,15,,9253
1834,birth,grazer,5,26,44,211,,9254
1834,birth,grazer,13,13,104,104,,9255
1834,birth,grazer,19,13,153,104,,9256
1835,birth,grazer,14,22,112,183,,9257
1835,birth,grazer,20,7,161,57,,9258
1835,birth,grazer,31,13,248,111,,9259
1835,birth,grazer,22,15,183,125,,9260
1835,birth,grazer,26,14,215,112,,9261
1835,birth,grazer,9,14,79,118,,9262
1835,birth,grazer,9,9,76,76,,9263
1835,birth,grazer,31,12,248,96,,9264
1835,birth,grazer,2,7,23,57,,9265
1835,birth,grazer,20,2,160,17,,9266
1835,birth,grazer,9,1,78,15,,9267
1836,birth,grazer,2,7,23,58,,9268
1836,birth,grazer,29,11,235,91,,9269
1836,birth,grazer,10,10,80,85,,9270
1836,birth,grazer,5,11,44,91,,9271
1837,birth,grazer,2,5,22,41,,9272
1837,birth,grazer,13,6,105,53,,9273
1837,birth,grazer,4,2,39,21,,9274
1837,birth,grazer,4,2,39,22,,9275
1837,birth,grazer,21,31,171,248,,9276
1837,birth,grazer,2,5,23,45,,9277
1837,birth,grazer,7,23,61,186,,9278
1838,birth,grazer,10,9,81,72,,9279
1838,birth,grazer,30,3,246,31,,9280
1838,birth,grazer,20,20,166,160,,9281
1838,birth,grazer,30,2,246,17,,9282
1838,birth,grazer,3,1,31,15,,9283
1838,birth,grazer,25,6,200,50,,9284
1838,birth,grazer,10,9,84,79,,9285
1838,birth,grazer,29,27,239,216,,9286
1838,death,grazer,7,2,57,16,crowded,7232
1838,death,grazer,11,15,90,126,eaten,892
1839,birth,grazer,31,21,248,168,,9287
1839,death,grazer,17,3,143,26,crowded,5936
1839,death,grazer,31,2,249,23,eaten,3848
1840,death,grazer,6,25,54,200,crowded,1501
1840,birth,grazer,31,13,248,107,,9288
1840,birth,grazer,13,17,109,141,,9289
1840,birth,grazer,31,11,250,95,,9290
1841,birth,grazer,7,22,61,183,,9291
1841,birth,grazer,29,3,235,31,,9292
1841,birth,grazer,10,19,80,156,,9293
1841,birth,grazer,29,3,234,31,,9294
1841,birth,grazer,30,11,247,94,,9295
1841,birth,grazer,10,19,80,152,,9296
1841,birth,grazer,28,13,231,110,,9297
1841,birth,grazer,16,7,131,56,,9298
1841,birth,grazer,30,21,241,168,,9299
1841,birth,grazer,9,12,77,102,,9300
1841,death,grazer,2,6,20,54,crowded,7900
1842,birth,grazer,9,12,75,102,,9301
1842,death,grazer,19,20,159,160,crowded,6221
1842,birth,grazer,16,2,128,21,,9302
1842,death,grazer,7,24,56,198,crowded,8226
1843,birth,grazer,31,3,248,29,,9303
1843,birth,grazer,6,25,52,207,,9304
1843,birth,grazer,26,24,215,194,,9305
1843,birth,grazer,7,1,56,15,,9306
1843,birth,grazer,8,9,70,72,,9307
1843,death,grazer,7,24,57,197,crowded,4616
1843,birth,grazer,2,8,23,66,,9308
1843,birth,grazer,26,3,215,26,,9309
1843,birth,grazer,31,3,248,31,,9310
1844,birth,grazer,11,1,93,15,,9311
1844,birth,grazer,7,21,59,168,,9312
1844,birth,grazer,3,28,24,224,,9313
1844,birth,grazer,7,21,56,174,,9314
1844,birth,grazer,18,22,148,177,,9315
1844,birth,grazer,15,23,120,191,,9316
1845,birth,grazer,20,20,167,167,,9317
1845,death,grazer,7,24,62,192,crowded,2611
1845,birth,grazer,2,6,23,55,,9318
1845,birth,grazer,7,13,63,106,,9319
1845,birth,grazer,9,14,72,114,,9320
1845,birth,grazer,31,25,248,207,,9321
1846,birth,grazer,27,25,219,204,,9322
1846,birth,grazer,11,15,94,121,,9323
1846,birth,grazer,12,0,96,1,,9324
1846,birth,grazer,20,22,167,177,,9325
1846,birth,grazer,30,10,241,83,,9326
1846,birth,grazer,7,3,57,30,,9327
1846,birth,grazer,24,30,192,245,,9328
1846,birth,grazer,6,25,48,200,,9329
1846,birth,grazer,14,13,112,104,,9330
1847,birth,grazer,2,22,21,177,,9331
1847,birth,grazer,22,31,180,251,,9332
1847,death,grazer,7,24,63,192,crowded,5138
1847,birth,grazer,31,8,248,67,,9333
1847,birth,grazer,2,6,23,54,,9334
1847,death,grazer,7,24,61,193,crowded,7075
1847,birth,grazer,0,3,0,27,,9335
1847,death,grazer,30,0,246,0,eaten,553
1848,birth,grazer,3,0,31,0,,9336
1848,birth,grazer,30,16,246,130,,9337
1848,birth,grazer,20,19,162,158,,9338
1848,birth,grazer,2,12,19,96,,9339
1848,birth,grazer,31,19,249,153,,9340
1848,birth,grazer,10,2,87,21,,9341
1848,birth,grazer,13,13,105,104,,9342
1848,birth,grazer,15,4,124,37,,9343
1848,birth,grazer,0,3,0,28,,9344
1848,death,grazer,2,10,19,80,crowded,8736
1849,birth,grazer,4,3,32,31,,9345
1849,birth,grazer,31,5,252,47,,9346
1849,birth,grazer,31,5,252,47,,9347
1849,birth,grazer,3,25,25,201,,9348
1849,birth,grazer,12,15,96,127,,9349
1849,birth,grazer,31,10,250,87,,9350
1849,birth,grazer,18,11,148,94,,9351
1850,birth,grazer,0,7,0,60,,9352
1850,birth,grazer,17,7,136,56,,9353
1850,birth,grazer,31,2,248,18,,9354
1850,birth,grazer,11,23,88,190,,9355
1850,birth,grazer,17,7,136,56,,9356
1850,birth,grazer,5,28,41,225,,9357
1850,germination,tree,28,25,225,202,,9358
1850,germination,tree,22,6,182,50,,9359
1850,tree_death,tree,28,20,226,165,drought,4723
1851,birth,grazer,2,9,22,73,,9360
1851,birth,grazer,31,14,248,113,,9361
1851,birth,grazer,10,20,84,165,,9362
1851,birth,grazer,31,5,248,40,,9363
1851,birth,grazer,2,9,23,72,,9364
1851,birth,grazer,7,24,61,199,,9365
1851,birth,grazer,29,13,236,109,,9366
1852,birth,grazer,3,1,31,15,,9367
1852,birth,grazer,8,20,64,163,,9368
1852,birth,grazer,4,1,32,15,,9369
1853,birth,grazer,7,2,63,22,,9370
1853,birth,grazer,8,20,66,162,,9371
1853,birth,grazer,0,2,0,18,,9372
1853,birth,grazer,13,26,109,214,,9373
1853,birth,grazer,2,7,23,63,,9374
1854,birth,grazer,2,7,23,58,,9375
1854,birth,grazer,7,1,61,15,,9376
1854,birth,grazer,7,12,56,96,,9377
1854,birth,grazer,31,11,253,93,,9378
1854,birth,hunter,7,2,57,17,,9379
1855,birth,grazer,31,6,248,55,,9380
1855,birth,grazer,7,2,62,23,,9381
1855,death,grazer,8,23,69,187,crowded,1621
1855,birth,grazer,7,23,62,186,,9382
1855,birth,grazer,18,8,146,64,,9383
1855,birth,grazer,31,6,249,54,,9384
1855,birth,grazer,1,25,15,203,,9385
1856,birth,grazer,18,3,145,25,,9386
1856,birth,grazer,2,2,22,22,,9387
1856,birth,grazer,2,4,21,32,,9388
1856,birth,grazer,24,13,193,105,,9389
1856,birth,grazer,24,13,193,105,,9390
1856,birth,grazer,9,11,79,89,,9391
1856,birth,grazer,3,28,24,225,,9392
1856,birth,grazer,8,14,64,112,,9393
1857,birth,grazer,11,1,91,14,,9394
1857,birth,grazer,12,6,96,52,,9395
1857,birth,grazer,22,14,183,115,,9396
1857,birth,grazer,16,7,131,56,,9397
1857,birth,grazer,9,20,76,164,,9398
1857,birth,grazer,8,14,71,115,,9399
1858,birth,grazer,29,3,239,24,,9400
1858,death,grazer,2,8,19,71,crowded,3097
1858,birth,grazer,29,3,239,27,,9401
1858,death,grazer,19,20,154,160,crowded,3904
1858,birth,grazer,20,22,163,180,,9402
1858,birth,grazer,6,14,50,116,,9403
1858,birth,grazer,9,20,74,166,,9404
1858,birth,grazer,9,13,79,111,,9405
1858,birth,grazer,0,5,0,45,,9406
1859,birth,grazer,2,10,23,81,,9407
1859,birth,grazer,17,0,138,0,,9408
1859,birth,grazer,19,0,157,0,,9409
1859,birth,grazer,18,0,148,0,,9410
1859,birth,grazer,2,10,23,84,,9411
1859,birth,grazer,18,8,151,68,,9412
1859,birth,grazer,20,0,160,0,,9413
1859,birth,grazer,20,0,163,0,,9414
1859,birth,grazer,28,6,225,53,,9415
1859,birth,grazer,18,8,151,68,,9416
1859,birth,grazer,18,0,149,0,,9417
1860,birth,grazer,8,23,71,190,,9418
1860,birth,grazer,29,11,238,88,,9419
1860,birth,grazer,9,25,72,200,,9420
1860,birth,grazer,9,25,77,207,,9421
1860,birth,grazer,28,13,228,105,,9422
1860,birth,grazer,0,17,0,143,,9423
1861,birth,grazer,9,19,73,154,,9424
1861,birth,grazer,0,6,0,49,,9425
1861,death,grazer,9,22,76,179,crowded,2519
1861,birth,grazer,18,26,150,215,,9426
1861,birth,grazer,6,28,48,224,,9427
1861,birth,grazer,2,8,22,67,,9428
1861,birth,grazer,20,20,167,167,,9429
1861,birth,grazer,13,31,104,248,,9430
1861,birth,grazer,8,23,71,191,,9431
1861,birth,grazer,24,31,195,249,,9432
1861,death,grazer,2,11,20,94,crowded,7091
1862,birth,grazer,3,14,30,114,,9433
1862,birth,grazer,0,20,0,167,,9434
1862,birth,grazer,22,12,183,101,,9435
1862,birth,grazer,28,14,230,117,,9436
1862,birth,grazer,30,17,247,141,,9437
1862,death,grazer,5,2,45,21,crowded,7069
1863,birth,grazer,0,17,0,143,,9438
1863,birth,grazer,6,2,55,23,,9439
1863,death,grazer,9,22,77,179,crowded,3175
1863,birth,grazer,30,13,240,104,,9440
1863,birth,grazer,10,12,85,99,,9441
1863,birth,grazer,7,26,58,213,,9442
1863,birth,grazer,31,6,248,54,,9443
1863,birth,grazer,7,26,61,211,,9444
1863,birth,grazer,31,13,248,104,,9445
1863,birth,grazer,21,13,175,107,,9446
1864,birth,grazer,25,14,206,112,,9447
1864,birth,grazer,18,8,151,70,,9448
1864,birth,grazer,14,2,114,22,,9449
1864,birth,grazer,14,21,112,172,,9450
1864,death,grazer,9,22,78,178,crowded,5914
1864,birth,grazer,6,2,55,23,,9451
1864,birth,grazer,14,2,119,23,,9452
1864,birth,grazer,3,18,27,150,,9453
1864,birth,grazer,25,14,200,115,,9454
1865,birth,grazer,31,9,248,79,,9455
1865,birth,grazer,30,21,242,169,,9456
1865,birth,grazer,31,12,248,96,,9457
1866,birth,grazer,10,19,83,159,,9458
1866,birth,grazer,2,0,20,0,,9459
1866,birth,grazer,18,10,151,85,,9460
1867,birth,grazer,9,22,74,183,,9461
1867,birth,grazer,2,11,23,92,,9462
1867,birth,grazer,10,4,81,39,,9463
1867,death,grazer,29,7,238,62,eaten,5349
1868,birth,grazer,28,27,229,217,,9464
1868,birth,grazer,24,25,199,202,,9465
1868,birth,grazer,14,12,113,103,,9466
1868,birth,grazer,20,20,167,167,,9467
1868,death,grazer,10,21,83,172,crowded,7441
1869,birth,grazer,10,9,80,72,,9468
1869,death,grazer,2,10,20,84,crowded,524
1869,birth,grazer,2,9,23,72,,9469
1869,birth,grazer,2,9,23,75,,9470
1869,birth,grazer,31,20,248,165,,9471
1869,death,grazer,20,23,160,189,eaten,1285
1869,death,grazer,19,23,156,186,eaten,573
1870,birth,grazer,30,0,247,0,,9472
1870,birth,grazer,8,12,65,100,,9473
1870,birth,grazer,24,30,193,247,,9474
1870,death,grazer,10,21,84,172,crowded,5275
1870,birth,grazer,25,4,204,38,,9475
1870,birth,grazer,31,25,250,201,,9476
1870,death,grazer,31,0,251,0,eaten,2227
1871,birth,grazer,7,28,59,226,,9477
1871,birth,grazer,31,3,251,31,,9478
1871,birth,grazer,16,3,130,27,,9479
1871,birth,grazer,9,24,74,192,,9480
1871,birth,grazer,11,28,93,225,,9481
1871,birth,grazer,30,8,241,67,,9482
1871,birth,grazer,5,2,40,23,,9483
1871,birth,grazer,3,28,24,224,,9484
1871,birth,grazer,11,28,90,225,,9485
1871,death,grazer,4,2,33,23,crowded,7662
1871,death,grazer,5,2,40,22,eaten,4715
1871,storm,,0,0,,,,0.1223 0.0343 0.0002
1872,birth,grazer,3,28,25,224,,9486
1872,birth,grazer,20,23,160,189,,9487
1872,birth,grazer,31,28,251,224,,9488
1872,birth,grazer,10,2,85,23,,9489
1872,birth,grazer,5,2,47,21,,9490
1873,birth,grazer,10,19,80,152,,9491
1873,birth,grazer,11,4,88,32,,9492
1873,birth,grazer,2,0,18,0,,9493
1873,birth,grazer,4,28,37,226,,9494
1873,death,grazer,11,17,91,142,crowded,6302
1873,birth,grazer,12,1,96,15,,9495
1873,death,grazer,2,12,20,102,eaten,818
1874,birth,grazer,28,18,224,144,,9496
1874,birth,grazer,11,18,95,144,,9497
1874,birth,grazer,14,13,112,104,,9498
1874,birth,grazer,27,25,223,200,,9499
1874,birth,grazer,13,13,104,104,,9500
1874,birth,grazer,0,17,0,143,,9501
1874,birth,grazer,0,20,0,161,,9502
1874,birth,grazer,16,2,128,22,,9503
1874,death,grazer,4,2,35,21,crowded,9220
1875,birth,grazer,10,21,80,171,,9504
1875,birth,grazer,10,21,81,169,,9505
1875,birth,grazer,9,3,72,30,,9506
1875,death,grazer,29,7,236,62,crowded,6982
1875,birth,grazer,17,7,137,56,,9507
1876,death,grazer,19,20,153,167,crowded,2102
1876,birth,grazer,9,3,72,28,,9508
1876,death,grazer,28,11,227,91,crowded,3561
1876,birth,grazer,13,19,105,153,,9509
1876,birth,grazer,11,18,95,144,,9510
1876,birth,grazer,31,0,248,0,,9511
1876,birth,grazer,20,0,161,0,,9512
1877,birth,grazer,2,10,23,80,,9513
1877,death,grazer,13,9,104,78,crowded,2901
1877,birth,grazer,10,2,80,21,,9514
1877,death,grazer,11,20,91,163,crowded,5974
1877,birth,grazer,22,10,180,81,,9515
1878,birth,grazer,31,4,248,33,,9516
1878,birth,grazer,13,21,104,175,,9517
1878,birth,grazer,15,18,120,144,,9518
1878,birth,grazer,0,18,0,149,,9519
1879,birth,grazer,11,25,88,206,,9520
1879,birth,grazer,11,2,90,23,,9521
1879,birth,grazer,10,8,80,64,,9522
1879,birth,grazer,20,19,165,152,,9523
1879,birth,grazer,29,11,239,92,,9524
1880,birth,grazer,29,12,232,96,,9525
1880,birth,grazer,16,7,128,56,,9526
1880,birth,grazer,12,4,96,32,,9527
1880,birth,grazer,24,27,195,218,,9528
1880,death,grazer,8,2,65,22,crowded,7073
1880,birth,grazer,31,1,255,13,,9529
1880,ignition,,16,28,,,,
1881,death,grazer,11,20,89,161,crowded,1186
1881,birth,grazer,27,27,221,222,,9530
1881,birth,grazer,0,10,0,80,,9531
1882,birth,grazer,27,13,218,104,,9532
1882,birth,grazer,25,23,206,185,,9533
1882,birth,grazer,14,7,117,59,,9534
1882,birth,grazer,14,13,112,104,,9535
1882,birth,grazer,16,28,134,230,,9536
1882,birth,grazer,6,28,52,226,,9537
1882,birth,grazer,7,12,63,101,,9538
1882,birth,grazer,30,30,247,247,,9539
1882,birth,grazer,26,31,215,248,,9540
1883,birth,grazer,31,31,248,248,,9541
1883,birth,grazer,10,17,83,141,,9542
1883,death,grazer,7,2,61,21,crowded,1511
1883,birth,grazer,28,11,224,92,,9543
1883,birth,grazer,9,5,79,47,,9544
1883,birth,grazer,28,11,231,89,,9545
1883,birth,grazer,29,22,233,182,,9546
1883,birth,grazer,5,28,40,224,,9547
1883,birth,grazer,28,31,227,249,,9548
1883,birth,grazer,10,22,83,176,,9549
1883,birth,grazer,8,2,64,21,,9550
1883,birth,grazer,26,30,215,247,,9551
1883,birth,grazer,31,30,248,246,,9552
1883,birth,grazer,27,31,217,248,,9553
1883,burnout,,16,28,,,,
1884,birth,grazer,12,16,96,132,,9554
1884,birth,grazer,28,10,226,82,,9555
1884,birth,grazer,16,26,129,211,,9556
1884,birth,grazer,12,28,100,225,,9557
1884,birth,grazer,0,9,0,74,,9558
1884,birth,grazer,26,31,215,248,,9559
1884,birth,grazer,28,31,225,249,,9560
1884,birth,grazer,31,30,249,247,,9561
1884,birth,grazer,27,28,219,225,,9562
1884,birth,grazer,7,9,63,75,,9563
1885,birth,grazer,10,3,85,31,,9564
1885,birth,grazer,30,14,240,112,,9565
1885,birth,grazer,1,30,8,247,,9566
1885,birth,grazer,31,31,250,248,,9567
1885,birth,grazer,20,18,166,151,,9568
1885,birth,grazer,24,14,196,117,,9569
1885,birth,grazer,1,25,15,203,,9570
1885,birth,grazer,30,30,244,246,,9571
1885,death,grazer,2,12,20,97,crowded,9019
1886,birth,grazer,28,6,225,53,,9572
1886,birth,grazer,12,19,99,155,,9573
1886,birth,grazer,17,7,136,56,,9574
1886,birth,grazer,18,0,146,0,,9575
1886,birth,grazer,0,19,0,159,,9576
1886,birth,grazer,29,31,233,249,,9577
1887,birth,grazer,28,30,224,246,,9578
1887,birth,grazer,11,18,95,144,,9579
1887,birth,grazer,17,4,143,36,,9580
1887,birth,grazer,29,3,232,25,,9581
1888,birth,grazer,29,3,234,31,,9582
1888,birth,grazer,12,15,96,121,,9583
1888,death,grazer,7,2,58,22,crowded,1895
1888,birth,grazer,22,14,182,112,,9584
1888,birth,grazer,3,28,31,224,,9585
1888,birth,grazer,28,26,231,208,,9586
1888,birth,grazer,9,13,75,104,,9587
1888,birth,grazer,10,15,87,125,,9588
1888,birth,grazer,9,21,78,168,,9589
1888,death,grazer,4,2,34,22,crowded,6175
1888,death,grazer,4,2,35,16,crowded,7753
1888,death,grazer,4,2,36,22,crowded,8355
1889,birth,grazer,18,27,148,216,,9590
1889,birth,grazer,1,25,15,203,,9591
1889,birth,grazer,28,12,225,97,,9592
1889,birth,grazer,8,2,69,23,,9593
1889,birth,grazer,16,28,135,230,,9594
1889,birth,grazer,17,2,143,23,,9595
1889,birth,grazer,28,13,224,104,,9596
1889,birth,grazer,27,10,223,81,,9597
1889,birth,grazer,10,15,87,126,,9598
1889,birth,grazer,1,0,15,0,,9599
1889,birth,grazer,29,30,239,247,,9600
1890,birth,grazer,31,21,248,168,,9601
1890,death,grazer,4,2,38,22,crowded,1970
1890,birth,grazer,28,17,230,139,,9602
1890,birth,grazer,23,21,186,169,,9603
1890,birth,grazer,31,23,250,190,,9604
1890,birth,grazer,17,0,138,0,,9605
1890,birth,grazer,4,1,32,15,,9606
1890,birth,grazer,4,1,32,15,,9607
1890,death,grazer,10,18,80,151,crowded,8266
1890,storm,,0,0,,,,14.7210 5.4355 3.1488
1891,birth,grazer,22,11,178,94,,9608
1891,birth,grazer,2,7,21,57,,9609
1891,birth,grazer,27,10,221,80,,9610
1891,birth,grazer,28,10,226,80,,9611
1891,birth,grazer,31,2,248,23,,9612
1891,death,grazer,2,12,20,102,crowded,7361
1892,death,grazer,6,2,54,22,crowded,2156
1892,death,grazer,9,15,77,125,crowded,4184
1892,birth,grazer,30,31,241,249,,9613
1893,birth,grazer,23,27,185,223,,9614
1893,birth,grazer,7,2,61,23,,9615
1893,birth,grazer,26,14,208,112,,9616
1893,birth,grazer,8,14,64,114,,9617
1893,birth,grazer,15,0,124,2,,9618
1893,death,grazer,27,16,216,129,crowded,6619
1893,birth,grazer,31,13,251,108,,9619
1893,birth,grazer,4,0,32,0,,9620
1893,birth,grazer,10,18,82,145,,9621
1893,birth,grazer,15,0,123,2,,9622
1893,death,grazer,9,15,77,125,eaten,114
1894,death,grazer,9,18,76,148,crowded,3647
1894,birth,grazer,2,11,22,89,,9623
1894,birth,grazer,10,19,80,159,,9624
1894,death,grazer,6,2,49,21,crowded,4638
1894,death,grazer,6,2,51,22,crowded,5903
1894,death,grazer,9,18,76,146,crowded,7301
1894,birth,grazer,9,11,79,91,,9625
1894,birth,grazer,17,0,137,0,,9626
1894,death,grazer,2,12,20,102,eaten,538
1895,death,grazer,6,2,50,21,crowded,2257
1895,birth,grazer,20,20,161,160,,9627
1895,birth,grazer,7,23,56,186,,9628
1896,birth,grazer,21,25,169,205,,9629
1896,birth,grazer,2,20,23,163,,9630
1896,birth,grazer,29,31,234,249,,9631
1896,birth,grazer,20,19,167,155,,9632
1896,death,grazer,9,18,74,146,crowded,3854
1896,birth,grazer,26,31,215,248,,9633
1896,birth,grazer,28,27,227,221,,9634
1896,birth,grazer,29,12,239,100,,9635
1897,birth,grazer,29,11,237,89,,9636
1897,birth,grazer,5,3,45,29,,9637
1897,birth,grazer,8,14,67,112,,9638
1897,birth,grazer,20,4,166,34,,9639
1897,birth,grazer,20,26,164,215,,9640
1897,birth,grazer,27,25,223,200,,9641
1897,birth,grazer,6,27,51,216,,9642
1897,death,grazer,25,8,207,69,crowded,8449
1897,death,grazer,25,8,206,70,crowded,9440
1898,death,grazer,2,12,23,98,crowded,1838
1898,birth,grazer,26,9,215,74,,9643
1898,birth,grazer,10,11,85,93,,9644
1898,birth,grazer,26,13,208,111,,9645
1898,birth,grazer,22,18,178,144,,9646
1898,birth,grazer,24,13,196,104,,9647
1898,birth,grazer,27,31,223,249,,9648
1898,birth,grazer,28,31,227,248,,9649
1899,birth,grazer,11,4,94,39,,9650
1899,birth,grazer,11,4,89,39,,9651
1899,birth,grazer,11,2,93,23,,9652
1899,birth,grazer,7,2,56,23,,9653
1899,birth,grazer,28,4,231,38,,9654
1900,birth,grazer,28,4,224,32,,9655
1900,birth,grazer,9,18,73,151,,9656
1900,birth,grazer,10,15,83,127,,9657
1900,birth,grazer,3,1,28,15,,9658
1900,birth,grazer,28,14,227,118,,9659
1900,birth,grazer,31,28,250,224,,9660
1900,death,grazer,8,17,70,142,crowded,5158
1900,birth,grazer,11,18,95,144,,9661
1900,tree_death,tree,17,31,140,251,drought,2468
1901,death,grazer,4,2,39,21,crowded,829
1901,birth,grazer,6,2,48,16,,9662
1901,birth,grazer,27,26,216,213,,9663
1901,birth,grazer,3,28,31,224,,9664
1901,birth,grazer,9,18,74,151,,9665
1901,birth,grazer,31,2,248,17,,9666
1901,birth,grazer,31,21,248,168,,9667
1901,death,grazer,8,17,69,139,crowded,3783
1901,birth,grazer,0,17,0,143,,9668
1901,birth,grazer,28,26,224,209,,9669
1901,birth,grazer,26,27,209,216,,9670
1901,birth,grazer,19,22,157,178,,9671
1901,birth,grazer,10,20,80,164,,9672
1901,birth,grazer,17,23,136,191,,9673
1901,birth,grazer,8,1,69,15,,9674
1902,birth,grazer,9,19,72,152,,9675
1902,birth,grazer,4,31,33,252,,9676
1902,birth,grazer,26,9,214,75,,9677
1902,birth,grazer,29,4,234,32,,9678
1902,birth,grazer,10,4,81,33,,9679
1903,birth,grazer,29,4,232,39,,9680
1903,birth,grazer,3,25,27,204,,9681
1903,birth,grazer,19,5,154,45,,9682
1903,death,grazer,5,2,44,23,crowded,2455
1903,birth,grazer,7,1,58,15,,9683
1903,birth,grazer,29,22,233,179,,9684
1903,birth,grazer,31,31,248,249,,9685
1903,birth,grazer,10,1,87,14,,9686
1903,birth,grazer,28,13,224,104,,9687
1903,birth,grazer,19,5,152,46,,9688
1903,death,grazer,9,15,76,125,crowded,7345
1903,birth,grazer,13,4,109,33,,9689
1903,death,grazer,6,2,50,16,crowded,8945
1903,death,grazer,29,3,234,31,eaten,2260
1904,death,grazer,5,2,44,21,crowded,4950
1904,birth,grazer,14,2,112,23,,9690
1904,death,grazer,19,20,153,167,crowded,7290
1904,birth,grazer,31,25,248,207,,9691
1904,birth,grazer,0,19,0,158,,9692
1904,birth,grazer,10,1,83,15,,9693
1905,birth,grazer,7,25,56,200,,9694
1905,birth,grazer,16,5,130,41,,9695
1905,birth,grazer,29,7,234,63,,9696
1905,birth,grazer,14,21,112,170,,9697
1905,birth,grazer,30,10,240,84,,9698
1905,birth,grazer,26,31,215,248,,9699
1905,death,grazer,29,3,235,30,eaten,274
1906,birth,grazer,29,4,235,38,,9700
1906,birth,grazer,16,25,130,205,,9701
1906,birth,grazer,14,13,112,104,,9702
1906,birth,grazer,13,13,104,104,,9703
1906,death,grazer,5,2,42,22,crowded,990
1906,birth,grazer,26,5,211,41,,9704
1906,birth,grazer,25,8,200,69,,9705
1906,birth,grazer,10,4,80,32,,9706
1906,birth,grazer,6,1,53,15,,9707
1906,birth,grazer,25,8,200,70,,9708
1906,birth,grazer,8,18,69,151,,9709
1906,birth,grazer,26,30,214,246,,9710
1906,death,grazer,4,2,36,16,crowded,6004
1906,birth,grazer,6,27,52,223,,9711
1906,birth,grazer,30,31,247,250,,9712
1906,birth,grazer,26,30,215,246,,9713
1906,death,grazer,9,5,77,46,crowded,7764
1907,birth,grazer,10,5,84,46,,9714
1907,birth,grazer,10,15,80,125,,9715
1907,birth,grazer,25,23,207,185,,9716
1907,birth,grazer,10,13,80,104,,9717
1907,birth,grazer,30,11,240,88,,9718
1907,birth,grazer,31,30,248,247,,9719
1908,birth,grazer,12,2,96,21,,9720
1908,death,grazer,9,15,77,126,crowded,4494
1908,birth,grazer,18,19,150,156,,9721
1908,birth,grazer,16,28,132,228,,9722
1908,birth,grazer,3,27,24,216,,9723
1908,birth,grazer,12,4,98,33,,9724
1908,birth,grazer,8,11,69,89,,9725
1908,birth,grazer,3,27,28,216,,9726
1909,death,grazer,4,2,38,21,crowded,910
1909,birth,grazer,12,4,100,32,,9727
1909,birth,grazer,11,23,89,191,,9728
1909,birth,grazer,3,28,29,225,,9729
1909,death,grazer,7,16,61,131,crowded,4628
1909,birth,grazer,16,7,128,56,,9730
1909,birth,grazer,26,26,212,210,,9731
1909,death,grazer,4,2,38,21,crowded,8016
1910,birth,grazer,22,15,183,125,,9732
1910,birth,grazer,9,5,75,43,,9733
1910,birth,grazer,29,11,235,94,,9734
1910,birth,grazer,10,15,80,125,,9735
1910,birth,grazer,27,12,222,103,,9736
1910,birth,grazer,15,12,121,97,,9737
1910,birth,grazer,6,2,55,23,,9738
1910,death,grazer,4,2,37,22,crowded,6036
1910,birth,grazer,12,20,103,160,,9739
1910,death,grazer,3,12,30,102,crowded,6898
1910,birth,grazer,9,5,73,44,,9740
1910,birth,grazer,6,2,49,23,,9741
1911,birth,grazer,31,30,249,247,,9742
1911,birth,grazer,16,25,129,206,,9743
1911,death,grazer,4,2,37,21,crowded,5112
1911,birth,grazer,15,4,120,37,,9744
1911,birth,grazer,15,2,125,22,,9745
1911,birth,grazer,14,13,113,104,,9746
1912,birth,grazer,8,8,66,67,,9747
1912,birth,grazer,28,11,226,90,,9748
1912,birth,grazer,29,3,234,31,,9749
1912,birth,grazer,11,18,88,144,,9750
1912,birth,grazer,28,30,230,247,,9751
1912,birth,grazer,21,22,170,176,,9752
1912,birth,grazer,2,22,21,179,,9753
1912,death,grazer,31,9,255,76,eaten,1150
1913,birth,grazer,26,14,209,115,,9754
1913,death,grazer,26,6,209,54,crowded,4262
1913,birth,grazer,17,4,140,38,,9755
1914,birth,grazer,12,3,98,25,,9756
1914,birth,grazer,31,28,250,224,,9757
1914,birth,grazer,10,19,87,154,,9758
1914,birth,grazer,9,22,74,182,,9759
1914,birth,grazer,3,1,26,15,,9760
1914,birth,grazer,26,31,215,248,,9761
1914,birth,grazer,31,8,248,67,,9762
1915,birth,grazer,18,12,151,96,,9763
1915,birth,grazer,19,7,155,58,,9764
1916,birth,grazer,28,31,227,249,,9765
1916,birth,grazer,12,2,100,23,,9766
1916,birth,grazer,25,6,202,50,,9767
1916,death,grazer,8,7,68,56,crowded,5105
1916,birth,grazer,25,6,200,49,,9768
1916,birth,grazer,21,22,168,176,,9769
1916,birth,grazer,4,1,34,15,,9770
1916,birth,grazer,6,1,48,15,,9771
1916,birth,grazer,11,4,93,37,,9772
1917,death,grazer,6,15,53,125,crowded,81
1917,death,grazer,6,15,53,125,crowded,338
1917,birth,grazer,9,6,77,55,,9773
1917,birth,grazer,12,5,98,47,,9774
1917,birth,grazer,10,20,82,164,,9775
1917,birth,grazer,5,2,40,17,,9776
1917,birth,grazer,24,25,196,204,,9777
1917,birth,grazer,21,22,175,176,,9778
1917,birth,grazer,10,23,84,190,,9779
1917,death,grazer,20,24,166,195,eaten,3492
1918,death,grazer,6,15,49,125,crowded,3151
1918,birth,grazer,17,26,141,210,,9780
1918,death,grazer,6,15,52,125,crowded,3924
1918,birth,grazer,16,2,128,23,,9781
1918,birth,grazer,30,14,241,112,,9782
1919,birth,grazer,21,22,175,176,,9783
1919,birth,grazer,7,2,57,21,,9784
1919,birth,grazer,2,11,23,94,,9785
1919,birth,grazer,6,28,55,224,,9786
1919,birth,grazer,12,3,100,28,,9787
1919,birth,grazer,6,28,50,227,,9788
1919,birth,grazer,0,7,0,63,,9789
1919,death,grazer,3,2,31,21,eaten,295
1920,birth,grazer,11,28,95,225,,9790
1920,birth,grazer,2,11,22,95,,9791
1920,birth,grazer,21,21,174,174,,9792
1920,birth,grazer,20,19,162,155,,9793
1920,death,grazer,6,15,50,126,crowded,5283
1920,death,grazer,6,15,48,126,crowded,6241
1920,birth,grazer,27,31,216,248,,9794
1921,death,grazer,6,15,49,125,crowded,2880
1921,birth,grazer,29,31,234,248,,9795
1921,birth,grazer,31,2,248,23,,9796
1921,death,grazer,3,2,31,21,crowded,4576
1921,birth,grazer,7,1,56,15,,9797
1921,birth,grazer,10,4,80,32,,9798
1921,birth,grazer,24,30,193,246,,9799
1922,birth,grazer,12,0,99,2,,9800
1922,birth,grazer,30,25,243,201,,9801
1922,birth,grazer,21,31,168,248,,9802
1922,birth,grazer,27,26,216,210,,9803
1922,birth,grazer,17,0,136,0,,9804
1922,death,grazer,3,2,31,21,crowded,6292
1922,birth,grazer,13,20,107,165,,9805
1922,birth,grazer,22,13,183,104,,9806
1922,birth,grazer,6,1,48,15,,9807
1923,birth,grazer,26,6,212,53,,9808
1923,birth,grazer,2,12,22,99,,9809
1923,birth,grazer,10,12,83,100,,9810
1923,birth,grazer,8,2,64,23,,9811
1923,death,grazer,7,7,59,63,crowded,4630
1923,birth,grazer,26,6,213,54,,9812
1923,birth,grazer,23,28,185,224,,9813
1923,birth,grazer,8,2,65,22,,9814
1923,birth,grazer,21,24,174,195,,9815
1923,birth,grazer,27,27,216,220,,9816
1924,birth,grazer,6,15,55,125,,9817
1924,birth,grazer,6,20,54,166,,9818
1924,death,grazer,3,12,31,97,crowded,1465
1924,birth,grazer,18,11,148,88,,9819
1924,birth,grazer,6,15,54,126,,9820
1924,birth,grazer,7,2,57,22,,9821
1924,death,grazer,3,2,31,21,crowded,3658
1924,death,grazer,27,5,222,41,crowded,3730
1924,birth,grazer,13,13,105,104,,9822
1924,death,grazer,5,15,46,126,crowded,6487
1924,birth,grazer,0,21,0,174,,9823
1924,death,grazer,3,2,31,21,crowded,8864
1925,death,grazer,27,5,219,44,crowded,1101
1925,birth,grazer,26,5,208,40,,9824
1925,birth,grazer,30,13,241,111,,9825
1925,death,grazer,27,5,220,43,crowded,5446
1925,death,grazer,3,2,31,21,crowded,6514
1926,birth,grazer,0,6,0,49,,9826
1926,birth,grazer,11,9,93,74,,9827
1926,birth,grazer,7,7,60,56,,9828
1926,birth,grazer,20,28,162,228,,9829
1926,birth,grazer,3,27,24,216,,9830
1926,death,grazer,27,5,220,43,crowded,3127
1926,death,grazer,7,8,57,68,crowded,4773
1926,death,grazer,5,15,41,127,crowded,5132
1926,birth,grazer,24,30,193,246,,9831
1926,birth,grazer,22,6,183,52,,9832
1926,birth,grazer,10,22,85,179,,9833
1926,birth,grazer,1,25,15,203,,9834
1927,birth,grazer,22,5,176,44,,9835
1927,birth,grazer,22,5,182,40,,9836
1927,death,grazer,5,15,41,125,crowded,2923
1927,birth,grazer,27,6,217,52,,9837
1927,birth,grazer,12,27,97,219,,9838
1927,birth,grazer,30,17,243,139,,9839
1927,birth,grazer,14,18,112,144,,9840
1927,birth,grazer,31,31,248,249,,9841
1928,birth,grazer,30,21,240,171,,9842
1928,birth,grazer,4,28,38,226,,9843
1928,birth,grazer,21,13,169,104,,9844
1928,death,grazer,5,15,42,126,crowded,5956
1929,birth,grazer,29,21,234,169,,9845
1929,birth,grazer,31,10,250,80,,9846
1929,birth,grazer,31,13,248,109,,9847
1929,birth,grazer,28,13,227,105,,9848
1929,birth,grazer,19,6,157,51,,9849
1929,birth,grazer,20,20,167,167,,9850
1929,birth,grazer,6,14,48,112,,9851
1929,birth,grazer,28,27,228,217,,9852
1929,birth,grazer,26,24,215,192,,9853
1930,birth,grazer,14,13,112,104,,9854
1930,birth,grazer,27,11,223,94,,9855
1930,birth,grazer,11,18,95,147,,9856
1930,death,grazer,4,2,39,21,crowded,3229
1930,birth,grazer,21,22,175,177,,9857
1930,birth,grazer,21,22,172,183,,9858
1930,birth,grazer,13,4,111,33,,9859
1930,birth,grazer,9,3,78,28,,9860
1930,death,grazer,28,5,224,40,crowded,8653
1931,birth,grazer,7,8,63,70,,9861
1931,birth,grazer,7,8,63,71,,9862
1931,birth,grazer,6,27,52,221,,9863
1931,birth,grazer,20,19,165,156,,9864
1931,birth,grazer,22,5,180,41,,9865
1931,birth,grazer,25,6,200,48,,9866
1931,death,grazer,18,24,147,195,crowded,4989
1931,birth,grazer,22,14,183,112,,9867
1931,death,grazer,3,2,31,21,crowded,7015
1931,birth,grazer,29,31,232,249,,9868
1932,birth,grazer,5,15,47,127,,9869
1932,birth,grazer,26,31,215,248,,9870
1932,death,grazer,3,2,31,21,crowded,3398
1932,death,grazer,4,15,38,126,crowded,4326
1932,death,grazer,4,16,38,128,crowded,4489
1932,birth,grazer,5,15,47,127,,9871
1932,birth,grazer,26,11,215,93,,9872
1932,death,grazer,20,17,162,142,crowded,9568
1933,birth,grazer,10,7,82,59,,9873
1933,birth,grazer,28,27,224,223,,9874
1933,birth,grazer,8,24,70,197,,9875
1933,birth,grazer,10,7,84,63,,9876
1933,birth,grazer,28,31,227,249,,9877
1933,birth,grazer,21,24,175,197,,9878
1933,birth,grazer,12,6,101,51,,9879
1933,birth,grazer,27,5,216,41,,9880
1933,birth,grazer,25,24,203,194,,9881
1933,birth,grazer,27,5,222,47,,9882
1934,death,grazer,4,16,38,128,crowded,831
1934,death,grazer,4,16,38,130,crowded,1193
1934,birth,grazer,0,10,0,80,,9883
1934,death,grazer,3,2,31,21,crowded,3787
1934,birth,grazer,6,8,51,66,,9884
1934,birth,grazer,18,25,151,202,,9885
1934,death,grazer,9,15,77,125,crowded,6126
1934,birth,grazer,5,11,41,89,,9886
1934,death,grazer,14,11,112,88,crowded,7619
1934,death,grazer,10,1,83,14,crowded,8055
1935,birth,grazer,4,15,32,120,,9887
1935,birth,grazer,23,5,185,40,,9888
1935,birth,grazer,21,22,168,177,,9889
1935,birth,grazer,8,6,64,48,,9890
1935,birth,grazer,4,15,32,126,,9891
1935,birth,grazer,10,15,87,127,,9892
1935,birth,grazer,17,0,139,0,,9893
1935,birth,grazer,14,24,118,197,,9894
1935,birth,grazer,8,6,64,53,,9895
1935,birth,grazer,14,24,117,194,,9896
1935,birth,grazer,30,31,247,248,,9897
1936,birth,grazer,26,30,215,246,,9898
1936,birth,grazer,30,10,242,85,,9899
1936,birth,grazer,29,14,233,113,,9900
1936,birth,grazer,0,8,0,64,,9901
1936,birth,grazer,6,14,55,118,,9902
1936,birth,grazer,9,25,75,200,,9903
1936,death,grazer,4,2,35,21,eaten,1898
1937,death,grazer,24,4,199,39,crowded,865
1937,birth,grazer,31,17,249,140,,9904
1937,death,grazer,4,16,39,133,crowded,2986
1937,death,grazer,28,4,231,34,crowded,3133
1937,death,grazer,4,16,39,134,crowded,3155
1937,birth,grazer,10,4,84,32,,9905
1937,birth,grazer,8,20,67,162,,9906
1937,birth,grazer,19,13,152,104,,9907
1937,death,grazer,4,16,39,131,crowded,5764
1937,birth,grazer,20,18,167,149,,9908
1937,death,grazer,28,4,231,34,crowded,7941
1937,birth,grazer,28,13,229,107,,9909
1937,death,grazer,28,4,230,36,eaten,6509
1938,birth,grazer,0,18,0,145,,9910
1938,birth,grazer,27,31,223,249,,9911
1938,birth,grazer,31,10,248,80,,9912
1938,birth,grazer,16,23,135,190,,9913
1938,birth,grazer,31,30,248,246,,9914
1938,birth,grazer,23,27,189,220,,9915
1939,birth,grazer,30,14,240,112,,9916
1939,birth,grazer,18,11,151,93,,9917
1939,death,grazer,3,2,31,21,crowded,2684
1939,death,grazer,4,16,39,135,crowded,5270
1939,death,grazer,4,16,39,135,crowded,5322
1939,birth,grazer,11,6,92,48,,9918
1939,death,grazer,3,2,31,21,crowded,7181
1939,storm,,0,0,,,,6.8764 2.3676 1.1987
1940,birth,grazer,18,11,151,94,,9919
1940,death,grazer,28,4,231,34,crowded,2536
1940,birth,grazer,31,25,251,205,,9920
1940,birth,grazer,16,2,128,22,,9921
1940,birth,grazer,31,10,248,80,,9922
1941,death,grazer,28,4,230,35,crowded,423
1941,birth,grazer,9,2,72,23,,9923
1941,birth,grazer,16,7,128,56,,9924
1941,birth,grazer,31,31,248,250,,9925
1941,death,grazer,4,16,39,135,crowded,8299
1942,death,grazer,4,17,38,136,crowded,2861
1942,death,grazer,2,26,16,209,crowded,5080
1942,birth,grazer,13,28,111,225,,9926
1942,birth,grazer,0,6,0,50,,9927
1942,birth,grazer,24,12,192,96,,9928
1942,death,grazer,4,17,36,138,crowded,9458
1943,birth,grazer,4,16,32,133,,9929
1943,birth,grazer,4,16,33,128,,9930
1943,death,grazer,4,2,35,21,crowded,3680
1943,birth,grazer,18,0,147,0,,9931
1943,birth,grazer,10,2,81,21,,9932
1944,death,grazer,4,2,34,21,crowded,1570
1944,birth,grazer,26,25,215,205,,9933
1944,death,grazer,4,17,35,139,crowded,5307
1944,death,grazer,4,17,36,138,crowded,6466
1944,birth,grazer,26,27,215,220,,9934
1945,birth,grazer,11,18,90,146,,9935
1945,death,grazer,4,17,34,140,crowded,2903
1945,birth,grazer,27,31,217,248,,9936
1945,birth,grazer,27,27,219,217,,9937
1945,death,grazer,29,4,239,35,crowded,3120
1945,birth,grazer,19,11,156,95,,9938
1945,birth,grazer,10,8,85,70,,9939
1945,death,grazer,4,2,33,21,crowded,4750
1945,death,grazer,4,10,37,84,crowded,4783
1945,birth,grazer,11,8,93,71,,9940
1945,birth,grazer,26,31,215,248,,9941
1945,birth,grazer,29,31,239,248,,9942
1945,birth,grazer,24,4,193,39,,9943
1945,death,grazer,29,4,237,35,crowded,5730
1945,death,grazer,4,17,34,140,crowded,6203
1945,birth,grazer,24,4,194,33,,9944
1945,death,grazer,28,4,228,36,crowded,9107
1946,birth,grazer,19,21,156,168,,9945
1946,death,grazer,4,17,34,141,crowded,1779
1946,birth,grazer,9,8,79,66,,9946
1946,birth,grazer,31,28,250,224,,9947
1946,birth,grazer,16,5,131,41,,9948
1947,birth,grazer,8,14,64,112,,9949
1947,death,grazer,4,17,32,143,crowded,1606
1947,birth,grazer,22,13,183,106,,9950
1947,birth,grazer,31,9,248,73,,9951
1947,death,grazer,4,2,32,21,crowded,6978
1947,birth,grazer,5,10,46,82,,9952
1947,birth,grazer,30,13,247,108,,9953
1948,birth,grazer,7,8,63,69,,9954
1948,birth,grazer,11,4,93,33,,9955
1948,birth,grazer,2,31,23,250,,9956
1948,birth,grazer,25,26,207,211,,9957
1948,birth,grazer,20,4,160,37,,9958
1948,birth,grazer,11,28,88,226,,9959
1948,birth,grazer,18,12,149,98,,9960
1949,death,grazer,29,3,237,29,crowded,1664
1949,birth,grazer,4,1,32,15,,9961
1949,birth,grazer,5,10,46,85,,9962
1949,birth,grazer,31,11,255,89,,9963
1949,birth,grazer,18,13,147,104,,9964
1949,death,grazer,25,3,201,27,eaten,729
1950,birth,grazer,8,13,64,109,,9965
1950,birth,grazer,29,12,235,96,,9966
1950,birth,grazer,4,10,39,87,,9967
1950,birth,grazer,4,10,36,82,,9968
1950,death,grazer,19,20,158,166,crowded,8876
1951,birth,grazer,2,31,22,250,,9969
1951,birth,grazer,6,8,48,66,,9970
1951,birth,grazer,22,23,183,188,,9971
1951,death,grazer,3,18,30,145,crowded,8575
1952,birth,grazer,7,28,63,224,,9972
1952,birth,grazer,4,17,36,143,,9973
1952,birth,grazer,6,8,48,65,,9974
1952,birth,grazer,4,17,39,136,,9975
1952,birth,grazer,31,11,252,91,,9976
1952,death,grazer,25,3,201,27,crowded,5359
1952,birth,grazer,17,0,136,0,,9977
1952,death,grazer,3,11,30,92,crowded,7637
1952,birth,grazer,29,11,233,91,,9978
1952,death,grazer,12,1,101,14,crowded,9212
1953,birth,grazer,19,24,156,194,,9979
1953,birth,grazer,14,19,113,153,,9980
1953,birth,grazer,31,30,249,247,,9981
1953,birth,grazer,22,11,176,94,,9982
1953,birth,grazer,0,20,0,162,,9983
1953,death,grazer,4,2,34,21,crowded,8348
1953,death,grazer,25,3,201,27,crowded,9247
1954,death,grazer,3,18,26,149,crowded,825
1954,birth,grazer,4,0,34,0,,9984
1954,death,grazer,3,18,27,148,crowded,3881
1954,birth,grazer,0,9,0,75,,9985
1954,death,grazer,12,1,101,14,crowded,4509
1954,death,grazer,3,18,27,148,crowded,6109
1954,birth,grazer,17,0,136,0,,9986
1954,death,grazer,4,2,32,16,crowded,9151
1954,death,grazer,12,1,101,14,crowded,9674
1955,birth,grazer,2,14,23,112,,9987
1955,birth,grazer,7,23,60,184,,9988
1955,death,grazer,4,2,34,21,crowded,3222
1955,birth,grazer,5,3,40,26,,9989
1955,birth,grazer,25,13,200,107,,9990
1955,birth,grazer,6,13,48,109,,9991
1955,birth,grazer,20,23,165,184,,9992
1955,birth,grazer,9,12,79,101,,9993
1956,birth,grazer,21,13,175,104,,9994
1956,birth,grazer,6,9,55,78,,9995
1956,birth,grazer,21,13,168,104,,9996
1956,death,grazer,4,2,35,21,crowded,4608
1956,birth,grazer,16,7,128,56,,9997
1956,birth,grazer,20,13,161,105,,9998
1956,storm,,0,0,,,,36.8701 21.3243 13.5033
1957,death,grazer,4,2,34,21,crowded,1330
1957,birth,grazer,10,22,80,177,,9999
1957,death,grazer,3,12,27,99,crowded,2707
1957,birth,grazer,20,23,167,188,,10000
1957,birth,grazer,16,27,133,218,,10001
1957,birth,grazer,16,27,130,219,,10002
1957,birth,grazer,11,4,94,34,,10003
1958,death,grazer,17,24,137,192,crowded,975
1958,birth,grazer,31,12,248,96,,10004
1958,birth,grazer,1,25,15,203,,10005
1958,birth,grazer,17,25,138,202,,10006
1958,death,grazer,3,12,25,99,crowded,4993
1958,birth,grazer,11,2,91,22,,10007
1958,birth,grazer,15,23,120,190,,10008
1958,birth,grazer,11,2,90,23,,10009
1958,birth,grazer,25,23,200,185,,10010
1958,birth,grazer,14,13,113,104,,10011
1958,birth,grazer,7,23,58,190,,10012
1959,death,grazer,2,19,21,155,crowded,2114
1959,birth,grazer,5,19,40,158,,10013
1959,birth,grazer,19,10,159,81,,10014
1959,birth,grazer,20,4,167,39,,10015
1959,death,grazer,2,19,22,153,crowded,5529
1959,birth,grazer,3,18,31,150,,10016
1959,birth,grazer,5,9,42,72,,10017
1959,birth,grazer,20,23,167,189,,10018
1959,storm,,0,0,,,,1.5673 0.6218 0.4338
1960,birth,grazer,4,11,38,94,,10019
1960,birth,grazer,9,27,79,222,,10020
1960,birth,grazer,4,0,34,0,,10021
1960,birth,grazer,7,19,58,156,,10022
1960,birth,grazer,24,30,194,247,,10023
1960,death,grazer,4,2,32,16,crowded,7327
1960,death,grazer,2,19,21,154,crowded,8237
1961,birth,grazer,10,10,83,85,,10024
1961,birth,grazer,25,14,202,114,,10025
1961,birth,grazer,22,27,178,220,,10026
1961,birth,grazer,29,27,239,216,,10027
1961,birth,grazer,5,3,47,25,,10028
1961,birth,grazer,22,27,176,216,,10029
1961,birth,grazer,29,14,236,113,,10030
1961,death,grazer,2,12,23,102,crowded,6019
1961,storm,,0,0,,,,16.4454 6.3698 4.5375
1962,death,grazer,2,19,20,156,crowded,1634
1962,death,grazer,2,12,23,101,crowded,2544
1962,birth,grazer,3,17,31,138,,10031
1962,birth,grazer,7,19,57,152,,10032
1962,death,grazer,2,19,20,158,crowded,9362
1962,death,grazer,30,3,244,30,crowded,9516
1963,death,grazer,2,19,21,158,crowded,284
1963,death,grazer,2,19,21,158,crowded,2439
1963,birth,grazer,12,2,98,23,,10033
1963,birth,grazer,3,12,24,103,,10034
1963,birth,grazer,4,1,32,15,,10035
1963,birth,grazer,10,15,80,125,,10036
1963,death,grazer,18,6,147,52,crowded,7013
1963,death,grazer,2,23,22,191,crowded,9486
1963,death,grazer,11,1,94,15,crowded,9693
1964,birth,grazer,21,1,171,15,,10037
1964,birth,grazer,21,22,168,176,,10038
1964,birth,grazer,21,22,168,176,,10039
1964,death,grazer,2,12,20,102,crowded,6320
1964,birth,grazer,0,19,0,155,,10040
1965,birth,grazer,0,17,0,143,,10041
1965,death,grazer,19,20,159,167,crowded,1764
1965,birth,grazer,2,24,23,199,,10042
1965,birth,grazer,22,22,181,177,,10043
1965,birth,grazer,18,5,150,40,,10044
1965,birth,grazer,27,25,218,201,,10045
1965,death,grazer,2,12,20,101,eaten,579
1965,storm,,0,0,,,,1.6727 0.6098 0.4177
1966,death,grazer,19,20,159,163,crowded,370
1966,death,grazer,3,12,24,102,crowded,3839
1966,birth,grazer,3,1,26,15,,10046
1966,birth,grazer,17,25,141,207,,10047
1967,birth,grazer,4,10,37,80,,10048
1967,death,grazer,2,20,21,162,crowded,1388
1967,birth,grazer,12,2,96,23,,10049
1967,birth,grazer,20,11,160,88,,10050
1967,birth,grazer,22,22,182,178,,10051
1967,birth,grazer,22,10,181,80,,10052
1967,birth,grazer,2,17,23,139,,10053
1967,birth,grazer,1,26,15,210,,10054
1967,birth,grazer,31,21,251,168,,10055
1967,birth,grazer,10,2,83,21,,10056
1967,death,grazer,2,20,21,161,crowded,8246
1967,death,grazer,4,2,39,21,crowded,9381
1968,birth,grazer,10,2,83,22,,10057
1968,birth,grazer,20,23,165,184,,10058
1968,birth,grazer,19,26,156,215,,10059
1968,birth,grazer,20,11,160,88,,10060
1968,birth,grazer,12,3,102,30,,10061
1968,birth,grazer,13,13,105,104,,10062
1968,birth,grazer,10,20,80,165,,10063
1969,birth,grazer,10,11,82,88,,10064
1969,birth,grazer,0,18,0,144,,10065
1969,birth,grazer,30,14,244,114,,10066
1969,death,grazer,5,2,46,21,crowded,2242
1969,death,grazer,2,20,21,164,crowded,2755
1969,death,grazer,30,3,247,26,crowded,3537
1969,birth,grazer,28,31,231,248,,10067
1969,death,grazer,25,3,201,27,crowded,8260
1970,death,grazer,2,20,20,165,crowded,305
1970,birth,grazer,26,31,215,248,,10068
1970,birth,grazer,4,10,34,82,,10069
1970,birth,grazer,17,7,137,56,,10070
1970,birth,grazer,20,23,164,184,,10071
1970,birth,grazer,13,6,107,52,,10072
1970,death,grazer,2,20,20,164,crowded,6409
1970,birth,grazer,31,23,248,188,,10073
1970,birth,grazer,31,25,250,205,,10074
1970,death,grazer,18,7,146,57,eaten,1814
1971,birth,grazer,12,15,96,121,,10075
1971,death,grazer,3,11,31,95,crowded,3430
1971,death,grazer,2,12,23,97,crowded,4446
1971,death,grazer,5,2,41,21,crowded,4891
1971,death,grazer,2,20,21,165,crowded,5994
1971,birth,grazer,22,21,182,175,,10076
1972,birth,grazer,9,30,79,245,,10077
1972,birth,grazer,14,13,112,104,,10078
1972,death,grazer,30,3,241,30,crowded,3116
1972,birth,grazer,22,21,176,168,,10079
1972,birth,grazer,16,25,133,204,,10080
1973,birth,grazer,23,28,187,225,,10081
1973,birth,grazer,29,22,232,180,,10082
1973,death,grazer,3,12,31,101,crowded,7499
1973,death,grazer,30,3,240,31,crowded,7813
1974,birth,grazer,27,31,223,249,,10083
1974,birth,grazer,10,12,80,98,,10084
1974,death,grazer,3,12,25,103,crowded,3344
1974,death,grazer,10,1,83,14,crowded,4441
1974,death,grazer,2,21,20,168,crowded,4551
1974,death,grazer,12,12,102,103,crowded,4593
1974,death,grazer,10,1,83,14,crowded,4765
1974,death,grazer,14,11,119,89,crowded,4917
1974,birth,grazer,29,12,239,96,,10085
1975,death,grazer,2,21,21,170,crowded,166
1975,birth,grazer,20,10,167,81,,10086
1975,birth,grazer,14,23,117,190,,10087
1975,birth,grazer,30,11,244,95,,10088
1975,birth,grazer,20,10,167,80,,10089
1975,birth,grazer,4,11,38,92,,10090
1975,birth,grazer,15,7,121,59,,10091
1976,birth,grazer,2,20,23,163,,10092
1976,birth,grazer,10,0,80,1,,10093
1976,birth,grazer,14,23,115,190,,10094
1976,death,grazer,30,3,240,27,crowded,4493
1976,birth,grazer,0,21,0,171,,10095
1976,birth,grazer,7,26,62,214,,10096
1976,birth,grazer,2,31,23,250,,10097
1977,death,grazer,2,21,21,172,crowded,2689
1977,birth,grazer,0,19,0,156,,10098
1977,birth,grazer,8,10,71,87,,10099
1977,death,grazer,2,21,21,171,crowded,3929
1977,death,grazer,2,21,21,173,crowded,4948
1977,birth,grazer,31,30,248,246,,10100
1977,birth,grazer,31,24,249,197,,10101
1977,death,grazer,2,21,21,172,crowded,8724
1978,death,grazer,29,3,238,28,crowded,2095
1978,death,grazer,3,12,28,102,crowded,5101
1978,birth,grazer,30,21,240,169,,10102
1978,birth,grazer,24,24,198,197,,10103
1978,birth,grazer,2,20,23,161,,10104
1978,birth,grazer,9,30,79,245,,10105
1978,death,grazer,3,12,24,98,eaten,3566
1979,death,grazer,29,4,233,32,crowded,208
1979,death,grazer,19,20,154,162,crowded,1213
1979,birth,grazer,21,4,168,39,,10106
1979,birth,grazer,6,28,49,226,,10107
1979,birth,grazer,30,24,240,199,,10108
1980,birth,grazer,16,7,129,56,,10109
1980,birth,grazer,31,20,249,161,,10110
1980,birth,grazer,2,22,23,181,,10111
1980,birth,grazer,9,8,79,64,,10112
1980,birth,grazer,10,19,81,153,,10113
1980,death,grazer,3,12,26,98,crowded,5690
1980,birth,grazer,23,23,190,191,,10114
1980,death,grazer,2,21,22,174,crowded,6537
1980,birth,grazer,2,31,23,251,,10115
1980,birth,grazer,9,14,77,118,,10116
1980,birth,grazer,28,27,227,221,,10117
1980,death,grazer,2,22,21,177,eaten,4454
1981,birth,grazer,23,23,185,184,,10118
1981,birth,grazer,12,5,103,46,,10119
1981,birth,grazer,1,25,15,203,,10120
1981,birth,grazer,8,12,65,98,,10121
1981,birth,grazer,31,0,248,0,,10122
1981,death,grazer,3,11,29,93,crowded,6088
1981,birth,grazer,20,11,161,91,,10123
1981,birth,grazer,22,12,183,101,,10124
1981,birth,grazer,20,21,166,172,,10125
1981,birth,grazer,10,14,82,118,,10126
1981,death,grazer,2,21,23,175,crowded,8782
1982,birth,grazer,2,22,21,178,,10127
1982,birth,grazer,23,20,191,160,,10128
1982,birth,grazer,21,1,170,15,,10129
1982,death,grazer,18,8,150,69,crowded,2226
1982,birth,grazer,8,25,65,202,,10130
1982,death,grazer,2,21,16,174,crowded,3004
1982,birth,grazer,4,28,38,225,,10131
1982,birth,grazer,29,4,237,39,,10132
1982,death,grazer,29,3,236,30,crowded,7903
1982,birth,grazer,3,28,29,226,,10133
1982,death,grazer,3,12,28,102,crowded,9319
1982,death,grazer,19,9,152,72,eaten,1015
1982,death,grazer,2,21,21,174,eaten,5888
1983,birth,grazer,8,14,65,115,,10134
1983,birth,grazer,23,20,191,164,,10135
1983,birth,grazer,19,22,159,180,,10136
1983,birth,grazer,2,17,22,141,,10137
1983,death,grazer,2,21,22,175,crowded,7380
1983,birth,grazer,2,12,19,96,,10138
1984,birth,grazer,17,4,143,35,,10139
1984,birth,grazer,2,12,20,96,,10140
1984,death,grazer,2,21,21,175,crowded,1991
1984,death,grazer,29,3,237,29,crowded,2072
1984,birth,grazer,13,13,108,104,,10141
1984,birth,grazer,17,7,137,56,,10142
1984,birth,grazer,12,15,96,125,,10143
1984,death,grazer,18,8,151,70,crowded,7076
1984,birth,grazer,26,31,215,248,,10144
1984,death,grazer,2,21,21,175,crowded,8660
1985,death,grazer,2,21,23,175,crowded,2902
1985,birth,grazer,18,10,148,87,,10145
1985,birth,grazer,19,13,154,104,,10146
1985,birth,grazer,21,13,169,104,,10147
1985,birth,grazer,19,9,156,79,,10148
1985,birth,grazer,27,8,217,65,,10149
1985,birth,grazer,4,1,34,15,,10150
1985,birth,grazer,12,4,102,36,,10151
1985,birth,grazer,31,13,255,111,,10152
1986,death,grazer,2,11,19,93,crowded,3223
1986,birth,grazer,9,6,78,52,,10153
1986,birth,grazer,27,12,216,96,,10154
1986,birth,grazer,6,14,50,114,,10155
1986,birth,grazer,26,25,211,201,,10156
1986,death,grazer,29,3,238,28,crowded,8256
1987,birth,grazer,14,13,113,104,,10157
1987,birth,grazer,20,4,167,36,,10158
1987,birth,grazer,2,12,23,102,,10159
1987,death,grazer,2,22,22,178,crowded,5136
1987,birth,grazer,12,15,96,120,,10160
1987,birth,grazer,19,1,153,15,,10161
1988,birth,grazer,26,29,211,232,,10162
1988,birth,grazer,2,12,23,101,,10163
1988,birth,grazer,31,29,248,232,,10164
1988,birth,grazer,20,10,167,80,,10165
1988,birth,grazer,28,29,229,232,,10166
1988,birth,grazer,29,29,233,232,,10167
1989,birth,grazer,2,12,20,96,,10168
1989,birth,grazer,9,2,78,23,,10169
1989,birth,grazer,27,29,216,232,,10170
1989,birth,grazer,0,2,0,20,,10171
1989,birth,grazer,24,29,199,232,,10172
1990,birth,grazer,2,17,21,143,,10173
1990,birth,grazer,30,29,242,232,,10174
1990,death,grazer,2,11,19,89,crowded,2342
1990,birth,grazer,25,4,205,36,,10175
1990,birth,grazer,26,29,210,232,,10176
1990,birth,grazer,23,25,185,202,,10177
1990,death,grazer,2,11,22,91,crowded,7886
1991,birth,grazer,9,25,74,203,,10178
1991,birth,grazer,29,29,236,232,,10179
1991,birth,grazer,7,1,61,15,,10180
1992,birth,grazer,1,19,15,155,,10181
1992,birth,grazer,31,17,252,137,,10182
1992,birth,grazer,12,23,100,186,,10183
1992,birth,grazer,23,28,187,224,,10184
1992,birth,grazer,12,2,98,23,,10185
1992,birth,grazer,24,4,198,36,,10186
1992,birth,grazer,24,4,199,36,,10187
1992,birth,grazer,25,29,202,232,,10188
1992,death,grazer,29,3,239,27,crowded,7873
1993,birth,grazer,3,22,30,180,,10189
1993,birth,grazer,28,14,229,116,,10190
1993,birth,grazer,15,30,121,243,,10191
1993,birth,grazer,24,29,199,232,,10192
1993,birth,grazer,1,20,15,165,,10193
1994,birth,grazer,29,27,239,216,,10194
1994,birth,grazer,28,27,224,217,,10195
1994,birth,grazer,31,21,252,168,,10196
1994,death,grazer,19,20,159,167,crowded,4970
1994,birth,grazer,9,30,79,245,,10197
1994,birth,grazer,10,11,82,88,,10198
1994,birth,grazer,31,9,250,73,,10199
1994,birth,grazer,10,15,85,125,,10200
1994,death,grazer,8,1,68,14,eaten,1397
1995,birth,grazer,17,25,140,207,,10201
1995,birth,grazer,26,27,208,216,,10202
1995,birth,grazer,0,10,0,82,,10203
1995,birth,grazer,25,28,204,230,,10204
1995,birth,grazer,28,28,224,227,,10205
1995,birth,grazer,30,29,243,232,,10206
1995,birth,grazer,31,28,250,229,,10207
1995,death,grazer,4,11,36,92,crowded,9809
1995,death,grazer,8,1,67,15,eaten,1430
1996,birth,grazer,1,19,15,155,,10208
1996,birth,grazer,26,31,215,248,,10209
1996,birth,grazer,11,28,91,226,,10210
1997,death,grazer,20,17,160,143,crowded,219
1997,birth,grazer,17,7,136,56,,10211
1997,birth,grazer,13,25,105,207,,10212
1997,birth,grazer,27,13,220,109,,10213
1997,birth,grazer,23,8,191,65,,10214
1997,birth,grazer,21,1,170,15,,10215
1997,birth,grazer,27,28,218,225,,10216
1997,birth,grazer,28,29,227,232,,10217
1998,birth,grazer,16,2,129,23,,10218
1998,birth,grazer,5,3,46,31,,10219
1998,birth,grazer,21,22,168,176,,10220
1999,birth,grazer,30,28,241,229,,10221
1999,death,grazer,3,20,27,165,crowded,853
1999,birth,grazer,25,29,201,232,,10222
1999,birth,grazer,7,28,59,226,,10223
1999,birth,grazer,27,26,219,209,,10224
1999,birth,grazer,25,6,202,49,,10225
1999,birth,grazer,21,22,175,176,,10226
1999,birth,grazer,31,13,252,106,,10227
2000,death,grazer,30,3,247,31,crowded,610
2000,birth,grazer,25,27,201,218,,10228
2000,birth,grazer,27,29,216,232,,10229
2000,death,grazer,2,22,23,183,crowded,4389
2000,death,grazer,19,19,152,155,crowded,4398
2000,birth,grazer,7,9,56,74,,10230
2000,birth,grazer,9,18,72,151,,10231
2000,birth,grazer,21,23,169,191,,10232
2000,birth,grazer,6,1,53,15,,10233
2000,death,grazer,30,2,245,23,crowded,9749
2000,death,grazer,8,1,68,14,eaten,1432
2000,germination,tree,24,31,195,248,,10234
2000,germination,tree,31,30,248,247,,10235
2000,germination,tree,29,16,233,134,,10236
