tick,grazers,hunters,trees,grass_mean,shrub_mean,moisture_mean,fertility_mean,detritus_total,temperature,hunter_immigrants,grazer_starved,grazer_eaten,grazer_old_age,grazer_crowded,grazer_burnt,hunter_starved,hunter_eaten,hunter_old_age,hunter_crowded,hunter_burnt,patches_burning,total_burnt,grazer_energy_cost_mult_mean,grazer_energy_cost_mult_sd,grazer_flee_distance_mean,grazer_flee_distance_sd,grazer_repro_threshold_mean,grazer_repro_threshold_sd,hunter_energy_cost_mult_mean,hunter_energy_cost_mult_sd,hunter_flee_distance_mean,hunter_flee_distance_sd,hunter_repro_threshold_mean,hunter_repro_threshold_sd,rain_mm,runoff_mm,ponded_mm,soil_water_mm,drainage_mm,outflow_mm,soil_n,soil_p,soil_k,leached_n,outflow_p,waterlogged_frac
0,300,20,79,0.1000,0.0350,127.5000,175.1700,0.0000,11.9675,0,0,0,0,0,0,0,0,0,0,0,0,0,1.0000,0.0000,4.0000,0.0000,70.0000,0.0000,1.0000,0.0000,4.0000,0.0000,75.0000,0.0000,0.0000,0.0000,0.0000,48.3928,0.0000,0.0000,1.5360,51.2000,38.4000,0.0000,0.0000,0.0000
1,300,20,79,0.1028,0.0351,127.4542,175.1700,54.4551,11.9675,0,0,0,0,0,0,0,0,0,0,0,0,0,1.0000,0.0000,4.0000,0.0000,70.0000,0.0000,1.0000,0.0000,4.0000,0.0000,75.0000,0.0000,0.0000,0.0000,0.0000,48.3759,0.0000,0.0000,1.5360,51.2000,38.4000,0.0000,0.0000,0.0000
2,300,20,79,0.1055,0.0351,127.4077,175.1700,109.7843,11.9675,0,0,0,0,0,0,0,0,0,0,0,0,0,1.0000,0.0000,4.0000,0.0000,70.0000,0.0000,1.0000,0.0000,4.0000,0.0000,75.0000,0.0000,0.0000,0.0000,0.0000,48.3587,0.0000,0.0000,1.5360,51.2000,38.4000,0.0000,0.0000,0.0000
3,300,20,79,0.1082,0.0352,127.3610,175.1700,165.0747,11.9675,0,0,0,0,0,0,0,0,0,0,0,0,0,1.0000,0.0000,4.0000,0.0000,70.0000,0.0000,1.0000,0.0000,4.0000,0.0000,75.0000,0.0000,0.0000,0.0000,0.0000,48.3417,0.0000,0.0000,1.5360,51.2000,38.4000,0.0000,0.0000,0.0000
4,300,20,79,0.1111,0.0353,127.3139,175.1700,223.4652,11.9675,0,0,0,0,0,0,0,0,0,0,0,0,0,1.0000,0.0000,4.0000,0.0000,70.0000,0.0000,1.0000,0.0000,4.0000,0.0000,75.0000,0.0000,0.0000,0.0000,0.0000,48.3244,0.0000,0.0000,1.5360,51.2000,38.4000,0.0000,0.0000,0.0000
5,300,20,79,0.1138,0.0353,127.2667,175.1700,283.6347,11.9675,0,0,0,0,0,0,0,0,0,0,0,0,0,1.0000,0.0000,4.0000,0.0000,70.0000,0.0000,1.0000,0.0000,4.0000,0.0000,75.0000,0.0000,0.0000,0.0000,0.0000,48.3069,0.0000,0.0000,1.5360,51.2000,38.4000,0.0000,0.0000,0.0000
6,301,20,79,0.1166,0.0354,127.2193,175.1700,343.2800,11.9675,0,0,0,0,0,0,0,0,0,0,0,0,0,0.9999,0.0012,3.9998,0.0041,70.0108,0.1868,1.0000,0.0000,4.0000,0.0000,75.0000,0.0000,0.0000,0.0000,0.0000,48.2896,0.0000,0.0000,1.5360,51.2000,38.4000,0.0000,0.0000,0.0000
7,301,20,79,0.1193,0.0354,127.1736,175.1700,401.0746,11.9675,0,0,0,0,0,0,0,0,0,0,0,0,0,0.9999,0.0012,3.9998,0.0041,70.0108,0.1868,1.0000,0.0000,4.0000,0.0000,75.0000,0.0000,0.0000,0.0000,0.0000,48.2726,0.0000,0.0000,1.5360,51.2000,38.4000,0.0000,0.0000,0.0000
8,302,20,79,0.1221,0.0355,127.1272,175.1700,456.3793,11.9675,0,0,0,0,0,0,0,0,0,0,0,0,0,0.9999,0.0012,4.0002,0.0088,70.0071,0.1968,1.0000,0.0000,4.0000,0.0000,75.0000,0.0000,0.0000,0.0000,0.0000,48.2555,0.0000,0.0000,1.5360,51.2000,38.4000,0.0000,0.0000,0.0000
9,302,20,79,0.1248,0.0355,127.0809,175.1700,524.3334,11.9675,0,0,1,0,0,0,0,0,0,0,0,0,0,0.9999,0.0019,3.9996,0.0137,70.0109,0.2071,1.0000,0.0000,4.0000,0.0000,75.0000,0.0000,0.0000,0.0000,0.0000,48.2385,0.0000,0.0000,1.5360,51.2000,38.4000,0.0000,0.0000,0.0000
10,303,20,79,0.1276,0.0356,126.3741,173.1095,582.7896,11.9675,0,0,0,0,0,0,0,0,0,0,0,0,0,0.9997,0.0032,3.9996,0.0137,70.0218,0.2799,1.0000,0.0000,4.0000,0.0000,75.0000,0.0000,0.0000,0.0000,0.0000,47.9780,0.0000,0.0000,1.4798,51.1949,38.3480,0.0000,0.0000,0.0000
11,303,20,79,0.1302,0.0356,126.3306,173.1095,649.6022,11.9675,0,0,0,0,0,0,0,0,0,0,0,0,0,0.9997,0.0032,3.9996,0.0137,70.0218,0.2799,1.0000,0.0000,4.0000,0.0000,75.0000,0.0000,0.0000,0.0000,0.0000,47.9619,0.0000,0.0000,1.4798,51.1949,38.3480,0.0000,0.0000,0.0000
12,304,20,79,0.1329,0.0357,126.2865,173.1095,717.4493,11.9675,0,0,0,0,0,0,0,0,0,0,0,0,0,0.9996,0.0040,3.9997,0.0138,70.0329,0.3404,1.0000,0.0000,4.0000,0.0000,75.0000,0.0000,0.0000,0.0000,0.0000,47.9456,0.0000,0.0000,1.4798,51.1949,38.3480,0.0000,0.0000,0.0000
13,305,20,79,0.1354,0.0358,126.2421,173.1095,785.1932,11.9675,0,0,0,0,0,0,0,0,0,0,0,0,0,0.9995,0.0043,3.9998,0.0141,70.0428,0.3808,1.0000,0.0000,4.0000,0.0000,75.0000,0.0000,0.0000,0.0000,0.0000,47.9294,0.0000,0.0000,1.4798,51.1949,38.3480,0.0000,0.0000,0.0000
14,305,20,79,0.1381,0.0358,126.1973,173.1095,856.1425,11.9675,0,0,0,0,0,0,0,0,0,0,0,0,0,0.9995,0.0043,3.9998,0.0141,70.0428,0.3808,1.0000,0.0000,4.0000,0.0000,75.0000,0.0000,0.0000,0.0000,0.0000,47.9131,0.0000,0.0000,1.4798,51.1949,38.3480,0.0000,0.0000,0.0000
15,308,20,79,0.1407,0.0359,126.1525,173.1095,929.1487,11.9675,0,0,0,0,0,0,0,0,0,0,0,0,0,0.9997,0.0053,3.9990,0.0211,70.0495,0.4687,1.0000,0.0000,4.0000,0.0000,75.0000,0.0000,0.0000,0.0000,0.0000,47.8964,0.0000,0.0000,1.4798,51.1949,38.3480,0.0000,0.0000,0.0000
16,309,20,79,0.1434,0.0359,126.1074,173.1095,1001.4924,11.9675,0,0,0,0,0,0,0,0,0,0,0,0,0,0.9998,0.0058,3.9992,0.0213,70.0570,0.4859,1.0000,0.0000,4.0000,0.0000,75.0000,0.0000,0.0000,0.0000,0.0000,47.8799,0.0000,0.0000,1.4798,51.1949,38.3480,0.0000,0.0000,0.0000
17,309,20,79,0.1460,0.0360,126.0641,173.1095,1071.7903,11.9675,0,0,0,0,0,0,0,0,0,0,0,0,0,0.9998,0.0058,3.9992,0.0213,70.0570,0.4859,1.0000,0.0000,4.0000,0.0000,75.0000,0.0000,0.0000,0.0000,0.0000,47.8638,0.0000,0.0000,1.4798,51.1949,38.3480,0.0000,0.0000,0.0000
18,309,20,79,0.1487,0.0360,126.0199,173.1095,1139.5791,11.9675,0,0,0,0,0,0,0,0,0,0,0,0,0,0.9998,0.0058,3.9992,0.0213,70.0570,0.4859,1.0000,0.0000,4.0000,0.0000,75.0000,0.0000,0.0000,0.0000,0.0000,47.8476,0.0000,0.0000,1.4798,51.1949,38.3480,0.0000,0.0000,0.0000
19,310,20,79,0.1513,0.0361,125.9760,173.1095,1205.0537,11.9675,0,0,0,0,0,0,0,0,0,0,0,0,0,0.9997,0.0060,3.9997,0.0227,70.0673,0.5180,1.0000,0.0000,4.0000,0.0000,75.0000,0.0000,0.0000,0.0000,0.0000,47.8314,0.0000,0.0000,1.4798,51.1949,38.3480,0.0000,0.0000,0.0000
20,311,20,79,0.1540,0.0361,125.2280,171.0586,1275.9213,11.9675,0,0,0,0,0,0,0,0,0,0,0,0,0,0.9996,0.0065,3.9998,0.0228,70.0606,0.5306,1.0000,0.0000,4.0000,0.0000,75.0000,0.0000,0.0000,0.0000,0.0000,47.5557,0.0000,0.0000,1.4269,51.1901,38.2986,0.0000,0.0000,0.0000
21,311,20,79,0.1565,0.0362,125.1866,171.0586,1354.5712,11.9675,0,0,0,0,0,0,0,0,0,0,0,0,0,0.9996,0.0065,3.9998,0.0228,70.0606,0.5306,1.0000,0.0000,4.0000,0.0000,75.0000,0.0000,0.0000,0.0000,0.0000,47.5405,0.0000,0.0000,1.4269,51.1901,38.2986,0.0000,0.0000,0.0000
22,311,20,79,0.1590,0.0363,125.1447,171.0586,1434.3993,11.9675,0,0,0,0,0,0,0,0,0,0,0,0,0,0.9996,0.0065,3.9998,0.0228,70.0606,0.5306,1.0000,0.0000,4.0000,0.0000,75.0000,0.0000,0.0000,0.0000,0.0000,47.5250,0.0000,0.0000,1.4269,51.1901,38.2986,0.0000,0.0000,0.0000
23,313,20,79,0.1614,0.0363,125.1026,171.0586,1514.0890,11.9675,0,0,0,0,0,0,0,0,0,0,0,0,0,0.9997,0.0069,4.0003,0.0242,70.0635,0.5793,1.0000,0.0000,4.0000,0.0000,75.0000,0.0000,0.0000,0.0000,0.0000,47.5096,0.0000,0.0000,1.4269,51.1901,38.2986,0.0000,0.0000,0.0000
24,315,20,79,0.1640,0.0364,125.0600,171.0586,1597.0630,11.9675,0,0,0,0,0,0,0,0,0,0,0,0,0,0.9995,0.0075,4.0000,0.0260,70.0672,0.5794,1.0000,0.0000,4.0000,0.0000,75.0000,0.0000,0.0000,0.0000,0.0000,47.4940,0.0000,0.0000,1.4269,51.1901,38.2986,0.0000,0.0000,0.0000
25,316,20,79,0.1665,0.0364,125.0174,171.0586,1682.3354,11.9675,0,0,0,0,0,0,0,0,0,0,0,0,0,0.9995,0.0075,4.0004,0.0270,70.0604,0.5911,1.0000,0.0000,4.0000,0.0000,75.0000,0.0000,0.0000,0.0000,0.0000,47.4783,0.0000,0.0000,1.4269,51.1901,38.2986,0.0000,0.0000,0.0000
26,317,20,79,0.1690,0.0365,124.9746,171.0586,1766.8171,11.9675,0,0,0,0,0,0,0,0,0,0,0,0,0,0.9995,0.0076,4.0004,0.0270,70.0652,0.5964,1.0000,0.0000,4.0000,0.0000,75.0000,0.0000,0.0000,0.0000,0.0000,47.4626,0.0000,0.0000,1.4269,51.1901,38.2986,0.0000,0.0000,0.0000
27,317,20,79,0.1714,0.0365,124.9334,171.0586,1849.0292,11.9675,0,0,0,0,0,0,0,0,0,0,0,0,0,0.9995,0.0076,4.0004,0.0270,70.0652,0.5964,1.0000,0.0000,4.0000,0.0000,75.0000,0.0000,0.0000,0.0000,0.0000,47.4472,0.0000,0.0000,1.4269,51.1901,38.2986,0.0000,0.0000,0.0000
28,317,20,79,0.1740,0.0366,124.8915,171.0586,1943.7390,11.9675,0,0,1,0,0,0,0,0,0,0,0,0,0,0.9994,0.0080,4.0003,0.0270,70.0757,0.6235,1.0000,0.0000,4.0000,0.0000,75.0000,0.0000,0.0000,0.0000,0.0000,47.4318,0.0000,0.0000,1.4269,51.1901,38.2986,0.0000,0.0000,0.0000
29,317,20,79,0.1765,0.0366,124.8498,171.0586,2021.1171,11.9675,0,0,0,0,0,0,0,0,0,0,0,0,0,0.9994,0.0080,4.0003,0.0270,70.0757,0.6235,1.0000,0.0000,4.0000,0.0000,75.0000,0.0000,0.0000,0.0000,0.0000,47.4165,0.0000,0.0000,1.4269,51.1901,38.2986,0.0000,0.0000,0.0000
30,317,20,79,0.1790,0.0367,124.0625,169.0207,2103.7866,11.9675,0,0,0,0,0,0,0,0,0,0,0,0,0,0.9994,0.0080,4.0003,0.0270,70.0757,0.6235,1.0000,0.0000,4.0000,0.0000,75.0000,0.0000,0.0000,0.0000,0.0000,47.1263,0.0000,0.0000,1.3769,51.1855,38.2516,0.0000,0.0000,0.0000
31,318,20,79,0.1814,0.0367,124.0232,169.0207,2193.6792,11.9675,0,0,0,0,0,0,0,0,0,0,0,0,0,0.9995,0.0084,4.0008,0.0281,70.0859,0.6485,1.0000,0.0000,4.0000,0.0000,75.0000,0.0000,0.0000,0.0000,0.0000,47.1118,0.0000,0.0000,1.3769,51.1855,38.2516,0.0000,0.0000,0.0000
32,318,20,79,0.1838,0.0368,123.9833,169.0207,2284.8938,11.9675,0,0,0,0,0,0,0,0,0,0,0,0,0,0.9995,0.0084,4.0008,0.0281,70.0859,0.6485,1.0000,0.0000,4.0000,0.0000,75.0000,0.0000,0.0000,0.0000,0.0000,47.0972,0.0000,0.0000,1.3769,51.1855,38.2516,0.0000,0.0000,0.0000
33,318,20,79,0.1861,0.0369,125.8610,169.0207,2375.9253,11.9675,0,0,0,0,0,0,0,0,0,0,0,0,0,0.9995,0.0084,4.0008,0.0281,70.0859,0.6485,1.0000,0.0000,4.0000,0.0000,75.0000,0.0000,0.9584,0.2769,0.2612,47.7754,0.0000,0.0042,1.3769,51.1855,38.2516,0.0000,0.0001,0.0000
34,319,20,79,0.1885,0.0369,125.8205,169.0207,2470.3103,11.9675,0,0,0,0,0,0,0,0,0,0,0,0,0,0.9997,0.0088,4.0014,0.0299,70.0949,0.6670,1.0000,0.0000,4.0000,0.0000,75.0000,0.0000,0.0000,0.0000,0.2612,47.7606,0.0000,0.0000,1.3769,51.1855,38.2516,0.0000,0.0001,0.0000
35,319,20,79,0.1909,0.0370,125.7801,169.0207,2567.2327,11.9675,0,0,0,0,0,0,0,0,0,0,0,0,0,0.9997,0.0088,4.0014,0.0299,70.0949,0.6670,1.0000,0.0000,4.0000,0.0000,75.0000,0.0000,0.0000,0.0000,0.2612,47.7456,0.0000,0.0000,1.3769,51.1855,38.2516,0.0000,0.0001,0.0000
36,318,20,79,0.1933,0.0370,125.7394,169.0207,2678.2295,11.9675,0,0,1,0,0,0,0,0,0,0,0,0,0,0.9997,0.0088,4.0014,0.0300,70.0952,0.6681,1.0000,0.0000,4.0000,0.0000,75.0000,0.0000,0.0000,0.0000,0.2612,47.7307,0.0000,0.0000,1.3769,51.1855,38.2516,0.0000,0.0001,0.0000
37,320,20,79,0.1956,0.0371,125.7003,169.0207,2771.7588,11.9675,0,0,0,0,0,0,0,0,0,0,0,0,0,0.9999,0.0091,4.0007,0.0312,70.0777,0.7029,1.0000,0.0000,4.0000,0.0000,75.0000,0.0000,0.0000,0.0000,0.2612,47.7161,0.0000,0.0000,1.3769,51.1855,38.2516,0.0000,0.0001,0.0000
38,321,20,79,0.1980,0.0371,125.6604,169.0207,2862.7888,11.9675,0,0,0,0,0,0,0,0,0,0,0,0,0,1.0000,0.0094,4.0009,0.0315,70.0878,0.7246,1.0000,0.0000,4.0000,0.0000,75.0000,0.0000,0.0000,0.0000,0.2612,47.7015,0.0000,0.0000,1.3769,51.1855,38.2516,0.0000,0.0001,0.0000
39,321,20,79,0.2004,0.0371,125.6208,169.0207,2951.4739,11.9675,0,0,0,0,0,0,0,0,0,0,0,0,0,1.0000,0.0094,4.0009,0.0315,70.0878,0.7246,1.0000,0.0000,4.0000,0.0000,75.0000,0.0000,0.0000,0.0000,0.2612,47.6870,0.0000,0.0000,1.3769,51.1855,38.2516,0.0000,0.0001,0.0000
40,323,20,79,0.2028,0.0372,124.8367,167.0056,3045.3379,11.9675,0,0,0,0,0,0,0,0,0,0,0,0,0,0.9999,0.0096,4.0014,0.0331,70.0886,0.7506,1.0000,0.0000,4.0000,0.0000,75.0000,0.0000,0.0000,0.0000,0.1709,47.3950,0.0015,0.0000,1.3299,51.1810,38.2071,0.0000,0.0001,0.0000
41,325,20,79,0.2051,0.0372,124.7993,167.0056,3145.9058,11.9675,0,0,0,0,0,0,0,0,0,0,0,0,0,0.9999,0.0099,4.0016,0.0349,70.0800,0.7601,1.0000,0.0000,4.0000,0.0000,75.0000,0.0000,0.0000,0.0000,0.1709,47.3812,0.0000,0.0000,1.3299,51.1810,38.2071,0.0000,0.0001,0.0000
42,325,20,79,0.2073,0.0373,124.7615,167.0056,3247.9358,11.9675,0,0,0,0,0,0,0,0,0,0,0,0,0,0.9999,0.0099,4.0016,0.0349,70.0800,0.7601,1.0000,0.0000,4.0000,0.0000,75.0000,0.0000,0.0000,0.0000,0.1709,47.3673,0.0000,0.0000,1.3299,51.1810,38.2071,0.0000,0.0001,0.0000
43,327,20,79,0.2096,0.0374,124.7234,167.0056,3349.7471,11.9675,0,0,0,0,0,0,0,0,0,0,0,0,0,0.9998,0.0101,4.0011,0.0365,70.0695,0.7788,1.0000,0.0000,4.0000,0.0000,75.0000,0.0000,0.0000,0.0000,0.1709,47.3533,0.0000,0.0000,1.3299,51.1810,38.2071,0.0000,0.0001,0.0000
44,328,20,79,0.2119,0.0374,124.6850,167.0056,3454.9902,11.9675,0,0,0,0,0,0,0,0,0,0,0,0,0,0.9998,0.0101,4.0012,0.0365,70.0641,0.7836,1.0000,0.0000,4.0000,0.0000,75.0000,0.0000,0.0000,0.0000,0.1709,47.3393,0.0000,0.0000,1.3299,51.1810,38.2071,0.0000,0.0001,0.0000
45,331,20,79,0.2141,0.0375,124.6465,167.0056,3562.9790,11.9675,0,0,0,0,0,0,0,0,0,0,0,0,0,0.9997,0.0104,4.0014,0.0365,70.0565,0.8021,1.0000,0.0000,4.0000,0.0000,75.0000,0.0000,0.0000,0.0000,0.1709,47.3250,0.0000,0.0000,1.3299,51.1810,38.2071,0.0000,0.0001,0.0000
46,332,20,79,0.2164,0.0375,124.6078,167.0056,3669.9116,11.9675,0,0,0,0,0,0,0,0,0,0,0,0,0,0.9997,0.0104,4.0015,0.0365,70.0506,0.8083,1.0000,0.0000,4.0000,0.0000,75.0000,0.0000,0.0000,0.0000,0.1709,47.3109,0.0000,0.0000,1.3299,51.1810,38.2071,0.0000,0.0001,0.0000
47,332,20,79,0.2186,0.0376,124.5706,167.0056,3774.1833,11.9675,0,0,0,0,0,0,0,0,0,0,0,0,0,0.9997,0.0104,4.0015,0.0365,70.0506,0.8083,1.0000,0.0000,4.0000,0.0000,75.0000,0.0000,0.0000,0.0000,0.1709,47.2970,0.0000,0.0000,1.3299,51.1810,38.2071,0.0000,0.0001,0.0000
48,332,20,79,0.2209,0.0376,124.5327,167.0056,3875.9817,11.9675,0,0,0,0,0,0,0,0,0,0,0,0,0,0.9997,0.0104,4.0015,0.0365,70.0506,0.8083,1.0000,0.0000,4.0000,0.0000,75.0000,0.0000,0.0000,0.0000,0.1709,47.2831,0.0000,0.0000,1.3299,51.1810,38.2071,0.0000,0.0001,0.0000
49,334,20,79,0.2231,0.0377,124.4951,167.0056,3975.4050,11.9675,0,0,0,0,0,0,0,0,0,0,0,0,0,0.9997,0.0106,4.0009,0.0376,70.0554,0.8198,1.0000,0.0000,4.0000,0.0000,75.0000,0.0000,0.0000,0.0000,0.1709,47.2693,0.0000,0.0000,1.3299,51.1810,38.2071,0.0000,0.0001,0.0000
50,335,20,94,0.2254,0.0377,123.6214,164.7766,4079.8835,11.9675,0,0,0,0,0,0,0,0,0,0,0,0,0,0.9997,0.0106,4.0008,0.0376,70.0451,0.8402,1.0000,0.0000,4.0000,0.0000,75.0000,0.0000,0.0000,0.0000,0.1322,46.9468,0.0014,0.0000,1.2838,51.1768,38.1631,0.0000,0.0001,0.0000
51,335,20,94,0.2276,0.0378,123.5860,164.7766,4190.5986,11.9675,0,0,0,0,0,0,0,0,0,0,0,0,0,0.9997,0.0106,4.0008,0.0376,70.0451,0.8402,1.0000,0.0000,4.0000,0.0000,75.0000,0.0000,0.0000,0.0000,0.1322,46.9338,0.0000,0.0000,1.2838,51.1768,38.1631,0.0000,0.0001,0.0000
52,336,20,94,0.2297,0.0378,123.5500,164.7766,4302.9067,11.9675,0,0,0,0,0,0,0,0,0,0,0,0,0,0.9998,0.0106,4.0010,0.0377,70.0543,0.8558,1.0000,0.0000,4.0000,0.0000,75.0000,0.0000,0.0000,0.0000,0.1322,46.9205,0.0000,0.0000,1.2838,51.1768,38.1631,0.0000,0.0001,0.0000
53,337,20,94,0.2318,0.0379,123.5138,164.7766,4414.9482,11.9675,0,0,0,0,0,0,0,0,0,0,0,0,0,0.9999,0.0109,4.0011,0.0377,70.0638,0.8719,1.0000,0.0000,4.0000,0.0000,75.0000,0.0000,0.0000,0.0000,0.1322,46.9073,0.0000,0.0000,1.2838,51.1768,38.1631,0.0000,0.0001,0.0000
54,337,20,94,0.2340,0.0379,123.4773,164.7766,4530.4971,11.9675,0,0,0,0,0,0,0,0,0,0,0,0,0,0.9999,0.0109,4.0011,0.0377,70.0638,0.8719,1.0000,0.0000,4.0000,0.0000,75.0000,0.0000,0.0000,0.0000,0.1322,46.8939,0.0000,0.0000,1.2838,51.1768,38.1631,0.0000,0.0001,0.0000
55,338,20,94,0.2361,0.0380,123.4408,164.7766,4648.9868,11.9675,0,0,0,0,0,0,0,0,0,0,0,0,0,1.0000,0.0110,4.0006,0.0388,70.0661,0.8717,1.0000,0.0000,4.0000,0.0000,75.0000,0.0000,0.0000,0.0000,0.1322,46.8804,0.0000,0.0000,1.2838,51.1768,38.1631,0.0000,0.0001,0.0000
56,341,20,94,0.2383,0.0380,123.4040,164.7766,4766.3008,11.9675,0,0,0,0,0,0,0,0,0,0,0,0,0,0.9998,0.0112,4.0009,0.0402,70.0574,0.8847,1.0000,0.0000,4.0000,0.0000,75.0000,0.0000,0.0000,0.0000,0.1322,46.8669,0.0000,0.0000,1.2838,51.1768,38.1631,0.0000,0.0001,0.0000
57,342,20,94,0.2404,0.0381,123.3686,164.7766,4895.7700,11.9675,0,0,1,0,0,0,0,0,0,0,0,0,0,0.9998,0.0114,4.0007,0.0414,70.0602,0.8849,1.0000,0.0000,4.0000,0.0000,75.0000,0.0000,0.0000,0.0000,0.1322,46.8537,0.0000,0.0000,1.2838,51.1768,38.1631,0.0000,0.0001,0.0000
58,344,20,94,0.2426,0.0381,123.3326,164.7766,5007.8086,11.9675,0,0,0,0,0,0,0,0,0,0,0,0,0,0.9997,0.0116,4.0006,0.0414,70.0557,0.8926,1.0000,0.0000,4.0000,0.0000,75.0000,0.0000,0.0000,0.0000,0.1322,46.8405,0.0000,0.0000,1.2838,51.1768,38.1631,0.0000,0.0001,0.0000
59,347,20,94,0.2447,0.0381,123.2969,164.7766,5117.4395,11.9675,0,0,0,0,0,0,0,0,0,0,0,0,0,0.9996,0.0118,4.0006,0.0426,70.0498,0.9106,1.0000,0.0000,4.0000,0.0000,75.0000,0.0000,0.0000,0.0000,0.1322,46.8274,0.0000,0.0000,1.2838,51.1768,38.1631,0.0000,0.0001,0.0000
60,346,20,94,0.2469,0.0382,122.4031,162.8050,5246.9619,11.9675,0,0,1,0,0,0,0,0,0,0,0,0,0,0.9996,0.0118,4.0006,0.0427,70.0499,0.9119,1.0000,0.0000,4.0000,0.0000,75.0000,0.0000,0.0000,0.0000,0.1096,46.4980,0.0014,0.0000,1.2420,51.1728,38.1227,0.0000,0.0001,0.0000
61,346,20,94,0.2489,0.0382,122.3694,162.8050,5367.3037,11.9675,0,0,0,0,0,0,0,0,0,0,0,0,0,0.9996,0.0118,4.0006,0.0427,70.0499,0.9119,1.0000,0.0000,4.0000,0.0000,75.0000,0.0000,0.0000,0.0000,0.1096,46.4856,0.0000,0.0000,1.2420,51.1728,38.1227,0.0000,0.0001,0.0000
62,346,20,94,0.2510,0.0383,122.3352,162.8050,5489.3560,11.9675,0,0,0,0,0,0,0,0,0,0,0,0,0,0.9996,0.0118,4.0006,0.0427,70.0499,0.9119,1.0000,0.0000,4.0000,0.0000,75.0000,0.0000,0.0000,0.0000,0.1096,46.4730,0.0000,0.0000,1.2420,51.1728,38.1227,0.0000,0.0001,0.0000
63,346,20,94,0.2530,0.0384,132.0443,162.8050,5611.1177,11.9675,0,0,0,0,0,0,0,0,0,0,0,0,0,0.9996,0.0118,4.0006,0.0427,70.0499,0.9119,1.0000,0.0000,4.0000,0.0000,75.0000,0.0000,4.9040,1.6081,1.0668,50.0338,0.0000,0.3734,1.2420,51.1728,38.1227,0.0000,0.0138,0.0000
64,347,20,94,0.2550,0.0384,132.0095,162.8050,5736.4526,11.9675,0,0,0,0,0,0,0,0,0,0,0,0,0,0.9995,0.0118,4.0011,0.0436,70.0551,0.9157,1.0000,0.0000,4.0000,0.0000,75.0000,0.0000,0.0000,0.0000,1.0668,50.0212,0.0000,0.0000,1.2420,51.1728,38.1227,0.0000,0.0138,0.0000
65,347,20,94,0.2570,0.0385,131.9748,162.8050,5864.9067,11.9675,0,0,0,0,0,0,0,0,0,0,0,0,0,0.9995,0.0118,4.0011,0.0436,70.0551,0.9157,1.0000,0.0000,4.0000,0.0000,75.0000,0.0000,0.0000,0.0000,1.0668,50.0083,0.0000,0.0000,1.2420,51.1728,38.1227,0.0000,0.0138,0.0000
66,347,20,94,0.2591,0.0385,131.9398,162.8050,5992.0830,11.9675,0,0,0,0,0,0,0,0,0,0,0,0,0,0.9995,0.0118,4.0011,0.0436,70.0551,0.9157,1.0000,0.0000,4.0000,0.0000,75.0000,0.0000,0.0000,0.0000,1.0668,49.9954,0.0000,0.0000,1.2420,51.1728,38.1227,0.0000,0.0138,0.0000
67,347,20,94,0.2611,0.0385,131.9062,162.8050,6116.2480,11.9675,0,0,0,0,0,0,0,0,0,0,0,0,0,0.9995,0.0118,4.0011,0.0436,70.0551,0.9157,1.0000,0.0000,4.0000,0.0000,75.0000,0.0000,0.0000,0.0000,1.0668,49.9829,0.0000,0.0000,1.2420,51.1728,38.1227,0.0000,0.0138,0.0000
68,348,20,94,0.2632,0.0386,131.8719,162.8050,6238.0020,11.9675,0,0,0,0,0,0,0,0,0,0,0,0,0,0.9994,0.0120,4.0007,0.0441,70.0552,0.9143,1.0000,0.0000,4.0000,0.0000,75.0000,0.0000,0.0000,0.0000,1.0668,49.9703,0.0000,0.0000,1.2420,51.1728,38.1227,0.0000,0.0138,0.0000
69,347,20,94,0.2652,0.0386,131.8380,162.8050,6372.3345,11.9675,0,0,1,0,0,0,0,0,0,0,0,0,0,0.9994,0.0120,4.0007,0.0441,70.0553,0.9157,1.0000,0.0000,4.0000,0.0000,75.0000,0.0000,0.0000,0.0000,1.0668,49.9579,0.0000,0.0000,1.2420,51.1728,38.1227,0.0000,0.0138,0.0000
70,347,20,94,0.2673,0.0387,131.2271,160.8850,6496.2573,11.9675,0,0,0,0,0,0,0,0,0,0,0,0,0,0.9994,0.0120,4.0007,0.0441,70.0553,0.9157,1.0000,0.0000,4.0000,0.0000,75.0000,0.0000,0.0000,0.0000,0.8840,49.7007,0.0072,0.0000,1.2032,51.1554,38.0848,0.0001,0.0138,0.0000
71,348,20,94,0.2692,0.0387,131.1950,160.8850,6625.7622,11.9675,0,0,0,0,0,0,0,0,0,0,0,0,0,0.9993,0.0122,4.0009,0.0441,70.0571,0.9149,1.0000,0.0000,4.0000,0.0000,75.0000,0.0000,0.0000,0.0000,0.8840,49.6888,0.0000,0.0000,1.2032,51.1554,38.0848,0.0001,0.0138,0.0000
72,349,20,94,0.2711,0.0388,131.1625,160.8850,6757.0708,11.9675,0,0,0,0,0,0,0,0,0,0,0,0,0,0.9992,0.0122,4.0012,0.0444,70.0545,0.9149,1.0000,0.0000,4.0000,0.0000,75.0000,0.0000,0.0000,0.0000,0.8840,49.6768,0.0000,0.0000,1.2032,51.1554,38.0848,0.0001,0.0138,0.0000
73,350,20,94,0.2730,0.0388,131.1297,160.8850,6888.0801,11.9675,0,0,0,0,0,0,0,0,0,0,0,0,0,0.9993,0.0123,4.0007,0.0452,70.0588,0.9170,1.0000,0.0000,4.0000,0.0000,75.0000,0.0000,0.0000,0.0000,0.8840,49.6648,0.0000,0.0000,1.2032,51.1554,38.0848,0.0001,0.0138,0.0000
74,352,20,94,0.2750,0.0389,131.0966,160.8850,7022.7305,11.9675,0,0,0,0,0,0,0,0,0,0,0,0,0,0.9991,0.0126,4.0008,0.0469,70.0469,0.9279,1.0000,0.0000,4.0000,0.0000,75.0000,0.0000,0.0000,0.0000,0.8840,49.6527,0.0000,0.0000,1.2032,51.1554,38.0848,0.0001,0.0138,0.0000
75,356,20,94,0.2769,0.0389,155.5313,160.8850,7160.6714,11.9675,0,0,0,0,0,0,0,0,0,0,0,0,0,0.9991,0.0126,4.0003,0.0473,70.0692,0.9525,1.0000,0.0000,4.0000,0.0000,75.0000,0.0000,12.8690,4.7148,2.0753,58.7959,0.0000,2.5224,1.2032,51.1554,38.0848,0.0001,0.1580,0.0000
76,357,20,94,0.2789,0.0390,155.4981,160.8850,7297.2451,11.9675,0,0,0,0,0,0,0,0,0,0,0,0,0,0.9992,0.0128,3.9999,0.0480,70.0763,0.9607,1.0000,0.0000,4.0000,0.0000,75.0000,0.0000,0.0000,0.0000,2.0753,58.7837,0.0000,0.0000,1.2032,51.1554,38.0848,0.0001,0.1580,0.0000
77,358,20,94,0.2808,0.0390,155.4662,160.8850,7430.6323,11.9675,0,0,0,0,0,0,0,0,0,0,0,0,0,0.9992,0.0128,4.0001,0.0481,70.0820,0.9653,1.0000,0.0000,4.0000,0.0000,75.0000,0.0000,0.0000,0.0000,2.0753,58.7718,0.0000,0.0000,1.2032,51.1554,38.0848,0.0001,0.1580,0.0000
78,358,20,94,0.2827,0.0391,155.4337,160.8850,7561.6299,11.9675,0,0,0,0,0,0,0,0,0,0,0,0,0,0.9992,0.0128,4.0001,0.0481,70.0820,0.9653,1.0000,0.0000,4.0000,0.0000,75.0000,0.0000,0.0000,0.0000,2.0753,58.7598,0.0000,0.0000,1.2032,51.1554,38.0848,0.0001,0.1580,0.0000
79,359,20,94,0.2846,0.0391,155.4015,160.8850,7705.1826,11.9675,0,0,1,0,0,0,0,0,0,0,0,0,0,0.9992,0.0130,4.0000,0.0481,70.0694,0.9790,1.0000,0.0000,4.0000,0.0000,75.0000,0.0000,0.0000,0.0000,2.0753,58.7479,0.0000,0.0000,1.2032,51.1554,38.0848,0.0001,0.1580,0.0000
80,360,20,94,0.2866,0.0391,155.2130,159.0172,7837.7578,11.9675,0,0,0,0,0,0,0,0,0,0,0,0,0,0.9992,0.0130,4.0004,0.0486,70.0635,0.9840,1.0000,0.0000,4.0000,0.0000,75.0000,0.0000,0.0000,0.0000,1.6939,58.6296,0.0537,0.0000,1.1672,50.9941,38.0496,0.0007,0.1580,0.0000
81,359,20,94,0.2885,0.0392,155.1824,159.0172,7990.9746,11.9675,0,0,1,0,0,0,0,0,0,0,0,0,0,0.9992,0.0131,4.0004,0.0486,70.0637,0.9853,1.0000,0.0000,4.0000,0.0000,75.0000,0.0000,0.0000,0.0000,1.6939,58.6184,0.0000,0.0000,1.1672,50.9941,38.0496,0.0007,0.1580,0.0000
82,360,20,94,0.2903,0.0392,155.1515,159.0172,8131.0874,11.9675,0,0,0,0,0,0,0,0,0,0,0,0,0,0.9992,0.0131,4.0008,0.0491,70.0629,0.9841,1.0000,0.0000,4.0000,0.0000,75.0000,0.0000,0.0000,0.0000,1.6939,58.6069,0.0000,0.0000,1.1672,50.9941,38.0496,0.0007,0.1580,0.0000
83,361,20,94,0.2921,0.0393,155.1203,159.0172,8270.8916,11.9675,0,0,0,0,0,0,0,0,0,0,0,0,0,0.9992,0.0131,4.0013,0.0500,70.0641,0.9830,1.0000,0.0000,4.0000,0.0000,75.0000,0.0000,0.0000,0.0000,1.6939,58.5955,0.0000,0.0000,1.1672,50.9941,38.0496,0.0007,0.1580,0.0000
84,362,20,94,0.2940,0.0394,155.0888,159.0172,8429.4043,11.9675,0,0,1,0,0,0,0,0,0,0,0,0,0,0.9993,0.0133,4.0010,0.0508,70.0613,0.9874,1.0000,0.0000,4.0000,0.0000,75.0000,0.0000,0.0000,0.0000,1.6939,58.5840,0.0000,0.0000,1.1672,50.9941,38.0496,0.0007,0.1580,0.0000
85,362,20,94,0.2958,0.0394,155.0573,159.0172,8576.3447,11.9675,0,0,0,0,0,0,0,0,0,0,0,0,0,0.9993,0.0133,4.0010,0.0508,70.0613,0.9874,1.0000,0.0000,4.0000,0.0000,75.0000,0.0000,0.0000,0.0000,1.6939,58.5723,0.0000,0.0000,1.1672,50.9941,38.0496,0.0007,0.1580,0.0000
86,362,20,94,0.2977,0.0394,155.0256,159.0172,8721.8535,11.9675,0,0,0,0,0,0,0,0,0,0,0,0,0,0.9993,0.0133,4.0010,0.0508,70.0613,0.9874,1.0000,0.0000,4.0000,0.0000,75.0000,0.0000,0.0000,0.0000,1.6939,58.5607,0.0000,0.0000,1.1672,50.9941,38.0496,0.0007,0.1580,0.0000
87,363,20,94,0.2995,0.0395,154.9951,159.0172,8863.9990,11.9675,0,0,0,0,0,0,0,0,0,0,0,0,0,0.9994,0.0133,4.0012,0.0509,70.0653,0.9889,1.0000,0.0000,4.0000,0.0000,75.0000,0.0000,0.0000,0.0000,1.6939,58.5494,0.0000,0.0000,1.1672,50.9941,38.0496,0.0007,0.1580,0.0000
88,364,20,94,0.3013,0.0395,154.9641,159.0172,9003.7939,11.9675,0,0,0,0,0,0,0,0,0,0,0,0,0,0.9992,0.0136,4.0013,0.0509,70.0718,0.9954,1.0000,0.0000,4.0000,0.0000,75.0000,0.0000,0.0000,0.0000,1.6939,58.5379,0.0000,0.0000,1.1672,50.9941,38.0496,0.0007,0.1580,0.0000
89,365,20,94,0.3032,0.0395,154.9333,159.0172,9141.1104,11.9675,0,0,0,0,0,0,0,0,0,0,0,0,0,0.9993,0.0137,4.0008,0.0516,70.0701,0.9946,1.0000,0.0000,4.0000,0.0000,75.0000,0.0000,0.0000,0.0000,1.6939,58.5266,0.0000,0.0000,1.1672,50.9941,38.0496,0.0007,0.1580,0.0000
90,365,20,94,0.3051,0.0396,153.9849,157.2901,9297.1465,11.9675,0,0,1,0,0,0,0,0,0,0,0,0,0,0.9993,0.0138,4.0008,0.0516,70.0755,0.9995,1.0000,0.0000,4.0000,0.0000,75.0000,0.0000,0.0000,0.0000,1.5725,58.1714,0.0298,0.0000,1.1353,50.9909,38.0165,0.0003,0.1580,0.0000
91,366,20,94,0.3068,0.0396,153.9558,157.2901,9443.6338,11.9675,0,0,0,0,0,0,0,0,0,0,0,0,0,0.9993,0.0138,4.0010,0.0517,70.0832,1.0090,1.0000,0.0000,4.0000,0.0000,75.0000,0.0000,0.0000,0.0000,1.5725,58.1607,0.0000,0.0000,1.1353,50.9909,38.0165,0.0003,0.1580,0.0000
92,366,20,94,0.3086,0.0397,153.9263,157.2901,9592.1270,11.9675,0,0,0,0,0,0,0,0,0,0,0,0,0,0.9993,0.0138,4.0010,0.0517,70.0832,1.0090,1.0000,0.0000,4.0000,0.0000,75.0000,0.0000,0.0000,0.0000,1.5725,58.1498,0.0000,0.0000,1.1353,50.9909,38.0165,0.0003,0.1580,0.0000
93,369,20,94,0.3103,0.0397,153.8966,157.2901,9740.3057,11.9675,0,0,0,0,0,0,0,0,0,0,0,0,0,0.9995,0.0142,4.0005,0.0522,70.0881,1.0187,1.0000,0.0000,4.0000,0.0000,75.0000,0.0000,0.0000,0.0000,1.5725,58.1389,0.0000,0.0000,1.1353,50.9909,38.0165,0.0003,0.1580,0.0000
94,370,20,94,0.3121,0.0398,165.6877,157.2901,9892.2451,11.9675,0,0,0,0,0,0,0,0,0,0,0,0,0,0.9994,0.0142,4.0005,0.0522,70.0934,1.0225,1.0000,0.0000,4.0000,0.0000,75.0000,0.0000,6.1219,2.1231,2.0022,62.6446,0.0000,1.1757,1.1353,50.9909,38.0165,0.0003,0.0572,0.0000
95,369,20,94,0.3138,0.0398,165.6584,157.2901,10062.7598,11.9675,0,0,1,0,0,0,0,0,0,0,0,0,0,0.9994,0.0142,4.0005,0.0522,70.0937,1.0239,1.0000,0.0000,4.0000,0.0000,75.0000,0.0000,0.0000,0.0000,2.0022,62.6334,0.0000,0.0000,1.1353,50.9909,38.0165,0.0003,0.0572,0.0000
96,371,20,94,0.3155,0.0399,165.6287,157.2901,10216.7812,11.9675,0,0,0,0,0,0,0,0,0,0,0,0,0,0.9993,0.0143,4.0002,0.0524,70.0866,1.0258,1.0000,0.0000,4.0000,0.0000,75.0000,0.0000,0.0000,0.0000,2.0022,62.6223,0.0000,0.0000,1.1353,50.9909,38.0165,0.0003,0.0572,0.0000
97,371,20,94,0.3172,0.0399,165.6001,157.2901,10367.2705,11.9675,0,0,0,0,0,0,0,0,0,0,0,0,0,0.9993,0.0143,4.0002,0.0524,70.0866,1.0258,1.0000,0.0000,4.0000,0.0000,75.0000,0.0000,0.0000,0.0000,2.0022,62.6115,0.0000,0.0000,1.1353,50.9909,38.0165,0.0003,0.0572,0.0000
98,373,20,94,0.3190,0.0400,165.5713,157.2901,10515.4355,11.9675,0,0,0,0,0,0,0,0,0,0,0,0,0,0.9992,0.0144,4.0005,0.0525,70.0781,1.0333,1.0000,0.0000,4.0000,0.0000,75.0000,0.0000,0.0000,0.0000,2.0022,62.6007,0.0000,0.0000,1.1353,50.9909,38.0165,0.0003,0.0572,0.0000
99,374,20,94,0.3207,0.0400,165.5429,157.2901,10676.0947,11.9675,0,0,1,0,0,0,0,0,0,0,0,0,0,0.9993,0.0144,4.0001,0.0531,70.0789,1.0361,1.0000,0.0000,4.0000,0.0000,75.0000,0.0000,0.0000,0.0000,2.0022,62.5899,0.0000,0.0000,1.1353,50.9909,38.0165,0.0003,0.0572,0.0000
100,375,20,108,0.3225,0.0400,164.7057,155.5011,10824.9229,14.3140,0,0,0,0,0,0,0,0,0,0,0,0,0,0.9993,0.0144,4.0004,0.0533,70.0784,1.0348,1.0000,0.0000,4.0000,0.0000,75.0000,0.0000,0.0000,0.0000,1.7995,62.1430,0.1747,0.0000,1.1039,50.9306,37.9820,0.0020,0.0572,0.0000
101,378,20,108,0.3242,0.0401,171.5480,155.5011,10979.3086,14.3140,0,0,0,0,0,0,0,0,0,0,0,0,0,0.9993,0.0146,4.0009,0.0552,70.0768,1.0479,1.0000,0.0000,4.0000,0.0000,75.0000,0.0000,3.7463,1.2766,2.0023,64.9611,0.0000,0.7152,1.1039,50.9306,37.9820,0.0020,0.0305,0.0000
102,378,20,108,0.3258,0.0401,171.5214,155.5011,11135.7861,14.3140,0,0,0,0,0,0,0,0,0,0,0,0,0,0.9993,0.0146,4.0009,0.0552,70.0768,1.0479,1.0000,0.0000,4.0000,0.0000,75.0000,0.0000,0.0000,0.0000,2.0023,64.9507,0.0000,0.0000,1.1039,50.9306,37.9820,0.0020,0.0305,0.0000
103,378,20,108,0.3274,0.0402,171.4943,155.5011,11291.9326,14.3140,0,0,0,0,0,0,0,0,0,0,0,0,0,0.9993,0.0146,4.0009,0.0552,70.0768,1.0479,1.0000,0.0000,4.0000,0.0000,75.0000,0.0000,0.0000,0.0000,2.0023,64.9404,0.0000,0.0000,1.1039,50.9306,37.9820,0.0020,0.0305,0.0000
104,379,20,108,0.3291,0.0402,171.4673,155.5011,11451.8994,14.3140,0,0,0,0,0,0,0,0,0,0,0,0,0,0.9994,0.0145,4.0007,0.0553,70.0784,1.0470,1.0000,0.0000,4.0000,0.0000,75.0000,0.0000,0.0000,0.0000,2.0023,64.9300,0.0000,0.0000,1.1039,50.9306,37.9820,0.0020,0.0305,0.0000
105,379,20,108,0.3307,0.0403,171.4398,155.5011,11615.5801,14.3140,0,0,0,0,0,0,0,0,0,0,0,0,0,0.9994,0.0145,4.0007,0.0553,70.0784,1.0470,1.0000,0.0000,4.0000,0.0000,75.0000,0.0000,0.0000,0.0000,2.0023,64.9194,0.0000,0.0000,1.1039,50.9306,37.9820,0.0020,0.0305,0.0000
106,380,20,108,0.3324,0.0403,171.4123,155.5011,11777.7197,14.3140,0,0,0,0,0,0,0,0,0,0,0,0,0,0.9995,0.0147,4.0003,0.0556,70.0805,1.0465,1.0000,0.0000,4.0000,0.0000,75.0000,0.0000,0.0000,0.0000,2.0023,64.9088,0.0000,0.0000,1.1039,50.9306,37.9820,0.0020,0.0305,0.0000
107,382,20,108,0.3340,0.0403,171.3855,155.5011,11951.1455,14.3140,0,0,1,0,0,0,0,0,0,0,0,0,0,0.9995,0.0148,4.0003,0.0558,70.0737,1.0485,1.0000,0.0000,4.0000,0.0000,75.0000,0.0000,0.0000,0.0000,2.0023,64.8985,0.0000,0.0000,1.1039,50.9306,37.9820,0.0020,0.0305,0.0000
108,382,20,108,0.3357,0.0404,171.3587,155.5011,12107.2656,14.3140,0,0,0,0,0,0,0,0,0,0,0,0,0,0.9995,0.0148,4.0003,0.0558,70.0737,1.0485,1.0000,0.0000,4.0000,0.0000,75.0000,0.0000,0.0000,0.0000,2.0023,64.8881,0.0000,0.0000,1.1039,50.9306,37.9820,0.0020,0.0305,0.0000
109,382,20,108,0.3373,0.0404,171.3322,155.5011,12260.8379,14.3140,0,0,0,0,0,0,0,0,0,0,0,0,0,0.9995,0.0148,4.0003,0.0558,70.0737,1.0485,1.0000,0.0000,4.0000,0.0000,75.0000,0.0000,0.0000,0.0000,2.0023,64.8779,0.0000,0.0000,1.1039,50.9306,37.9820,0.0020,0.0305,0.0000
110,383,20,108,0.3390,0.0404,170.2779,153.8948,12416.3633,14.3140,0,0,0,0,0,0,0,0,0,0,0,0,0,0.9995,0.0147,4.0003,0.0557,70.0782,1.0508,1.0000,0.0000,4.0000,0.0000,75.0000,0.0000,0.0000,0.0000,1.8248,64.2215,0.3169,0.0000,1.0774,50.8977,37.9513,0.0033,0.0305,0.0000
111,383,20,108,0.3406,0.0405,170.2514,153.8948,12578.2812,14.3140,0,0,0,0,0,0,0,0,0,0,0,0,0,0.9995,0.0147,4.0003,0.0557,70.0782,1.0508,1.0000,0.0000,4.0000,0.0000,75.0000,0.0000,0.0000,0.0000,1.8248,64.2117,0.0000,0.0000,1.0774,50.8977,37.9513,0.0033,0.0305,0.0000
112,384,20,108,0.3422,0.0405,170.2246,153.8948,12742.3584,14.3140,0,0,0,0,0,0,0,0,0,0,0,0,0,0.9995,0.0148,4.0005,0.0558,70.0801,1.0501,1.0000,0.0000,4.0000,0.0000,75.0000,0.0000,0.0000,0.0000,1.8248,64.2018,0.0000,0.0000,1.0774,50.8977,37.9513,0.0033,0.0305,0.0000
113,387,20,108,0.3437,0.0406,170.1975,153.8948,12906.0771,14.3140,0,0,0,0,0,0,0,0,0,0,0,0,0,0.9995,0.0151,4.0011,0.0564,70.0964,1.0665,1.0000,0.0000,4.0000,0.0000,75.0000,0.0000,0.0000,0.0000,1.8248,64.1919,0.0000,0.0000,1.0774,50.8977,37.9513,0.0033,0.0305,0.0000
114,387,20,108,0.3453,0.0406,170.1702,153.8948,13073.6123,14.3140,0,0,0,0,0,0,0,0,0,0,0,0,0,0.9995,0.0151,4.0011,0.0564,70.0964,1.0665,1.0000,0.0000,4.0000,0.0000,75.0000,0.0000,0.0000,0.0000,1.8248,64.1819,0.0000,0.0000,1.0774,50.8977,37.9513,0.0033,0.0305,0.0000
115,387,20,108,0.3469,0.0407,170.1429,153.8948,13245.0869,14.3140,0,0,0,0,0,0,0,0,0,0,0,0,0,0.9995,0.0151,4.0011,0.0564,70.0964,1.0665,1.0000,0.0000,4.0000,0.0000,75.0000,0.0000,0.0000,0.0000,1.8248,64.1717,0.0000,0.0000,1.0774,50.8977,37.9513,0.0033,0.0305,0.0000
116,388,20,108,0.3485,0.0407,170.1154,153.8948,13414.9678,14.3140,0,0,0,0,0,0,0,0,0,0,0,0,0,0.9995,0.0151,4.0014,0.0565,70.0980,1.0656,1.0000,0.0000,4.0000,0.0000,75.0000,0.0000,0.0000,0.0000,1.8248,64.1617,0.0000,0.0000,1.0774,50.8977,37.9513,0.0033,0.0305,0.0000
117,389,20,108,0.3501,0.0407,170.0889,153.8948,13580.9609,14.3140,0,0,0,0,0,0,0,0,0,0,0,0,0,0.9995,0.0151,4.0010,0.0568,70.1004,1.0653,1.0000,0.0000,4.0000,0.0000,75.0000,0.0000,0.0000,0.0000,1.8248,64.1518,0.0000,0.0000,1.0774,50.8977,37.9513,0.0033,0.0305,0.0000
118,391,20,108,0.3517,0.0408,170.0620,153.8948,13744.6826,14.3140,0,0,0,0,0,0,0,0,0,0,0,0,0,0.9995,0.0151,4.0013,0.0577,70.0855,1.0828,1.0000,0.0000,4.0000,0.0000,75.0000,0.0000,0.0000,0.0000,1.8248,64.1419,0.0000,0.0000,1.0774,50.8977,37.9513,0.0033,0.0305,0.0000
119,392,20,108,0.3533,0.0408,170.0353,153.8948,13905.7686,14.3140,0,0,0,0,0,0,0,0,0,0,0,0,0,0.9995,0.0151,4.0014,0.0576,70.0775,1.0931,1.0000,0.0000,4.0000,0.0000,75.0000,0.0000,0.0000,0.0000,1.8248,64.1321,0.0000,0.0000,1.0774,50.8977,37.9513,0.0033,0.0305,0.0000
120,394,20,108,0.3549,0.0409,168.9052,152.5668,14083.3711,14.3140,0,0,1,0,0,0,0,0,0,0,0,0,0,0.9996,0.0154,4.0019,0.0582,70.0717,1.1112,1.0000,0.0000,4.0000,0.0000,75.0000,0.0000,0.0000,0.0000,1.6767,63.7130,0.0530,0.0000,1.0558,50.8954,37.9254,0.0003,0.0305,0.0000
121,395,20,108,0.3564,0.0409,168.8799,152.5668,14252.4502,14.3140,0,0,0,0,0,0,0,0,0,0,0,0,0,0.9996,0.0154,4.0017,0.0583,70.0791,1.1195,1.0000,0.0000,4.0000,0.0000,75.0000,0.0000,0.0000,0.0000,1.6767,63.7036,0.0000,0.0000,1.0558,50.8954,37.9254,0.0003,0.0305,0.0000
122,397,20,108,0.3579,0.0409,168.8542,152.5668,14423.7939,14.3140,0,0,0,0,0,0,0,0,0,0,0,0,0,0.9997,0.0155,4.0020,0.0585,70.0910,1.1299,1.0000,0.0000,4.0000,0.0000,75.0000,0.0000,0.0000,0.0000,1.6767,63.6941,0.0000,0.0000,1.0558,50.8954,37.9254,0.0003,0.0305,0.0000
123,399,20,108,0.3594,0.0410,168.8283,152.5668,14594.7471,14.3140,0,0,0,0,0,0,0,0,0,0,0,0,0,0.9997,0.0155,4.0025,0.0591,70.0896,1.1278,1.0000,0.0000,4.0000,0.0000,75.0000,0.0000,0.0000,0.0000,1.6767,63.6846,0.0000,0.0000,1.0558,50.8954,37.9254,0.0003,0.0305,0.0000
124,399,20,108,0.3610,0.0410,168.8022,152.5668,14769.5771,14.3140,0,0,0,0,0,0,0,0,0,0,0,0,0,0.9997,0.0155,4.0025,0.0591,70.0896,1.1278,1.0000,0.0000,4.0000,0.0000,75.0000,0.0000,0.0000,0.0000,1.6767,63.6751,0.0000,0.0000,1.0558,50.8954,37.9254,0.0003,0.0305,0.0000
125,399,20,108,0.3625,0.0411,168.7761,152.5668,14948.4766,14.3140,0,0,0,0,0,0,0,0,0,0,0,0,0,0.9997,0.0155,4.0025,0.0591,70.0896,1.1278,1.0000,0.0000,4.0000,0.0000,75.0000,0.0000,0.0000,0.0000,1.6767,63.6654,0.0000,0.0000,1.0558,50.8954,37.9254,0.0003,0.0305,0.0000
126,399,20,108,0.3640,0.0411,168.7497,152.5668,15125.7510,14.3140,0,0,0,0,0,0,0,0,0,0,0,0,0,0.9997,0.0155,4.0025,0.0591,70.0896,1.1278,1.0000,0.0000,4.0000,0.0000,75.0000,0.0000,0.0000,0.0000,1.6767,63.6557,0.0000,0.0000,1.0558,50.8954,37.9254,0.0003,0.0305,0.0000
127,399,20,108,0.3655,0.0411,168.7245,152.5668,15298.9824,14.3140,0,0,0,0,0,0,0,0,0,0,0,0,0,0.9997,0.0155,4.0025,0.0591,70.0896,1.1278,1.0000,0.0000,4.0000,0.0000,75.0000,0.0000,0.0000,0.0000,1.6767,63.6463,0.0000,0.0000,1.0558,50.8954,37.9254,0.0003,0.0305,0.0000
128,400,20,108,0.3670,0.0412,168.6986,152.5668,15469.9482,14.3140,0,0,0,0,0,0,0,0,0,0,0,0,0,0.9997,0.0155,4.0026,0.0590,70.0846,1.1308,1.0000,0.0000,4.0000,0.0000,75.0000,0.0000,0.0000,0.0000,1.6767,63.6368,0.0000,0.0000,1.0558,50.8954,37.9254,0.0003,0.0305,0.0000
129,400,20,108,0.3685,0.0412,168.6732,152.5668,15638.2236,14.3140,0,0,0,0,0,0,0,0,0,0,0,0,0,0.9997,0.0155,4.0026,0.0590,70.0846,1.1308,1.0000,0.0000,4.0000,0.0000,75.0000,0.0000,0.0000,0.0000,1.6767,63.6275,0.0000,0.0000,1.0558,50.8954,37.9254,0.0003,0.0305,0.0000
130,399,20,108,0.3701,0.0413,167.5030,151.3148,15822.5625,14.3140,0,0,1,0,0,0,0,0,0,0,0,0,0,0.9997,0.0155,4.0025,0.0591,70.0762,1.1197,1.0000,0.0000,4.0000,0.0000,75.0000,0.0000,0.0000,0.0000,1.5679,63.1954,0.0264,0.0000,1.0359,50.8931,37.9010,0.0001,0.0305,0.0000
131,400,20,108,0.3715,0.0413,167.4788,151.3148,15998.5049,14.3140,0,0,0,0,0,0,0,0,0,0,0,0,0,0.9998,0.0156,4.0022,0.0594,70.0844,1.1302,1.0000,0.0000,4.0000,0.0000,75.0000,0.0000,0.0000,0.0000,1.5679,63.1864,0.0000,0.0000,1.0359,50.8931,37.9010,0.0001,0.0305,0.0000
132,400,20,108,0.3730,0.0413,167.4542,151.3148,16176.7793,14.3140,0,0,0,0,0,0,0,0,0,0,0,0,0,0.9998,0.0156,4.0022,0.0594,70.0844,1.1302,1.0000,0.0000,4.0000,0.0000,75.0000,0.0000,0.0000,0.0000,1.5679,63.1774,0.0000,0.0000,1.0359,50.8931,37.9010,0.0001,0.0305,0.0000
133,402,20,108,0.3744,0.0414,167.4294,151.3148,16354.6611,14.3140,0,0,0,0,0,0,0,0,0,0,0,0,0,0.9999,0.0157,4.0020,0.0601,70.0920,1.1330,1.0000,0.0000,4.0000,0.0000,75.0000,0.0000,0.0000,0.0000,1.5679,63.1683,0.0000,0.0000,1.0359,50.8931,37.9010,0.0001,0.0305,0.0000
134,404,20,108,0.3759,0.0414,167.4044,151.3148,16536.4609,14.3140,0,0,0,0,0,0,0,0,0,0,0,0,0,0.9998,0.0157,4.0023,0.0600,70.0871,1.1325,1.0000,0.0000,4.0000,0.0000,75.0000,0.0000,0.0000,0.0000,1.5679,63.1592,0.0000,0.0000,1.0359,50.8931,37.9010,0.0001,0.0305,0.0000
135,404,20,108,0.3773,0.0415,167.3794,151.3148,16722.4609,14.3140,0,0,0,0,0,0,0,0,0,0,0,0,0,0.9998,0.0157,4.0023,0.0600,70.0871,1.1325,1.0000,0.0000,4.0000,0.0000,75.0000,0.0000,0.0000,0.0000,1.5679,63.1499,0.0000,0.0000,1.0359,50.8931,37.9010,0.0001,0.0305,0.0000
136,404,20,108,0.3788,0.0415,167.3542,151.3148,16906.7969,14.3140,0,0,0,0,0,0,0,0,0,0,0,0,0,0.9998,0.0157,4.0023,0.0600,70.0871,1.1325,1.0000,0.0000,4.0000,0.0000,75.0000,0.0000,0.0000,0.0000,1.5679,63.1406,0.0000,0.0000,1.0359,50.8931,37.9010,0.0001,0.0305,0.0000
137,405,20,108,0.3802,0.0415,167.3300,151.3148,17086.9473,14.3140,0,0,0,0,0,0,0,0,0,0,0,0,0,0.9998,0.0157,4.0018,0.0607,70.0791,1.1425,1.0000,0.0000,4.0000,0.0000,75.0000,0.0000,0.0000,0.0000,1.5679,63.1316,0.0000,0.0000,1.0359,50.8931,37.9010,0.0001,0.0305,0.0000
138,405,21,108,0.3817,0.0416,167.3052,151.3148,17279.8457,14.3140,0,0,1,0,0,0,0,0,0,0,0,0,0,0.9998,0.0158,4.0018,0.0607,70.0772,1.1433,1.0023,0.0104,3.9919,0.0363,74.8304,0.7587,0.0000,0.0000,1.5679,63.1225,0.0000,0.0000,1.0359,50.8931,37.9010,0.0001,0.0305,0.0000
139,406,21,108,0.3831,0.0416,167.2809,151.3148,17454.9980,14.3140,0,0,0,0,0,0,0,0,0,0,0,0,0,1.0000,0.0159,4.0016,0.0606,70.0804,1.1437,1.0023,0.0104,3.9919,0.0363,74.8304,0.7587,0.0000,0.0000,1.5679,63.1136,0.0000,0.0000,1.0359,50.8931,37.9010,0.0001,0.0305,0.0000
140,407,21,108,0.3846,0.0416,166.0809,150.1206,17630.7539,14.3140,0,0,0,0,0,0,0,0,0,0,0,0,0,0.9999,0.0159,4.0019,0.0607,70.0729,1.1522,1.0023,0.0104,3.9919,0.0363,74.8304,0.7587,0.0000,0.0000,1.4743,62.6712,0.0205,0.0000,1.0173,50.8910,37.8779,0.0001,0.0305,0.0000
141,408,21,108,0.3860,0.0417,166.0577,150.1206,17813.2676,14.3140,0,0,0,0,0,0,0,0,0,0,0,0,0,1.0000,0.0159,4.0015,0.0611,70.0685,1.1543,1.0023,0.0104,3.9919,0.0363,74.8304,0.7587,0.0000,0.0000,1.4743,62.6626,0.0000,0.0000,1.0173,50.8910,37.8779,0.0001,0.0305,0.0000
142,408,21,108,0.3874,0.0417,166.0341,150.1206,17998.1719,14.3140,0,0,0,0,0,0,0,0,0,0,0,0,0,1.0000,0.0159,4.0015,0.0611,70.0685,1.1543,1.0023,0.0104,3.9919,0.0363,74.8304,0.7587,0.0000,0.0000,1.4743,62.6539,0.0000,0.0000,1.0173,50.8910,37.8779,0.0001,0.0305,0.0000
143,410,21,108,0.3888,0.0418,166.0104,150.1206,18182.6875,14.3140,0,0,0,0,0,0,0,0,0,0,0,0,0,0.9999,0.0160,4.0018,0.0618,70.0726,1.1560,1.0023,0.0104,3.9919,0.0363,74.8304,0.7587,0.0000,0.0000,1.4743,62.6452,0.0000,0.0000,1.0173,50.8910,37.8779,0.0001,0.0305,0.0000
144,411,21,108,0.3902,0.0418,165.9865,150.1206,18371.1621,14.3140,0,0,0,0,0,0,0,0,0,0,0,0,0,0.9999,0.0160,4.0014,0.0624,70.0714,1.1549,1.0023,0.0104,3.9919,0.0363,74.8304,0.7587,0.0000,0.0000,1.4743,62.6364,0.0000,0.0000,1.0173,50.8910,37.8779,0.0001,0.0305,0.0000
145,411,21,108,0.3916,0.0418,165.9625,150.1206,18563.9570,14.3140,0,0,0,0,0,0,0,0,0,0,0,0,0,0.9999,0.0160,4.0014,0.0624,70.0714,1.1549,1.0023,0.0104,3.9919,0.0363,74.8304,0.7587,0.0000,0.0000,1.4743,62.6276,0.0000,0.0000,1.0173,50.8910,37.8779,0.0001,0.0305,0.0000
146,412,21,108,0.3930,0.0419,165.9383,150.1206,18755.0488,14.3140,0,0,0,0,0,0,0,0,0,0,0,0,0,0.9998,0.0161,4.0012,0.0625,70.0718,1.1535,1.0023,0.0104,3.9919,0.0363,74.8304,0.7587,0.0000,0.0000,1.4743,62.6187,0.0000,0.0000,1.0173,50.8910,37.8779,0.0001,0.0305,0.0000
147,414,21,108,0.3943,0.0419,165.9152,150.1206,18941.8184,14.3140,0,0,0,0,0,0,0,0,0,0,0,0,0,0.9998,0.0162,4.0016,0.0630,70.0685,1.1550,1.0023,0.0104,3.9919,0.0363,74.8304,0.7587,0.0000,0.0000,1.4743,62.6101,0.0000,0.0000,1.0173,50.8910,37.8779,0.0001,0.0305,0.0000
148,414,21,108,0.3957,0.0420,165.8915,150.1206,19126.3359,14.3140,0,0,0,0,0,0,0,0,0,0,0,0,0,0.9998,0.0162,4.0016,0.0630,70.0685,1.1550,1.0023,0.0104,3.9919,0.0363,74.8304,0.7587,0.0000,0.0000,1.4743,62.6014,0.0000,0.0000,1.0173,50.8910,37.8779,0.0001,0.0305,0.0000
149,414,21,108,0.3971,0.0420,165.8681,150.1206,19308.0801,14.3140,0,0,0,0,0,0,0,0,0,0,0,0,0,0.9998,0.0162,4.0016,0.0630,70.0685,1.1550,1.0023,0.0104,3.9919,0.0363,74.8304,0.7587,0.0000,0.0000,1.4743,62.5928,0.0000,0.0000,1.0173,50.8910,37.8779,0.0001,0.0305,0.0000
150,417,21,117,0.3986,0.0420,164.6230,148.9370,19489.9531,14.3140,0,0,0,0,0,0,0,0,0,0,0,0,0,0.9999,0.0163,4.0014,0.0645,70.0684,1.1644,1.0023,0.0104,3.9919,0.0363,74.8304,0.7587,0.0000,0.0000,1.3911,62.1335,0.0176,0.0000,0.9998,50.8888,37.8541,0.0000,0.0305,0.0000
151,417,21,117,0.3999,0.0421,164.6008,148.9370,19678.7383,14.3140,0,0,0,0,0,0,0,0,0,0,0,0,0,0.9999,0.0163,4.0014,0.0645,70.0684,1.1644,1.0023,0.0104,3.9919,0.0363,74.8304,0.7587,0.0000,0.0000,1.3911,62.1253,0.0000,0.0000,0.9998,50.8888,37.8541,0.0000,0.0305,0.0000
152,417,21,117,0.4012,0.0421,164.5782,148.9370,19869.9746,14.3140,0,0,0,0,0,0,0,0,0,0,0,0,0,0.9999,0.0163,4.0014,0.0645,70.0684,1.1644,1.0023,0.0104,3.9919,0.0363,74.8304,0.7587,0.0000,0.0000,1.3911,62.1170,0.0000,0.0000,0.9998,50.8888,37.8541,0.0000,0.0305,0.0000
153,418,21,117,0.4025,0.0422,164.5555,148.9370,20060.8398,14.3140,0,0,0,0,0,0,0,0,0,0,0,0,0,0.9998,0.0164,4.0011,0.0646,70.0605,1.1740,1.0023,0.0104,3.9919,0.0363,74.8304,0.7587,0.0000,0.0000,1.3911,62.1086,0.0000,0.0000,0.9998,50.8888,37.8541,0.0000,0.0305,0.0000
154,419,21,117,0.4039,0.0422,164.5325,148.9370,20255.7109,14.3140,0,0,0,0,0,0,0,0,0,0,0,0,0,0.9999,0.0164,4.0013,0.0646,70.0571,1.1747,1.0023,0.0104,3.9919,0.0363,74.8304,0.7587,0.0000,0.0000,1.3911,62.1002,0.0000,0.0000,0.9998,50.8888,37.8541,0.0000,0.0305,0.0000
155,419,21,117,0.4052,0.0422,164.5096,148.9370,20455.0137,14.3140,0,0,0,0,0,0,0,0,0,0,0,0,0,0.9999,0.0164,4.0013,0.0646,70.0571,1.1747,1.0023,0.0104,3.9919,0.0363,74.8304,0.7587,0.0000,0.0000,1.3911,62.0917,0.0000,0.0000,0.9998,50.8888,37.8541,0.0000,0.0305,0.0000
156,420,21,117,0.4065,0.0423,164.4864,148.9370,20652.5781,14.3140,0,0,0,0,0,0,0,0,0,0,0,0,0,0.9999,0.0165,4.0013,0.0645,70.0531,1.1761,1.0023,0.0104,3.9919,0.0363,74.8304,0.7587,0.0000,0.0000,1.3911,62.0832,0.0000,0.0000,0.9998,50.8888,37.8541,0.0000,0.0305,0.0000
157,420,21,117,0.4078,0.0423,164.4642,148.9370,20845.6836,14.3140,0,0,0,0,0,0,0,0,0,0,0,0,0,0.9999,0.0165,4.0013,0.0645,70.0531,1.1761,1.0023,0.0104,3.9919,0.0363,74.8304,0.7587,0.0000,0.0000,1.3911,62.0750,0.0000,0.0000,0.9998,50.8888,37.8541,0.0000,0.0305,0.0000
158,424,21,117,0.4092,0.0423,164.4415,148.9370,21036.5391,14.3140,0,0,0,0,0,0,0,0,0,0,0,0,0,0.9998,0.0168,4.0016,0.0654,70.0551,1.1890,1.0023,0.0104,3.9919,0.0363,74.8304,0.7587,0.0000,0.0000,1.3911,62.0666,0.0000,0.0000,0.9998,50.8888,37.8541,0.0000,0.0305,0.0000
159,423,21,117,0.4105,0.0424,164.4191,148.9370,21239.5820,14.3140,0,0,1,0,0,0,0,0,0,0,0,0,0,0.9997,0.0168,4.0016,0.0655,70.0552,1.1904,1.0023,0.0104,3.9919,0.0363,74.8304,0.7587,0.0000,0.0000,1.3911,62.0584,0.0000,0.0000,0.9998,50.8888,37.8541,0.0000,0.0305,0.0000
160,424,21,117,0.4119,0.0424,163.1702,147.8492,21427.2793,14.3140,0,0,0,0,0,0,0,0,0,0,0,0,0,0.9996,0.0169,4.0019,0.0659,70.0617,1.1965,1.0023,0.0104,3.9919,0.0363,74.8304,0.7587,0.0000,0.0000,1.3160,61.5982,0.0157,0.0000,0.9838,50.8869,37.8330,0.0000,0.0305,0.0000
161,425,21,117,0.4131,0.0424,163.1489,147.8492,21622.0723,14.3140,0,0,0,0,0,0,0,0,0,0,0,0,0,0.9997,0.0169,4.0020,0.0658,70.0638,1.1958,1.0023,0.0104,3.9919,0.0363,74.8304,0.7587,0.0000,0.0000,1.3160,61.5903,0.0000,0.0000,0.9838,50.8869,37.8330,0.0000,0.0305,0.0000
162,425,21,117,0.4144,0.0425,163.1273,147.8492,21819.3828,14.3140,0,0,0,0,0,0,0,0,0,0,0,0,0,0.9997,0.0169,4.0020,0.0658,70.0638,1.1958,1.0023,0.0104,3.9919,0.0363,74.8304,0.7587,0.0000,0.0000,1.3160,61.5824,0.0000,0.0000,0.9838,50.8869,37.8330,0.0000,0.0305,0.0000
163,426,21,117,0.4157,0.0425,163.1055,147.8492,22016.3398,14.3140,0,0,0,0,0,0,0,0,0,0,0,0,0,0.9998,0.0170,4.0016,0.0664,70.0588,1.1988,1.0023,0.0104,3.9919,0.0363,74.8304,0.7587,0.0000,0.0000,1.3160,61.5744,0.0000,0.0000,0.9838,50.8869,37.8330,0.0000,0.0305,0.0000
164,426,21,117,0.4170,0.0426,163.0835,147.8492,22217.3262,14.3140,0,0,0,0,0,0,0,0,0,0,0,0,0,0.9998,0.0170,4.0016,0.0664,70.0588,1.1988,1.0023,0.0104,3.9919,0.0363,74.8304,0.7587,0.0000,0.0000,1.3160,61.5663,0.0000,0.0000,0.9838,50.8869,37.8330,0.0000,0.0305,0.0000
165,426,21,117,0.4182,0.0426,163.0615,147.8492,22422.8613,14.3140,0,0,0,0,0,0,0,0,0,0,0,0,0,0.9998,0.0170,4.0016,0.0664,70.0588,1.1988,1.0023,0.0104,3.9919,0.0363,74.8304,0.7587,0.0000,0.0000,1.3160,61.5582,0.0000,0.0000,0.9838,50.8869,37.8330,0.0000,0.0305,0.0000
166,426,21,117,0.4195,0.0426,163.0392,147.8492,22626.6094,14.3140,0,0,0,0,0,0,0,0,0,0,0,0,0,0.9998,0.0170,4.0016,0.0664,70.0588,1.1988,1.0023,0.0104,3.9919,0.0363,74.8304,0.7587,0.0000,0.0000,1.3160,61.5500,0.0000,0.0000,0.9838,50.8869,37.8330,0.0000,0.0305,0.0000
167,427,21,117,0.4208,0.0427,163.0180,147.8492,22825.7734,14.3140,0,0,0,0,0,0,0,0,0,0,0,0,0,0.9997,0.0171,4.0014,0.0665,70.0507,1.2090,1.0023,0.0104,3.9919,0.0363,74.8304,0.7587,0.0000,0.0000,1.3160,61.5421,0.0000,0.0000,0.9838,50.8869,37.8330,0.0000,0.0305,0.0000
168,428,21,117,0.4221,0.0427,162.9962,147.8492,23022.7207,14.3140,0,0,0,0,0,0,0,0,0,0,0,0,0,0.9998,0.0171,4.0011,0.0667,70.0552,1.2112,1.0023,0.0104,3.9919,0.0363,74.8304,0.7587,0.0000,0.0000,1.3160,61.5341,0.0000,0.0000,0.9838,50.8869,37.8330,0.0000,0.0305,0.0000
169,430,21,117,0.4233,0.0427,162.9748,147.8492,23216.7832,14.3140,0,0,0,0,0,0,0,0,0,0,0,0,0,0.9998,0.0171,4.0011,0.0666,70.0554,1.2099,1.0023,0.0104,3.9919,0.0363,74.8304,0.7587,0.0000,0.0000,1.3160,61.5262,0.0000,0.0000,0.9838,50.8869,37.8330,0.0000,0.0305,0.0000
170,431,21,117,0.4246,0.0428,161.7033,146.8134,23410.0215,14.3140,0,0,0,0,0,0,0,0,0,0,0,0,0,0.9999,0.0172,4.0013,0.0666,70.0555,1.2085,1.0023,0.0104,3.9919,0.0363,74.8304,0.7587,0.0000,0.0000,1.2469,61.0578,0.0150,0.0000,0.9689,50.8851,37.8129,0.0000,0.0305,0.0000
171,432,21,117,0.4259,0.0428,161.6829,146.8134,23610.5801,14.3140,0,0,0,0,0,0,0,0,0,0,0,0,0,0.9998,0.0172,4.0016,0.0669,70.0486,1.2155,1.0023,0.0104,3.9919,0.0363,74.8304,0.7587,0.0000,0.0000,1.2469,61.0502,0.0000,0.0000,0.9689,50.8851,37.8129,0.0000,0.0305,0.0000
172,432,21,117,0.4271,0.0428,161.6621,146.8134,23813.7070,14.3140,0,0,0,0,0,0,0,0,0,0,0,0,0,0.9998,0.0172,4.0016,0.0669,70.0486,1.2155,1.0023,0.0104,3.9919,0.0363,74.8304,0.7587,0.0000,0.0000,1.2469,61.0426,0.0000,0.0000,0.9689,50.8851,37.8129,0.0000,0.0305,0.0000
173,433,21,117,0.4283,0.0429,161.6412,146.8134,24016.5059,14.3140,0,0,0,0,0,0,0,0,0,0,0,0,0,1.0000,0.0174,4.0014,0.0669,70.0520,1.2162,1.0023,0.0104,3.9919,0.0363,74.8304,0.7587,0.0000,0.0000,1.2469,61.0349,0.0000,0.0000,0.9689,50.8851,37.8129,0.0000,0.0305,0.0000
174,434,21,117,0.4295,0.0429,161.6201,146.8134,24223.3535,14.3140,0,0,0,0,0,0,0,0,0,0,0,0,0,1.0000,0.0174,4.0014,0.0669,70.0561,1.2178,1.0023,0.0104,3.9919,0.0363,74.8304,0.7587,0.0000,0.0000,1.2469,61.0272,0.0000,0.0000,0.9689,50.8851,37.8129,0.0000,0.0305,0.0000
175,434,21,117,0.4307,0.0429,161.5990,146.8134,24434.8555,14.3140,0,0,0,0,0,0,0,0,0,0,0,0,0,1.0000,0.0174,4.0014,0.0669,70.0561,1.2178,1.0023,0.0104,3.9919,0.0363,74.8304,0.7587,0.0000,0.0000,1.2469,61.0194,0.0000,0.0000,0.9689,50.8851,37.8129,0.0000,0.0305,0.0000
176,434,21,117,0.4320,0.0430,161.5777,146.8134,24644.5469,14.3140,0,0,0,0,0,0,0,0,0,0,0,0,0,1.0000,0.0174,4.0014,0.0669,70.0561,1.2178,1.0023,0.0104,3.9919,0.0363,74.8304,0.7587,0.0000,0.0000,1.2469,61.0115,0.0000,0.0000,0.9689,50.8851,37.8129,0.0000,0.0305,0.0000
177,434,21,117,0.4332,0.0430,161.5573,146.8134,24849.5195,14.3140,0,0,0,0,0,0,0,0,0,0,0,0,0,1.0000,0.0174,4.0014,0.0669,70.0561,1.2178,1.0023,0.0104,3.9919,0.0363,74.8304,0.7587,0.0000,0.0000,1.2469,61.0039,0.0000,0.0000,0.9689,50.8851,37.8129,0.0000,0.0305,0.0000
178,434,21,117,0.4344,0.0430,161.5363,146.8134,25052.3184,14.3140,0,0,0,0,0,0,0,0,0,0,0,0,0,1.0000,0.0174,4.0014,0.0669,70.0561,1.2178,1.0023,0.0104,3.9919,0.0363,74.8304,0.7587,0.0000,0.0000,1.2469,60.9962,0.0000,0.0000,0.9689,50.8851,37.8129,0.0000,0.0305,0.0000
179,435,21,117,0.4356,0.0431,161.5158,146.8134,25252.1582,14.3140,0,0,0,0,0,0,0,0,0,0,0,0,0,1.0001,0.0174,4.0011,0.0670,70.0485,1.2268,1.0023,0.0104,3.9919,0.0363,74.8304,0.7587,0.0000,0.0000,1.2469,60.9887,0.0000,0.0000,0.9689,50.8851,37.8129,0.0000,0.0305,0.0000
180,436,21,117,0.4369,0.0431,160.2228,145.8287,25450.6836,14.3140,0,0,0,0,0,0,0,0,0,0,0,0,0,1.0001,0.0175,4.0010,0.0670,70.0542,1.2312,1.0023,0.0104,3.9919,0.0363,74.8304,0.7587,0.0000,0.0000,1.1835,60.5123,0.0142,0.0000,0.9551,50.8833,37.7937,0.0000,0.0305,0.0000
181,439,21,117,0.4381,0.0431,160.2031,145.8287,25656.7344,14.3140,0,0,0,0,0,0,0,0,0,0,0,0,0,1.0000,0.0176,4.0016,0.0674,70.0470,1.2388,1.0023,0.0104,3.9919,0.0363,74.8304,0.7587,0.0000,0.0000,1.1835,60.5051,0.0000,0.0000,0.9551,50.8833,37.7937,0.0000,0.0305,0.0000
182,442,21,117,0.4392,0.0432,160.1832,145.8287,25865.4453,14.3140,0,0,0,0,0,0,0,0,0,0,0,0,0,1.0002,0.0177,4.0009,0.0677,70.0437,1.2353,1.0023,0.0104,3.9919,0.0363,74.8304,0.7587,0.0000,0.0000,1.1835,60.4977,0.0000,0.0000,0.9551,50.8833,37.7937,0.0000,0.0305,0.0000
183,442,21,117,0.4404,0.0432,160.1631,145.8287,26073.8398,14.3140,0,0,0,0,0,0,0,0,0,0,0,0,0,1.0002,0.0177,4.0009,0.0677,70.0437,1.2353,1.0023,0.0104,3.9919,0.0363,74.8304,0.7587,0.0000,0.0000,1.1835,60.4904,0.0000,0.0000,0.9551,50.8833,37.7937,0.0000,0.0305,0.0000
184,442,21,117,0.4416,0.0433,160.1429,145.8287,26301.2988,14.3140,0,0,1,0,0,0,0,0,0,0,0,0,0,1.0003,0.0176,4.0015,0.0676,70.0549,1.2406,1.0023,0.0104,3.9919,0.0363,74.8304,0.7587,0.0000,0.0000,1.1835,60.4830,0.0000,0.0000,0.9551,50.8833,37.7937,0.0000,0.0305,0.0000
185,442,21,117,0.4427,0.0433,160.1227,145.8287,26518.5215,14.3140,0,0,0,0,0,0,0,0,0,0,0,0,0,1.0003,0.0176,4.0015,0.0676,70.0549,1.2406,1.0023,0.0104,3.9919,0.0363,74.8304,0.7587,0.0000,0.0000,1.1835,60.4755,0.0000,0.0000,0.9551,50.8833,37.7937,0.0000,0.0305,0.0000
186,442,21,117,0.4439,0.0433,160.1022,145.8287,26733.9121,14.3140,0,0,0,0,0,0,0,0,0,0,0,0,0,1.0003,0.0176,4.0015,0.0676,70.0549,1.2406,1.0023,0.0104,3.9919,0.0363,74.8304,0.7587,0.0000,0.0000,1.1835,60.4680,0.0000,0.0000,0.9551,50.8833,37.7937,0.0000,0.0305,0.0000
187,445,21,117,0.4451,0.0434,160.0826,145.8287,26944.4492,14.3140,0,0,0,0,0,0,0,0,0,0,0,0,0,1.0003,0.0176,4.0007,0.0682,70.0567,1.2466,1.0023,0.0104,3.9919,0.0363,74.8304,0.7587,0.0000,0.0000,1.1835,60.4607,0.0000,0.0000,0.9551,50.8833,37.7937,0.0000,0.0305,0.0000
188,448,21,117,0.4463,0.0434,160.0625,145.8287,27152.8574,14.3140,0,0,0,0,0,0,0,0,0,0,0,0,0,1.0002,0.0177,4.0012,0.0685,70.0553,1.2431,1.0023,0.0104,3.9919,0.0363,74.8304,0.7587,0.0000,0.0000,1.1835,60.4533,0.0000,0.0000,0.9551,50.8833,37.7937,0.0000,0.0305,0.0000
189,450,21,117,0.4474,0.0434,160.0428,145.8287,27358.2441,14.3140,0,0,0,0,0,0,0,0,0,0,0,0,0,1.0002,0.0177,4.0014,0.0689,70.0647,1.2513,1.0023,0.0104,3.9919,0.0363,74.8304,0.7587,0.0000,0.0000,1.1835,60.4460,0.0000,0.0000,0.9551,50.8833,37.7937,0.0000,0.0305,0.0000
190,453,21,117,0.4486,0.0434,158.7292,144.8932,27561.7910,14.3140,0,0,0,0,0,0,0,0,0,0,0,0,0,1.0001,0.0178,4.0022,0.0695,70.0536,1.2577,1.0023,0.0104,3.9919,0.0363,74.8304,0.7587,0.0000,0.0000,1.1256,59.9621,0.0132,0.0000,0.9422,50.8816,37.7753,0.0000,0.0305,0.0000
191,454,21,117,0.4497,0.0435,158.7104,144.8932,27773.1133,14.3140,0,0,0,0,0,0,0,0,0,0,0,0,0,1.0001,0.0178,4.0021,0.0695,70.0501,1.2584,1.0023,0.0104,3.9919,0.0363,74.8304,0.7587,0.0000,0.0000,1.1256,59.9552,0.0000,0.0000,0.9422,50.8816,37.7753,0.0000,0.0305,0.0000
192,454,21,117,0.4509,0.0435,158.6913,144.8932,27987.1797,14.3140,0,0,0,0,0,0,0,0,0,0,0,0,0,1.0001,0.0178,4.0021,0.0695,70.0501,1.2584,1.0023,0.0104,3.9919,0.0363,74.8304,0.7587,0.0000,0.0000,1.1256,59.9481,0.0000,0.0000,0.9422,50.8816,37.7753,0.0000,0.0305,0.0000
193,454,21,117,0.4520,0.0436,158.6720,144.8932,28200.9414,14.3140,0,0,0,0,0,0,0,0,0,0,0,0,0,1.0001,0.0178,4.0021,0.0695,70.0501,1.2584,1.0023,0.0104,3.9919,0.0363,74.8304,0.7587,0.0000,0.0000,1.1256,59.9411,0.0000,0.0000,0.9422,50.8816,37.7753,0.0000,0.0305,0.0000
194,454,21,117,0.4531,0.0436,158.6525,144.8932,28418.7793,14.3140,0,0,0,0,0,0,0,0,0,0,0,0,0,1.0001,0.0178,4.0021,0.0695,70.0501,1.2584,1.0023,0.0104,3.9919,0.0363,74.8304,0.7587,0.0000,0.0000,1.1256,59.9340,0.0000,0.0000,0.9422,50.8816,37.7753,0.0000,0.0305,0.0000
195,455,21,117,0.4542,0.0436,158.6331,144.8932,28641.4844,14.3140,0,0,0,0,0,0,0,0,0,0,0,0,0,1.0002,0.0179,4.0021,0.0694,70.0502,1.2570,1.0023,0.0104,3.9919,0.0363,74.8304,0.7587,0.0000,0.0000,1.1256,59.9268,0.0000,0.0000,0.9422,50.8816,37.7753,0.0000,0.0305,0.0000
196,455,21,117,0.4554,0.0437,158.6134,144.8932,28862.3379,14.3140,0,0,0,0,0,0,0,0,0,0,0,0,0,1.0002,0.0179,4.0021,0.0694,70.0502,1.2570,1.0023,0.0104,3.9919,0.0363,74.8304,0.7587,0.0000,0.0000,1.1256,59.9195,0.0000,0.0000,0.9422,50.8816,37.7753,0.0000,0.0305,0.0000
197,456,21,117,0.4565,0.0437,158.5946,144.8932,29093.1875,14.3140,0,0,1,0,0,0,0,0,0,0,0,0,0,1.0002,0.0179,4.0013,0.0703,70.0432,1.2630,1.0023,0.0104,3.9919,0.0363,74.8304,0.7587,0.0000,0.0000,1.1256,59.9125,0.0000,0.0000,0.9422,50.8816,37.7753,0.0000,0.0305,0.0000
198,457,21,117,0.4576,0.0437,158.5753,144.8932,29306.9727,14.3140,0,0,0,0,0,0,0,0,0,0,0,0,0,1.0002,0.0179,4.0016,0.0704,70.0470,1.2643,1.0023,0.0104,3.9919,0.0363,74.8304,0.7587,0.0000,0.0000,1.1256,59.9054,0.0000,0.0000,0.9422,50.8816,37.7753,0.0000,0.0305,0.0000
199,457,21,117,0.4587,0.0437,158.5564,144.8932,29532.6562,14.3140,0,0,1,0,0,0,0,0,0,0,0,0,0,1.0003,0.0180,4.0013,0.0707,70.0508,1.2667,1.0023,0.0104,3.9919,0.0363,74.8304,0.7587,0.0000,0.0000,1.1256,59.8985,0.0000,0.0000,0.9422,50.8816,37.7753,0.0000,0.0305,0.0000
200,458,21,140,0.4599,0.0438,157.2017,143.9696,29740.9961,16.6027,0,0,0,0,0,0,0,0,0,0,0,0,0,1.0003,0.0180,4.0011,0.0707,70.0528,1.2660,1.0023,0.0104,3.9919,0.0363,74.8304,0.7587,0.0000,0.0000,1.0716,59.3990,0.0131,0.0000,0.9301,50.8799,37.7558,0.0000,0.0305,0.0000
201,459,21,140,0.4610,0.0438,157.1836,143.9696,29957.3652,16.6027,0,0,0,0,0,0,0,0,0,0,0,0,0,1.0003,0.0180,4.0008,0.0709,70.0462,1.2725,1.0023,0.0104,3.9919,0.0363,74.8304,0.7587,0.0000,0.0000,1.0716,59.3923,0.0000,0.0000,0.9301,50.8799,37.7558,0.0000,0.0305,0.0000
202,460,21,140,0.4620,0.0439,157.1652,143.9696,30176.5586,16.6027,0,0,0,0,0,0,0,0,0,0,0,0,0,1.0004,0.0181,4.0006,0.0711,70.0499,1.2735,1.0023,0.0104,3.9919,0.0363,74.8304,0.7587,0.0000,0.0000,1.0716,59.3855,0.0000,0.0000,0.9301,50.8799,37.7558,0.0000,0.0305,0.0000
203,460,21,140,0.4631,0.0439,157.1467,143.9696,30395.4746,16.6027,0,0,0,0,0,0,0,0,0,0,0,0,0,1.0004,0.0181,4.0006,0.0711,70.0499,1.2735,1.0023,0.0104,3.9919,0.0363,74.8304,0.7587,0.0000,0.0000,1.0716,59.3787,0.0000,0.0000,0.9301,50.8799,37.7558,0.0000,0.0305,0.0000
204,459,21,140,0.4642,0.0439,157.1280,143.9696,30633.4824,16.6027,0,0,1,0,0,0,0,0,0,0,0,0,0,1.0004,0.0181,4.0006,0.0712,70.0500,1.2749,1.0023,0.0104,3.9919,0.0363,74.8304,0.7587,0.0000,0.0000,1.0716,59.3719,0.0000,0.0000,0.9301,50.8799,37.7558,0.0000,0.0305,0.0000
205,459,21,140,0.4653,0.0440,157.1094,143.9696,30876.4492,16.6027,0,0,1,0,0,0,0,0,0,0,0,0,0,1.0004,0.0182,4.0004,0.0715,70.0500,1.2749,1.0023,0.0104,3.9919,0.0363,74.8304,0.7587,0.0000,0.0000,1.0716,59.3650,0.0000,0.0000,0.9301,50.8799,37.7558,0.0000,0.0305,0.0000
206,459,21,140,0.4664,0.0440,157.0905,143.9696,31102.5527,16.6027,0,0,0,0,0,0,0,0,0,0,0,0,0,1.0004,0.0182,4.0004,0.0715,70.0500,1.2749,1.0023,0.0104,3.9919,0.0363,74.8304,0.7587,0.0000,0.0000,1.0716,59.3581,0.0000,0.0000,0.9301,50.8799,37.7558,0.0000,0.0305,0.0000
207,459,21,140,0.4674,0.0440,157.0724,143.9696,31323.4902,16.6027,0,0,0,0,0,0,0,0,0,0,0,0,0,1.0004,0.0182,4.0004,0.0715,70.0500,1.2749,1.0023,0.0104,3.9919,0.0363,74.8304,0.7587,0.0000,0.0000,1.0716,59.3513,0.0000,0.0000,0.9301,50.8799,37.7558,0.0000,0.0305,0.0000
208,460,21,140,0.4685,0.0441,157.0538,143.9696,31542.4434,16.6027,0,0,0,0,0,0,0,0,0,0,0,0,0,1.0005,0.0183,4.0000,0.0719,70.0427,1.2831,1.0023,0.0104,3.9919,0.0363,74.8304,0.7587,0.0000,0.0000,1.0716,59.3445,0.0000,0.0000,0.9301,50.8799,37.7558,0.0000,0.0305,0.0000
209,460,21,140,0.4696,0.0441,157.0357,143.9696,31758.2207,16.6027,0,0,0,0,0,0,0,0,0,0,0,0,0,1.0005,0.0183,4.0000,0.0719,70.0427,1.2831,1.0023,0.0104,3.9919,0.0363,74.8304,0.7587,0.0000,0.0000,1.0716,59.3378,0.0000,0.0000,0.9301,50.8799,37.7558,0.0000,0.0305,0.0000
210,461,21,140,0.4707,0.0441,155.5828,143.3302,31969.4551,16.6027,0,0,0,0,0,0,0,0,0,0,0,0,0,1.0004,0.0184,4.0003,0.0721,70.0464,1.2842,1.0023,0.0104,3.9919,0.0363,74.8304,0.7587,0.0000,0.0000,1.0215,58.8027,0.0129,0.0000,0.9219,50.8786,37.7407,0.0000,0.0305,0.0000
211,460,21,140,0.4717,0.0441,155.5654,143.3302,32205.6973,16.6027,0,0,1,0,0,0,0,0,0,0,0,0,0,1.0004,0.0184,4.0003,0.0721,70.0465,1.2856,1.0023,0.0104,3.9919,0.0363,74.8304,0.7587,0.0000,0.0000,1.0215,58.7962,0.0000,0.0000,0.9219,50.8786,37.7407,0.0000,0.0305,0.0000
212,461,21,140,0.4728,0.0442,155.5477,143.3302,32429.8242,16.6027,0,0,0,0,0,0,0,0,0,0,0,0,0,1.0004,0.0184,4.0005,0.0722,70.0469,1.2842,1.0023,0.0104,3.9919,0.0363,74.8304,0.7587,0.0000,0.0000,1.0215,58.7897,0.0000,0.0000,0.9219,50.8786,37.7407,0.0000,0.0305,0.0000
213,465,21,140,0.4738,0.0442,155.5299,143.3302,32653.6797,16.6027,0,0,0,0,0,0,0,0,0,0,0,0,0,1.0001,0.0187,4.0006,0.0726,70.0477,1.2886,1.0023,0.0104,3.9919,0.0363,74.8304,0.7587,0.0000,0.0000,1.0215,58.7832,0.0000,0.0000,0.9219,50.8786,37.7407,0.0000,0.0305,0.0000
214,466,21,140,0.4749,0.0443,155.5119,143.3302,32881.6484,16.6027,0,0,0,0,0,0,0,0,0,0,0,0,0,1.0001,0.0187,4.0002,0.0729,70.0545,1.2954,1.0023,0.0104,3.9919,0.0363,74.8304,0.7587,0.0000,0.0000,1.0215,58.7766,0.0000,0.0000,0.9219,50.8786,37.7407,0.0000,0.0305,0.0000
215,466,21,140,0.4759,0.0443,155.4939,143.3302,33114.6602,16.6027,0,0,0,0,0,0,0,0,0,0,0,0,0,1.0001,0.0187,4.0002,0.0729,70.0545,1.2954,1.0023,0.0104,3.9919,0.0363,74.8304,0.7587,0.0000,0.0000,1.0215,58.7699,0.0000,0.0000,0.9219,50.8786,37.7407,0.0000,0.0305,0.0000
216,466,21,140,0.4769,0.0443,155.4757,143.3302,33375.7930,16.6027,0,0,2,0,0,0,0,0,0,0,0,0,0,1.0002,0.0187,4.0006,0.0732,70.0498,1.2977,1.0023,0.0104,3.9919,0.0363,74.8304,0.7587,0.0000,0.0000,1.0215,58.7633,0.0000,0.0000,0.9219,50.8786,37.7407,0.0000,0.0305,0.0000
217,466,21,140,0.4780,0.0443,155.4583,143.3302,33601.6328,16.6027,0,0,0,0,0,0,0,0,0,0,0,0,0,1.0002,0.0187,4.0006,0.0732,70.0498,1.2977,1.0023,0.0104,3.9919,0.0363,74.8304,0.7587,0.0000,0.0000,1.0215,58.7568,0.0000,0.0000,0.9219,50.8786,37.7407,0.0000,0.0305,0.0000
218,466,21,140,0.4790,0.0444,155.4405,143.3302,33840.5586,16.6027,0,0,1,0,0,0,0,0,0,0,0,0,0,1.0002,0.0187,4.0003,0.0735,70.0561,1.3045,1.0023,0.0104,3.9919,0.0363,74.8304,0.7587,0.0000,0.0000,1.0215,58.7502,0.0000,0.0000,0.9219,50.8786,37.7407,0.0000,0.0305,0.0000
219,469,21,140,0.4800,0.0444,155.4230,143.3302,34061.2305,16.6027,0,0,0,0,0,0,0,0,0,0,0,0,0,1.0003,0.0189,4.0005,0.0738,70.0500,1.3110,1.0023,0.0104,3.9919,0.0363,74.8304,0.7587,0.0000,0.0000,1.0215,58.7438,0.0000,0.0000,0.9219,50.8786,37.7407,0.0000,0.0305,0.0000
220,470,21,140,0.4811,0.0444,153.9506,142.7316,34276.7188,16.6027,0,0,0,0,0,0,0,0,0,0,0,0,0,1.0003,0.0190,4.0008,0.0740,70.0450,1.3139,1.0023,0.0104,3.9919,0.0363,74.8304,0.7587,0.0000,0.0000,0.9858,58.2014,0.0126,0.0000,0.9143,50.8773,37.7262,0.0000,0.0305,0.0000
221,473,21,140,0.4821,0.0445,153.9338,142.7316,34502.6602,16.6027,0,0,0,0,0,0,0,0,0,0,0,0,0,1.0003,0.0190,4.0004,0.0748,70.0361,1.3166,1.0023,0.0104,3.9919,0.0363,74.8304,0.7587,0.0000,0.0000,0.9858,58.1952,0.0000,0.0000,0.9143,50.8773,37.7262,0.0000,0.0305,0.0000
222,473,21,140,0.4831,0.0445,153.9168,142.7316,34731.5469,16.6027,0,0,0,0,0,0,0,0,0,0,0,0,0,1.0003,0.0190,4.0004,0.0748,70.0361,1.3166,1.0023,0.0104,3.9919,0.0363,74.8304,0.7587,0.0000,0.0000,0.9858,58.1889,0.0000,0.0000,0.9143,50.8773,37.7262,0.0000,0.0305,0.0000
223,473,21,140,0.4841,0.0445,153.8996,142.7316,34975.1484,16.6027,0,0,1,0,0,0,0,0,0,0,0,0,0,1.0003,0.0190,3.9998,0.0745,70.0359,1.3162,1.0023,0.0104,3.9919,0.0363,74.8304,0.7587,0.0000,0.0000,0.9858,58.1826,0.0000,0.0000,0.9143,50.8773,37.7262,0.0000,0.0305,0.0000
224,475,21,140,0.4851,0.0446,153.8822,142.7316,35207.8828,16.6027,0,0,0,0,0,0,0,0,0,0,0,0,0,1.0001,0.0191,3.9996,0.0744,70.0483,1.3273,1.0023,0.0104,3.9919,0.0363,74.8304,0.7587,0.0000,0.0000,0.9858,58.1763,0.0000,0.0000,0.9143,50.8773,37.7262,0.0000,0.0305,0.0000
225,475,21,140,0.4861,0.0446,153.8649,142.7316,35445.7383,16.6027,0,0,0,0,0,0,0,0,0,0,0,0,0,1.0001,0.0191,3.9996,0.0744,70.0483,1.3273,1.0023,0.0104,3.9919,0.0363,74.8304,0.7587,0.0000,0.0000,0.9858,58.1699,0.0000,0.0000,0.9143,50.8773,37.7262,0.0000,0.0305,0.0000
226,475,21,140,0.4871,0.0446,153.8474,142.7316,35696.7188,16.6027,0,0,1,0,0,0,0,0,0,0,0,0,0,1.0002,0.0191,3.9997,0.0744,70.0419,1.3350,1.0023,0.0104,3.9919,0.0363,74.8304,0.7587,0.0000,0.0000,0.9858,58.1634,0.0000,0.0000,0.9143,50.8773,37.7262,0.0000,0.0305,0.0000
227,475,21,140,0.4881,0.0447,153.8307,142.7316,35927.2578,16.6027,0,0,0,0,0,0,0,0,0,0,0,0,0,1.0002,0.0191,3.9997,0.0744,70.0419,1.3350,1.0023,0.0104,3.9919,0.0363,74.8304,0.7587,0.0000,0.0000,0.9858,58.1572,0.0000,0.0000,0.9143,50.8773,37.7262,0.0000,0.0305,0.0000
228,476,21,140,0.4891,0.0447,153.8134,142.7316,36155.9648,16.6027,0,0,0,0,0,0,0,0,0,0,0,0,0,1.0003,0.0192,3.9994,0.0746,70.0471,1.3386,1.0023,0.0104,3.9919,0.0363,74.8304,0.7587,0.0000,0.0000,0.9858,58.1509,0.0000,0.0000,0.9143,50.8773,37.7262,0.0000,0.0305,0.0000
229,477,21,140,0.4901,0.0447,153.7966,142.7316,36381.3164,16.6027,0,0,0,0,0,0,0,0,0,0,0,0,0,1.0003,0.0192,3.9990,0.0750,70.0470,1.3372,1.0023,0.0104,3.9919,0.0363,74.8304,0.7587,0.0000,0.0000,0.9858,58.1447,0.0000,0.0000,0.9143,50.8773,37.7262,0.0000,0.0305,0.0000
230,478,21,140,0.4911,0.0447,152.3053,142.1737,36600.8945,16.6027,0,0,0,0,0,0,0,0,0,0,0,0,0,1.0002,0.0192,3.9991,0.0750,70.0501,1.3375,1.0023,0.0104,3.9919,0.0363,74.8304,0.7587,0.0000,0.0000,0.9535,57.5954,0.0121,0.0000,0.9075,50.8761,37.7122,0.0000,0.0305,0.0000
231,478,21,140,0.4921,0.0448,152.2892,142.1737,36831.3438,16.6027,0,0,0,0,0,0,0,0,0,0,0,0,0,1.0002,0.0192,3.9991,0.0750,70.0501,1.3375,1.0023,0.0104,3.9919,0.0363,74.8304,0.7587,0.0000,0.0000,0.9535,57.5894,0.0000,0.0000,0.9075,50.8761,37.7122,0.0000,0.0305,0.0000
232,482,21,140,0.4930,0.0448,152.2727,142.1737,37064.8086,16.6027,0,0,0,0,0,0,0,0,0,0,0,0,0,1.0001,0.0193,3.9986,0.0752,70.0644,1.3440,1.0023,0.0104,3.9919,0.0363,74.8304,0.7587,0.0000,0.0000,0.9535,57.5833,0.0000,0.0000,0.9075,50.8761,37.7122,0.0000,0.0305,0.0000
233,482,21,140,0.4940,0.0448,152.2562,142.1737,37297.9766,16.6027,0,0,0,0,0,0,0,0,0,0,0,0,0,1.0001,0.0193,3.9986,0.0752,70.0644,1.3440,1.0023,0.0104,3.9919,0.0363,74.8304,0.7587,0.0000,0.0000,0.9535,57.5773,0.0000,0.0000,0.9075,50.8761,37.7122,0.0000,0.0305,0.0000
234,484,21,140,0.4950,0.0449,152.2395,142.1737,37535.2891,16.6027,0,0,0,0,0,0,0,0,0,0,0,0,0,1.0002,0.0194,3.9984,0.0755,70.0603,1.3482,1.0023,0.0104,3.9919,0.0363,74.8304,0.7587,0.0000,0.0000,0.9535,57.5712,0.0000,0.0000,0.9075,50.8761,37.7122,0.0000,0.0305,0.0000
235,485,21,140,0.4959,0.0449,152.2228,142.1737,37777.8086,16.6027,0,0,0,0,0,0,0,0,0,0,0,0,0,1.0002,0.0194,3.9985,0.0755,70.0548,1.3522,1.0023,0.0104,3.9919,0.0363,74.8304,0.7587,0.0000,0.0000,0.9535,57.5650,0.0000,0.0000,0.9075,50.8761,37.7122,0.0000,0.0305,0.0000
236,485,21,140,0.4969,0.0449,152.2059,142.1737,38018.4531,16.6027,0,0,0,0,0,0,0,0,0,0,0,0,0,1.0002,0.0194,3.9985,0.0755,70.0548,1.3522,1.0023,0.0104,3.9919,0.0363,74.8304,0.7587,0.0000,0.0000,0.9535,57.5588,0.0000,0.0000,0.9075,50.8761,37.7122,0.0000,0.0305,0.0000
237,485,21,140,0.4978,0.0450,152.1898,142.1737,38253.5312,16.6027,0,0,0,0,0,0,0,0,0,0,0,0,0,1.0002,0.0194,3.9985,0.0755,70.0548,1.3522,1.0023,0.0104,3.9919,0.0363,74.8304,0.7587,0.0000,0.0000,0.9535,57.5528,0.0000,0.0000,0.9075,50.8761,37.7122,0.0000,0.0305,0.0000
238,486,21,140,0.4988,0.0450,152.1731,142.1737,38486.8320,16.6027,0,0,0,0,0,0,0,0,0,0,0,0,0,1.0001,0.0194,3.9984,0.0754,70.0572,1.3518,1.0023,0.0104,3.9919,0.0363,74.8304,0.7587,0.0000,0.0000,0.9535,57.5467,0.0000,0.0000,0.9075,50.8761,37.7122,0.0000,0.0305,0.0000
239,488,21,140,0.4998,0.0450,152.1569,142.1737,38716.7031,16.6027,0,0,0,0,0,0,0,0,0,0,0,0,0,1.0001,0.0194,3.9988,0.0758,70.0573,1.3647,1.0023,0.0104,3.9919,0.0363,74.8304,0.7587,0.0000,0.0000,0.9535,57.5407,0.0000,0.0000,0.9075,50.8761,37.7122,0.0000,0.0305,0.0000
240,490,21,140,0.5008,0.0450,150.6475,141.6548,38940.2109,16.6027,0,0,0,0,0,0,0,0,0,0,0,0,0,1.0002,0.0194,3.9992,0.0759,70.0542,1.3708,1.0023,0.0104,3.9919,0.0363,74.8304,0.7587,0.0000,0.0000,0.9238,56.9847,0.0121,0.0000,0.9013,50.8750,37.6988,0.0000,0.0305,0.0000
241,491,21,140,0.5017,0.0451,150.6319,141.6548,39174.9922,16.6027,0,0,0,0,0,0,0,0,0,0,0,0,0,1.0002,0.0194,3.9989,0.0761,70.0492,1.3740,1.0023,0.0104,3.9919,0.0363,74.8304,0.7587,0.0000,0.0000,0.9238,56.9789,0.0000,0.0000,0.9013,50.8750,37.6988,0.0000,0.0305,0.0000
242,491,21,140,0.5026,0.0451,150.6161,141.6548,39412.8633,16.6027,0,0,0,0,0,0,0,0,0,0,0,0,0,1.0002,0.0194,3.9989,0.0761,70.0492,1.3740,1.0023,0.0104,3.9919,0.0363,74.8304,0.7587,0.0000,0.0000,0.9238,56.9731,0.0000,0.0000,0.9013,50.8750,37.6988,0.0000,0.0305,0.0000
243,493,21,140,0.5035,0.0452,150.6001,141.6548,39650.4336,16.6027,0,0,0,0,0,0,0,0,0,0,0,0,0,1.0004,0.0195,3.9984,0.0763,70.0453,1.3763,1.0023,0.0104,3.9919,0.0363,74.8304,0.7587,0.0000,0.0000,0.9238,56.9673,0.0000,0.0000,0.9013,50.8750,37.6988,0.0000,0.0305,0.0000
244,493,21,140,0.5045,0.0452,150.5840,141.6548,39892.1406,16.6027,0,0,0,0,0,0,0,0,0,0,0,0,0,1.0004,0.0195,3.9984,0.0763,70.0453,1.3763,1.0023,0.0104,3.9919,0.0363,74.8304,0.7587,0.0000,0.0000,0.9238,56.9614,0.0000,0.0000,0.9013,50.8750,37.6988,0.0000,0.0305,0.0000
245,494,21,140,0.5054,0.0452,150.5679,141.6548,40139.1523,16.6027,0,0,0,0,0,0,0,0,0,0,0,0,0,1.0003,0.0195,3.9982,0.0764,70.0451,1.3749,1.0023,0.0104,3.9919,0.0363,74.8304,0.7587,0.0000,0.0000,0.9238,56.9554,0.0000,0.0000,0.9013,50.8750,37.6988,0.0000,0.0305,0.0000
246,496,21,140,0.5063,0.0452,150.5516,141.6548,40384.2773,16.6027,0,0,0,0,0,0,0,0,0,0,0,0,0,1.0002,0.0197,3.9981,0.0763,70.0401,1.3775,1.0023,0.0104,3.9919,0.0363,74.8304,0.7587,0.0000,0.0000,0.9238,56.9494,0.0000,0.0000,0.9013,50.8750,37.6988,0.0000,0.0305,0.0000
247,499,21,140,0.5072,0.0453,150.5361,141.6548,40623.7266,16.6027,0,0,0,0,0,0,0,0,0,0,0,0,0,1.0001,0.0198,3.9977,0.0764,70.0238,1.3899,1.0023,0.0104,3.9919,0.0363,74.8304,0.7587,0.0000,0.0000,0.9238,56.9436,0.0000,0.0000,0.9013,50.8750,37.6988,0.0000,0.0305,0.0000
248,502,21,140,0.5082,0.0453,150.5200,141.6548,40861.4570,16.6027,0,0,0,0,0,0,0,0,0,0,0,0,0,0.9999,0.0199,3.9973,0.0771,70.0336,1.3933,1.0023,0.0104,3.9919,0.0363,74.8304,0.7587,0.0000,0.0000,0.9238,56.9377,0.0000,0.0000,0.9013,50.8750,37.6988,0.0000,0.0305,0.0000
249,502,21,140,0.5091,0.0453,150.5044,141.6548,41095.6953,16.6027,0,0,0,0,0,0,0,0,0,0,0,0,0,0.9999,0.0199,3.9973,0.0771,70.0336,1.3933,1.0023,0.0104,3.9919,0.0363,74.8304,0.7587,0.0000,0.0000,0.9238,56.9320,0.0000,0.0000,0.9013,50.8750,37.6988,0.0000,0.0305,0.0000
250,504,21,154,0.5101,0.0453,148.9516,141.1299,41322.9727,16.6027,0,0,0,0,0,0,0,0,0,0,0,0,0,0.9999,0.0199,3.9970,0.0772,70.0293,1.3935,1.0023,0.0104,3.9919,0.0363,74.8304,0.7587,0.0000,0.0000,0.8962,56.3595,0.0121,0.0000,0.8953,50.8737,37.6840,0.0000,0.0305,0.0000
251,504,21,154,0.5109,0.0454,148.9366,141.1299,41561.9258,16.6027,0,0,0,0,0,0,0,0,0,0,0,0,0,0.9999,0.0199,3.9970,0.0772,70.0293,1.3935,1.0023,0.0104,3.9919,0.0363,74.8304,0.7587,0.0000,0.0000,0.8962,56.3540,0.0000,0.0000,0.8953,50.8737,37.6840,0.0000,0.0305,0.0000
252,504,21,154,0.5118,0.0454,153.0448,141.1299,41804.0273,16.6027,0,0,0,0,0,0,0,0,0,0,0,0,0,0.9999,0.0199,3.9970,0.0772,70.0293,1.3935,1.0023,0.0104,3.9919,0.0363,74.8304,0.7587,2.0878,0.6333,1.4127,57.8655,0.0000,0.0542,0.8953,50.8737,37.6840,0.0000,0.0017,0.0000
253,504,21,154,0.5127,0.0454,153.0294,141.1299,42045.8320,16.6027,0,0,0,0,0,0,0,0,0,0,0,0,0,0.9999,0.0199,3.9970,0.0772,70.0293,1.3935,1.0023,0.0104,3.9919,0.0363,74.8304,0.7587,0.0000,0.0000,1.4127,57.8599,0.0000,0.0000,0.8953,50.8737,37.6840,0.0000,0.0017,0.0000
254,504,21,154,0.5136,0.0455,153.0139,141.1299,42291.7773,16.6027,0,0,0,0,0,0,0,0,0,0,0,0,0,0.9999,0.0199,3.9970,0.0772,70.0293,1.3935,1.0023,0.0104,3.9919,0.0363,74.8304,0.7587,0.0000,0.0000,1.4127,57.8542,0.0000,0.0000,0.8953,50.8737,37.6840,0.0000,0.0017,0.0000
255,504,21,154,0.5145,0.0455,152.9986,141.1299,42543.1094,16.6027,0,0,0,0,0,0,0,0,0,0,0,0,0,0.9999,0.0199,3.9970,0.0772,70.0293,1.3935,1.0023,0.0104,3.9919,0.0363,74.8304,0.7587,0.0000,0.0000,1.4127,57.8484,0.0000,0.0000,0.8953,50.8737,37.6840,0.0000,0.0017,0.0000
256,506,21,154,0.5154,0.0455,158.4085,141.1299,42792.5664,16.6027,0,0,0,0,0,0,0,0,0,0,0,0,0,0.9998,0.0199,3.9971,0.0776,70.0246,1.3971,1.0023,0.0104,3.9919,0.0363,74.8304,0.7587,2.8422,0.9295,1.7408,59.9862,0.0000,0.3706,0.8953,50.8737,37.6840,0.0000,0.0127,0.0000
257,507,21,154,0.5163,0.0456,158.3939,141.1299,43036.2344,16.6027,0,0,0,0,0,0,0,0,0,0,0,0,0,0.9997,0.0200,3.9974,0.0778,70.0179,1.4039,1.0023,0.0104,3.9919,0.0363,74.8304,0.7587,0.0000,0.0000,1.7408,59.9806,0.0000,0.0000,0.8953,50.8737,37.6840,0.0000,0.0127,0.0000
258,507,21,154,0.5172,0.0456,158.3791,141.1299,43278.2227,16.6027,0,0,0,0,0,0,0,0,0,0,0,0,0,0.9997,0.0200,3.9974,0.0778,70.0179,1.4039,1.0023,0.0104,3.9919,0.0363,74.8304,0.7587,0.0000,0.0000,1.7408,59.9750,0.0000,0.0000,0.8953,50.8737,37.6840,0.0000,0.0127,0.0000
259,508,21,154,0.5181,0.0456,158.3645,141.1299,43531.6406,16.6027,0,0,1,0,0,0,0,0,0,0,0,0,0,0.9999,0.0201,3.9973,0.0779,70.0082,1.4123,1.0023,0.0104,3.9919,0.0363,74.8304,0.7587,0.0000,0.0000,1.7408,59.9694,0.0000,0.0000,0.8953,50.8737,37.6840,0.0000,0.0127,0.0000
260,510,21,154,0.5190,0.0456,156.9003,140.6119,43761.4961,16.6027,0,0,0,0,0,0,0,0,0,0,0,0,0,0.9999,0.0201,3.9970,0.0779,70.0066,1.4156,1.0023,0.0104,3.9919,0.0363,74.8304,0.7587,0.0000,0.0000,1.5742,59.2433,0.2155,0.0000,0.8898,50.8583,37.6699,0.0015,0.0127,0.0000
261,511,21,154,0.5198,0.0457,156.8858,140.6119,44004.4805,16.6027,0,0,0,0,0,0,0,0,0,0,0,0,0,0.9999,0.0201,3.9972,0.0780,69.9999,1.4223,1.0023,0.0104,3.9919,0.0363,74.8304,0.7587,0.0000,0.0000,1.5742,59.2379,0.0000,0.0000,0.8898,50.8583,37.6699,0.0015,0.0127,0.0000
262,512,21,154,0.5207,0.0457,156.8711,140.6119,44250.6641,16.6027,0,0,0,0,0,0,0,0,0,0,0,0,0,0.9998,0.0201,3.9969,0.0782,69.9960,1.4237,1.0023,0.0104,3.9919,0.0363,74.8304,0.7587,0.0000,0.0000,1.5742,59.2325,0.0000,0.0000,0.8898,50.8583,37.6699,0.0015,0.0127,0.0000
263,512,21,154,0.5215,0.0457,156.8562,140.6119,44496.5469,16.6027,0,0,0,0,0,0,0,0,0,0,0,0,0,0.9998,0.0201,3.9969,0.0782,69.9960,1.4237,1.0023,0.0104,3.9919,0.0363,74.8304,0.7587,0.0000,0.0000,1.5742,59.2271,0.0000,0.0000,0.8898,50.8583,37.6699,0.0015,0.0127,0.0000
264,513,21,154,0.5224,0.0458,156.8412,140.6119,44746.5977,16.6027,0,0,0,0,0,0,0,0,0,0,0,0,0,0.9998,0.0202,3.9965,0.0784,69.9921,1.4251,1.0023,0.0104,3.9919,0.0363,74.8304,0.7587,0.0000,0.0000,1.5742,59.2216,0.0000,0.0000,0.8898,50.8583,37.6699,0.0015,0.0127,0.0000
265,513,21,154,0.5233,0.0458,156.8263,140.6119,45002.0938,16.6027,0,0,0,0,0,0,0,0,0,0,0,0,0,0.9998,0.0202,3.9965,0.0784,69.9921,1.4251,1.0023,0.0104,3.9919,0.0363,74.8304,0.7587,0.0000,0.0000,1.5742,59.2161,0.0000,0.0000,0.8898,50.8583,37.6699,0.0015,0.0127,0.0000
266,514,21,154,0.5241,0.0458,156.8111,140.6119,45255.7383,16.6027,0,0,0,0,0,0,0,0,0,0,0,0,0,0.9997,0.0202,3.9962,0.0787,69.9914,1.4238,1.0023,0.0104,3.9919,0.0363,74.8304,0.7587,0.0000,0.0000,1.5742,59.2105,0.0000,0.0000,0.8898,50.8583,37.6699,0.0015,0.0127,0.0000
267,515,21,154,0.5250,0.0458,156.7967,140.6119,45503.4570,16.6027,0,0,0,0,0,0,0,0,0,0,0,0,0,0.9996,0.0202,3.9960,0.0788,69.9920,1.4224,1.0023,0.0104,3.9919,0.0363,74.8304,0.7587,0.0000,0.0000,1.5742,59.2051,0.0000,0.0000,0.8898,50.8583,37.6699,0.0015,0.0127,0.0000
268,515,22,154,0.5259,0.0459,156.7817,140.6119,45749.5664,16.6027,0,0,0,0,0,0,0,0,0,0,0,0,0,0.9996,0.0202,3.9960,0.0788,69.9920,1.4224,1.0002,0.0140,3.9877,0.0403,74.6831,1.0023,0.0000,0.0000,1.5742,59.1996,0.0000,0.0000,0.8898,50.8583,37.6699,0.0015,0.0127,0.0000
269,515,22,154,0.5267,0.0459,156.7672,140.6119,45992.0000,16.6027,0,0,0,0,0,0,0,0,0,0,0,0,0,0.9996,0.0202,3.9960,0.0788,69.9920,1.4224,1.0002,0.0140,3.9877,0.0403,74.6831,1.0023,0.0000,0.0000,1.5742,59.1943,0.0000,0.0000,0.8898,50.8583,37.6699,0.0015,0.0127,0.0000
270,515,22,154,0.5276,0.0459,155.2230,140.2842,46225.2500,16.6027,0,0,0,0,0,0,0,0,0,0,0,0,0,0.9996,0.0202,3.9960,0.0788,69.9920,1.4224,1.0002,0.0140,3.9877,0.0403,74.6831,1.0023,0.0000,0.0000,1.4403,58.6234,0.0348,0.0000,0.8864,50.8574,37.6584,0.0001,0.0127,0.0000
271,516,22,154,0.5284,0.0459,155.2090,140.2842,46472.1211,16.6027,0,0,0,0,0,0,0,0,0,0,0,0,0,0.9996,0.0202,3.9960,0.0787,69.9927,1.4212,1.0002,0.0140,3.9877,0.0403,74.6831,1.0023,0.0000,0.0000,1.4403,58.6182,0.0000,0.0000,0.8864,50.8574,37.6584,0.0001,0.0127,0.0000
272,518,22,154,0.5293,0.0460,155.1947,140.2842,46722.2344,16.6027,0,0,0,0,0,0,0,0,0,0,0,0,0,0.9996,0.0202,3.9958,0.0791,69.9988,1.4226,1.0002,0.0140,3.9877,0.0403,74.6831,1.0023,0.0000,0.0000,1.4403,58.6129,0.0000,0.0000,0.8864,50.8574,37.6584,0.0001,0.0127,0.0000
273,518,22,154,0.5301,0.0460,155.1804,140.2842,46972.0391,16.6027,0,0,0,0,0,0,0,0,0,0,0,0,0,0.9996,0.0202,3.9958,0.0791,69.9988,1.4226,1.0002,0.0140,3.9877,0.0403,74.6831,1.0023,0.0000,0.0000,1.4403,58.6077,0.0000,0.0000,0.8864,50.8574,37.6584,0.0001,0.0127,0.0000
274,519,22,154,0.5309,0.0461,155.1658,140.2842,47226.0586,16.6027,0,0,0,0,0,0,0,0,0,0,0,0,0,0.9997,0.0202,3.9961,0.0792,69.9921,1.4295,1.0002,0.0140,3.9877,0.0403,74.6831,1.0023,0.0000,0.0000,1.4403,58.6024,0.0000,0.0000,0.8864,50.8574,37.6584,0.0001,0.0127,0.0000
275,519,22,154,0.5317,0.0461,155.1514,140.2842,47485.5664,16.6027,0,0,0,0,0,0,0,0,0,0,0,0,0,0.9997,0.0202,3.9961,0.0792,69.9921,1.4295,1.0002,0.0140,3.9877,0.0403,74.6831,1.0023,0.0000,0.0000,1.4403,58.5970,0.0000,0.0000,0.8864,50.8574,37.6584,0.0001,0.0127,0.0000
276,520,22,154,0.5326,0.0461,155.1367,140.2842,47743.2422,16.6027,0,0,0,0,0,0,0,0,0,0,0,0,0,0.9996,0.0203,3.9958,0.0794,69.9905,1.4285,1.0002,0.0140,3.9877,0.0403,74.6831,1.0023,0.0000,0.0000,1.4403,58.5917,0.0000,0.0000,0.8864,50.8574,37.6584,0.0001,0.0127,0.0000
277,522,22,154,0.5334,0.0461,155.1228,140.2842,47994.8789,16.6027,0,0,0,0,0,0,0,0,0,0,0,0,0,0.9994,0.0204,3.9955,0.0796,69.9955,1.4285,1.0002,0.0140,3.9877,0.0403,74.6831,1.0023,0.0000,0.0000,1.4403,58.5864,0.0000,0.0000,0.8864,50.8574,37.6584,0.0001,0.0127,0.0000
278,523,22,154,0.5342,0.0462,155.1084,140.2842,48244.9609,16.6027,0,0,0,0,0,0,0,0,0,0,0,0,0,0.9995,0.0204,3.9954,0.0795,69.9996,1.4302,1.0002,0.0140,3.9877,0.0403,74.6831,1.0023,0.0000,0.0000,1.4403,58.5812,0.0000,0.0000,0.8864,50.8574,37.6584,0.0001,0.0127,0.0000
279,523,22,154,0.5351,0.0462,164.7517,140.2842,48491.2852,16.6027,0,0,0,0,0,0,0,0,0,0,0,0,0,0.9995,0.0204,3.9954,0.0795,69.9996,1.4302,1.0002,0.0140,3.9877,0.0403,74.6831,1.0023,5.4152,1.8368,1.8758,62.5755,0.0000,0.9802,0.8864,50.8574,37.6584,0.0001,0.0206,0.0000
280,523,22,154,0.5359,0.0462,163.2600,139.7421,48726.6328,16.6027,0,0,0,0,0,0,0,0,0,0,0,0,0,0.9995,0.0204,3.9954,0.0795,69.9996,1.4302,1.0002,0.0140,3.9877,0.0403,74.6831,1.0023,0.0000,0.0000,1.6766,61.6366,0.4472,0.0000,0.8812,50.8361,37.6430,0.0033,0.0206,0.0000
281,523,22,154,0.5367,0.0462,163.2465,139.7421,48977.2578,16.6027,0,0,0,0,0,0,0,0,0,0,0,0,0,0.9995,0.0204,3.9954,0.0795,69.9996,1.4302,1.0002,0.0140,3.9877,0.0403,74.6831,1.0023,0.0000,0.0000,1.6766,61.6316,0.0000,0.0000,0.8812,50.8361,37.6430,0.0033,0.0206,0.0000
282,523,22,154,0.5375,0.0463,163.2327,139.7421,49231.1797,16.6027,0,0,0,0,0,0,0,0,0,0,0,0,0,0.9995,0.0204,3.9954,0.0795,69.9996,1.4302,1.0002,0.0140,3.9877,0.0403,74.6831,1.0023,0.0000,0.0000,1.6766,61.6265,0.0000,0.0000,0.8812,50.8361,37.6430,0.0033,0.0206,0.0000
283,524,22,154,0.5383,0.0463,163.2189,139.7421,49499.7773,16.6027,0,0,1,0,0,0,0,0,0,0,0,0,0,0.9995,0.0205,3.9947,0.0792,70.0041,1.4279,1.0002,0.0140,3.9877,0.0403,74.6831,1.0023,0.0000,0.0000,1.6766,61.6214,0.0000,0.0000,0.8812,50.8361,37.6430,0.0033,0.0206,0.0000
284,526,22,154,0.5391,0.0463,163.2049,139.7421,49757.6133,16.6027,0,0,0,0,0,0,0,0,0,0,0,0,0,0.9996,0.0205,3.9943,0.0793,70.0122,1.4322,1.0002,0.0140,3.9877,0.0403,74.6831,1.0023,0.0000,0.0000,1.6766,61.6163,0.0000,0.0000,0.8812,50.8361,37.6430,0.0033,0.0206,0.0000
285,526,22,154,0.5399,0.0464,163.1910,139.7421,50021.0039,16.6027,0,0,0,0,0,0,0,0,0,0,0,0,0,0.9996,0.0205,3.9943,0.0793,70.0122,1.4322,1.0002,0.0140,3.9877,0.0403,74.6831,1.0023,0.0000,0.0000,1.6766,61.6112,0.0000,0.0000,0.8812,50.8361,37.6430,0.0033,0.0206,0.0000
286,528,22,154,0.5407,0.0464,163.1768,139.7421,50282.5664,16.6027,0,0,0,0,0,0,0,0,0,0,0,0,0,0.9996,0.0205,3.9947,0.0796,70.0106,1.4300,1.0002,0.0140,3.9877,0.0403,74.6831,1.0023,0.0000,0.0000,1.6766,61.6060,0.0000,0.0000,0.8812,50.8361,37.6430,0.0033,0.0206,0.0000
287,529,22,154,0.5415,0.0464,163.1633,139.7421,50537.9727,16.6027,0,0,0,0,0,0,0,0,0,0,0,0,0,0.9996,0.0205,3.9944,0.0798,70.0171,1.4366,1.0002,0.0140,3.9877,0.0403,74.6831,1.0023,0.0000,0.0000,1.6766,61.6009,0.0000,0.0000,0.8812,50.8361,37.6430,0.0033,0.0206,0.0000
288,529,22,154,0.5423,0.0464,163.1494,139.7421,50791.8906,16.6027,0,0,0,0,0,0,0,0,0,0,0,0,0,0.9996,0.0205,3.9944,0.0798,70.0171,1.4366,1.0002,0.0140,3.9877,0.0403,74.6831,1.0023,0.0000,0.0000,1.6766,61.5958,0.0000,0.0000,0.8812,50.8361,37.6430,0.0033,0.0206,0.0000
289,532,22,154,0.5431,0.0465,163.1359,139.7421,51041.9727,16.6027,0,0,0,0,0,0,0,0,0,0,0,0,0,0.9996,0.0205,3.9944,0.0800,70.0095,1.4385,1.0002,0.0140,3.9877,0.0403,74.6831,1.0023,0.0000,0.0000,1.6766,61.5909,0.0000,0.0000,0.8812,50.8361,37.6430,0.0033,0.0206,0.0000
290,537,22,154,0.5439,0.0465,161.5678,139.5658,51280.3672,16.6027,0,0,0,0,0,0,0,0,0,0,0,0,0,0.9996,0.0206,3.9954,0.0807,70.0113,1.4350,1.0002,0.0140,3.9877,0.0403,74.6831,1.0023,0.0000,0.0000,1.5255,61.0104,0.0499,0.0000,0.8799,50.8353,37.6329,0.0001,0.0206,0.0000
291,539,22,154,0.5447,0.0465,161.5547,139.5658,51534.6016,16.6027,0,0,0,0,0,0,0,0,0,0,0,0,0,0.9996,0.0207,3.9960,0.0812,70.0155,1.4340,1.0002,0.0140,3.9877,0.0403,74.6831,1.0023,0.0000,0.0000,1.5255,61.0055,0.0000,0.0000,0.8799,50.8353,37.6329,0.0001,0.0206,0.0000
292,541,22,154,0.5455,0.0465,161.5414,139.5658,51792.1992,16.6027,0,0,0,0,0,0,0,0,0,0,0,0,0,0.9996,0.0206,3.9961,0.0812,70.0145,1.4337,1.0002,0.0140,3.9877,0.0403,74.6831,1.0023,0.0000,0.0000,1.5255,61.0006,0.0000,0.0000,0.8799,50.8353,37.6329,0.0001,0.0206,0.0000
293,542,22,154,0.5462,0.0466,161.5280,139.5658,52049.4688,16.6027,0,0,0,0,0,0,0,0,0,0,0,0,0,0.9995,0.0207,3.9964,0.0813,70.0092,1.4377,1.0002,0.0140,3.9877,0.0403,74.6831,1.0023,0.0000,0.0000,1.5255,60.9957,0.0000,0.0000,0.8799,50.8353,37.6329,0.0001,0.0206,0.0000
294,543,22,154,0.5470,0.0466,161.5145,139.5658,52310.9766,16.6027,0,0,0,0,0,0,0,0,0,0,0,0,0,0.9996,0.0207,3.9967,0.0816,70.0081,1.4366,1.0002,0.0140,3.9877,0.0403,74.6831,1.0023,0.0000,0.0000,1.5255,60.9908,0.0000,0.0000,0.8799,50.8353,37.6329,0.0001,0.0206,0.0000
295,544,22,154,0.5478,0.0466,161.5010,139.5658,52578.1055,16.6027,0,0,0,0,0,0,0,0,0,0,0,0,0,0.9996,0.0207,3.9970,0.0818,70.0125,1.4391,1.0002,0.0140,3.9877,0.0403,74.6831,1.0023,0.0000,0.0000,1.5255,60.9858,0.0000,0.0000,0.8799,50.8353,37.6329,0.0001,0.0206,0.0000
296,546,22,154,0.5485,0.0467,161.4873,139.5658,52843.4180,16.6027,0,0,0,0,0,0,0,0,0,0,0,0,0,0.9996,0.0208,3.9974,0.0821,70.0122,1.4503,1.0002,0.0140,3.9877,0.0403,74.6831,1.0023,0.0000,0.0000,1.5255,60.9807,0.0000,0.0000,0.8799,50.8353,37.6329,0.0001,0.0206,0.0000
297,548,22,154,0.5493,0.0467,161.4742,139.5658,53102.4688,16.6027,0,0,0,0,0,0,0,0,0,0,0,0,0,0.9996,0.0208,3.9970,0.0822,70.0108,1.4478,1.0002,0.0140,3.9877,0.0403,74.6831,1.0023,0.0000,0.0000,1.5255,60.9759,0.0000,0.0000,0.8799,50.8353,37.6329,0.0001,0.0206,0.0000
298,551,22,154,0.5501,0.0467,161.4608,139.5658,53360.0508,16.6027,0,0,0,0,0,0,0,0,0,0,0,0,0,0.9995,0.0208,3.9974,0.0823,70.0033,1.4508,1.0002,0.0140,3.9877,0.0403,74.6831,1.0023,0.0000,0.0000,1.5255,60.9709,0.0000,0.0000,0.8799,50.8353,37.6329,0.0001,0.0206,0.0000
299,551,22,154,0.5508,0.0467,161.4476,139.5658,53613.7461,16.6027,0,0,0,0,0,0,0,0,0,0,0,0,0,0.9995,0.0208,3.9974,0.0823,70.0033,1.4508,1.0002,0.0140,3.9877,0.0403,74.6831,1.0023,0.0000,0.0000,1.5255,60.9661,0.0000,0.0000,0.8799,50.8353,37.6329,0.0001,0.0206,0.0000
300,551,22,165,0.5516,0.0468,159.8195,139.3831,53855.0547,18.7773,0,0,0,0,0,0,0,0,0,0,0,0,0,0.9995,0.0208,3.9974,0.0823,70.0033,1.4508,1.0002,0.0140,3.9877,0.0403,74.6831,1.0023,0.0000,0.0000,1.4151,60.3652,0.0239,0.0000,0.8788,50.8344,37.6215,0.0000,0.0206,0.0000
301,551,22,165,0.5524,0.0468,159.8069,139.3831,54112.7734,18.7773,0,0,0,0,0,0,0,0,0,0,0,0,0,0.9995,0.0208,3.9974,0.0823,70.0033,1.4508,1.0002,0.0140,3.9877,0.0403,74.6831,1.0023,0.0000,0.0000,1.4151,60.3605,0.0000,0.0000,0.8788,50.8344,37.6215,0.0000,0.0206,0.0000
302,551,22,165,0.5531,0.0468,187.0895,139.3831,54373.9297,18.7773,0,0,0,0,0,0,0,0,0,0,0,0,0,0.9995,0.0208,3.9974,0.0823,70.0033,1.4508,1.0002,0.0140,3.9877,0.0403,74.6831,1.0023,15.8167,5.9318,2.3173,71.4349,0.0000,3.8354,0.8788,50.8344,37.6215,0.0000,0.1143,0.0000
303,550,22,165,0.5538,0.0468,187.0775,139.3831,54649.7422,18.7773,0,0,1,0,0,0,0,0,0,0,0,0,0,0.9996,0.0207,3.9973,0.0823,70.0005,1.4507,1.0002,0.0140,3.9877,0.0403,74.6831,1.0023,0.0000,0.0000,2.3173,71.4302,0.0000,0.0000,0.8788,50.8344,37.6215,0.0000,0.1143,0.0000
304,550,22,165,0.5545,0.0469,187.0655,139.3831,54914.8086,18.7773,0,0,0,0,0,0,0,0,0,0,0,0,0,0.9996,0.0207,3.9973,0.0823,70.0005,1.4507,1.0002,0.0140,3.9877,0.0403,74.6831,1.0023,0.0000,0.0000,2.3173,71.4255,0.0000,0.0000,0.8788,50.8344,37.6215,0.0000,0.1143,0.0000
305,550,22,165,0.5552,0.0469,187.0534,139.3831,55185.5312,18.7773,0,0,0,0,0,0,0,0,0,0,0,0,0,0.9996,0.0207,3.9973,0.0823,70.0005,1.4507,1.0002,0.0140,3.9877,0.0403,74.6831,1.0023,0.0000,0.0000,2.3173,71.4207,0.0000,0.0000,0.8788,50.8344,37.6215,0.0000,0.1143,0.0000
306,552,22,165,0.5560,0.0469,187.0413,139.3831,55454.4648,18.7773,0,0,0,0,0,0,0,0,0,0,0,0,0,0.9996,0.0210,3.9972,0.0826,70.0062,1.4570,1.0002,0.0140,3.9877,0.0403,74.6831,1.0023,0.0000,0.0000,2.3173,71.4158,0.0000,0.0000,0.8788,50.8344,37.6215,0.0000,0.1143,0.0000
307,552,22,165,0.5567,0.0469,187.0295,139.3831,55717.0234,18.7773,0,0,0,0,0,0,0,0,0,0,0,0,0,0.9996,0.0210,3.9972,0.0826,70.0062,1.4570,1.0002,0.0140,3.9877,0.0403,74.6831,1.0023,0.0000,0.0000,2.3173,71.4111,0.0000,0.0000,0.8788,50.8344,37.6215,0.0000,0.1143,0.0000
308,551,22,165,0.5574,0.0470,187.0177,139.3831,55993.1523,18.7773,0,0,1,0,0,0,0,0,0,0,0,0,0,0.9996,0.0210,3.9972,0.0827,70.0062,1.4583,1.0002,0.0140,3.9877,0.0403,74.6831,1.0023,0.0000,0.0000,2.3173,71.4063,0.0000,0.0000,0.8788,50.8344,37.6215,0.0000,0.1143,0.0000
309,553,22,165,0.5581,0.0470,187.0060,139.3831,56250.3594,18.7773,0,0,0,0,0,0,0,0,0,0,0,0,0,0.9994,0.0210,3.9969,0.0827,70.0010,1.4631,1.0002,0.0140,3.9877,0.0403,74.6831,1.0023,0.0000,0.0000,2.3173,71.4017,0.0000,0.0000,0.8788,50.8344,37.6215,0.0000,0.1143,0.0000
310,554,22,165,0.5589,0.0470,185.6113,139.1407,56502.3086,18.7773,0,0,1,0,0,0,0,0,0,0,0,0,0,0.9994,0.0210,3.9966,0.0829,70.0089,1.4680,1.0002,0.0140,3.9877,0.0403,74.6831,1.0023,0.0000,0.0000,1.9802,70.1768,0.8010,0.0000,0.8782,50.7199,37.6074,0.0061,0.1143,0.0000
311,554,22,165,0.5596,0.0470,185.5991,139.1407,56763.4102,18.7773,0,0,0,0,0,0,0,0,0,0,0,0,0,0.9994,0.0210,3.9966,0.0829,70.0089,1.4680,1.0002,0.0140,3.9877,0.0403,74.6831,1.0023,0.0000,0.0000,1.9802,70.1723,0.0000,0.0000,0.8782,50.7199,37.6074,0.0061,0.1143,0.0000
312,557,22,165,0.5603,0.0471,185.5866,139.1407,57028.0039,18.7773,0,0,0,0,0,0,0,0,0,0,0,0,0,0.9993,0.0211,3.9965,0.0828,70.0032,1.4704,1.0002,0.0140,3.9877,0.0403,74.6831,1.0023,0.0000,0.0000,1.9802,70.1677,0.0000,0.0000,0.8782,50.7199,37.6074,0.0061,0.1143,0.0000
313,559,22,165,0.5610,0.0471,185.5741,139.1407,57292.2148,18.7773,0,0,0,0,0,0,0,0,0,0,0,0,0,0.9993,0.0213,3.9968,0.0830,70.0020,1.4764,1.0002,0.0140,3.9877,0.0403,74.6831,1.0023,0.0000,0.0000,1.9802,70.1631,0.0000,0.0000,0.8782,50.7199,37.6074,0.0061,0.1143,0.0000
314,559,22,165,0.5617,0.0471,185.5613,139.1407,57560.6836,18.7773,0,0,0,0,0,0,0,0,0,0,0,0,0,0.9993,0.0213,3.9968,0.0830,70.0020,1.4764,1.0002,0.0140,3.9877,0.0403,74.6831,1.0023,0.0000,0.0000,1.9802,70.1584,0.0000,0.0000,0.8782,50.7199,37.6074,0.0061,0.1143,0.0000
315,564,22,165,0.5625,0.0472,185.5488,139.1407,57834.8594,18.7773,0,0,0,0,0,0,0,0,0,0,0,0,0,0.9994,0.0213,3.9972,0.0830,70.0112,1.4780,1.0002,0.0140,3.9877,0.0403,74.6831,1.0023,0.0000,0.0000,1.9802,70.1537,0.0000,0.0000,0.8782,50.7199,37.6074,0.0061,0.1143,0.0000
316,566,22,165,0.5632,0.0472,185.5359,139.1407,58107.2969,18.7773,0,0,0,0,0,0,0,0,0,0,0,0,0,0.9993,0.0214,3.9974,0.0830,70.0108,1.4774,1.0002,0.0140,3.9877,0.0403,74.6831,1.0023,0.0000,0.0000,1.9802,70.1490,0.0000,0.0000,0.8782,50.7199,37.6074,0.0061,0.1143,0.0000
317,566,22,165,0.5639,0.0472,185.5237,139.1407,58373.2344,18.7773,0,0,0,0,0,0,0,0,0,0,0,0,0,0.9993,0.0214,3.9974,0.0830,70.0108,1.4774,1.0002,0.0140,3.9877,0.0403,74.6831,1.0023,0.0000,0.0000,1.9802,70.1445,0.0000,0.0000,0.8782,50.7199,37.6074,0.0061,0.1143,0.0000
318,566,22,165,0.5646,0.0472,185.5110,139.1407,58637.8125,18.7773,0,0,0,0,0,0,0,0,0,0,0,0,0,0.9993,0.0214,3.9974,0.0830,70.0108,1.4774,1.0002,0.0140,3.9877,0.0403,74.6831,1.0023,0.0000,0.0000,1.9802,70.1398,0.0000,0.0000,0.8782,50.7199,37.6074,0.0061,0.1143,0.0000
319,568,22,165,0.5653,0.0472,198.3988,139.1407,58898.4023,18.7773,0,0,0,0,0,0,0,0,0,0,0,0,0,0.9993,0.0213,3.9973,0.0829,70.0163,1.4888,1.0002,0.0140,3.9877,0.0403,74.6831,1.0023,7.7643,2.7686,2.2862,75.8429,0.0000,1.7508,0.8782,50.7199,37.6074,0.0061,0.0308,0.0000
320,572,22,165,0.5660,0.0473,196.7256,139.0593,59135.6133,18.7773,0,0,0,0,0,0,0,0,0,0,0,0,0,0.9994,0.0214,3.9975,0.0833,70.0100,1.5039,1.0002,0.0140,3.9877,0.0403,74.6831,1.0023,0.0000,0.0000,2.0411,74.4193,0.9048,0.0000,0.8801,50.6891,37.5936,0.0064,0.0308,0.0000
321,572,22,165,0.5667,0.0473,196.7137,139.0593,59399.9727,18.7773,0,0,0,0,0,0,0,0,0,0,0,0,0,0.9994,0.0214,3.9975,0.0833,70.0100,1.5039,1.0002,0.0140,3.9877,0.0403,74.6831,1.0023,0.0000,0.0000,2.0411,74.4149,0.0000,0.0000,0.8801,50.6891,37.5936,0.0064,0.0308,0.0000
322,572,22,165,0.5674,0.0473,196.7017,139.0593,59667.8867,18.7773,0,0,0,0,0,0,0,0,0,0,0,0,0,0.9994,0.0214,3.9975,0.0833,70.0100,1.5039,1.0002,0.0140,3.9877,0.0403,74.6831,1.0023,0.0000,0.0000,2.0411,74.4104,0.0000,0.0000,0.8801,50.6891,37.5936,0.0064,0.0308,0.0000
323,574,22,165,0.5681,0.0474,196.6895,139.0593,59935.4297,18.7773,0,0,0,0,0,0,0,0,0,0,0,0,0,0.9994,0.0214,3.9975,0.0835,70.0087,1.5027,1.0002,0.0140,3.9877,0.0403,74.6831,1.0023,0.0000,0.0000,2.0411,74.4059,0.0000,0.0000,0.8801,50.6891,37.5936,0.0064,0.0308,0.0000
324,578,22,165,0.5688,0.0474,196.6771,139.0593,60207.2383,18.7773,0,0,0,0,0,0,0,0,0,0,0,0,0,0.9993,0.0215,3.9975,0.0836,69.9936,1.5101,1.0002,0.0140,3.9877,0.0403,74.6831,1.0023,0.0000,0.0000,2.0411,74.4014,0.0000,0.0000,0.8801,50.6891,37.5936,0.0064,0.0308,0.0000
325,580,22,165,0.5695,0.0474,196.6649,139.0593,60484.7734,18.7773,0,0,0,0,0,0,0,0,0,0,0,0,0,0.9992,0.0215,3.9975,0.0834,69.9948,1.5078,1.0002,0.0140,3.9877,0.0403,74.6831,1.0023,0.0000,0.0000,2.0411,74.3969,0.0000,0.0000,0.8801,50.6891,37.5936,0.0064,0.0308,0.0000
326,582,22,165,0.5702,0.0474,196.6524,139.0593,60760.6094,18.7773,0,0,0,0,0,0,0,0,0,0,0,0,0,0.9993,0.0217,3.9973,0.0834,70.0009,1.5087,1.0002,0.0140,3.9877,0.0403,74.6831,1.0023,0.0000,0.0000,2.0411,74.3923,0.0000,0.0000,0.8801,50.6891,37.5936,0.0064,0.0308,0.0000
327,582,22,165,0.5709,0.0475,196.6405,139.0593,61029.8281,18.7773,0,0,0,0,0,0,0,0,0,0,0,0,0,0.9993,0.0217,3.9973,0.0834,70.0009,1.5087,1.0002,0.0140,3.9877,0.0403,74.6831,1.0023,0.0000,0.0000,2.0411,74.3879,0.0000,0.0000,0.8801,50.6891,37.5936,0.0064,0.0308,0.0000
328,584,22,165,0.5716,0.0475,196.6283,139.0593,61297.7461,18.7773,0,0,0,0,0,0,0,0,0,0,0,0,0,0.9994,0.0218,3.9971,0.0833,70.0068,1.5337,1.0002,0.0140,3.9877,0.0403,74.6831,1.0023,0.0000,0.0000,2.0411,74.3834,0.0000,0.0000,0.8801,50.6891,37.5936,0.0064,0.0308,0.0000
329,584,22,165,0.5722,0.0475,196.6164,139.0593,61561.6172,18.7773,0,0,0,0,0,0,0,0,0,0,0,0,0,0.9994,0.0218,3.9971,0.0833,70.0068,1.5337,1.0002,0.0140,3.9877,0.0403,74.6831,1.0023,0.0000,0.0000,2.0411,74.3790,0.0000,0.0000,0.8801,50.6891,37.5936,0.0064,0.0308,0.0000
330,584,22,165,0.5730,0.0475,194.9003,139.6167,61800.9844,18.7773,0,0,0,0,0,0,0,0,0,0,0,0,0,0.9994,0.0218,3.9971,0.0833,70.0068,1.5337,1.0002,0.0140,3.9877,0.0403,74.6831,1.0023,0.0000,0.0000,1.8334,73.7425,0.0953,0.0000,0.8885,50.6891,37.5897,0.0004,0.0308,0.0000
331,586,22,165,0.5736,0.0476,194.8887,139.6167,62068.5039,18.7773,0,0,0,0,0,0,0,0,0,0,0,0,0,0.9994,0.0219,3.9973,0.0835,70.0152,1.5486,1.0002,0.0140,3.9877,0.0403,74.6831,1.0023,0.0000,0.0000,1.8334,73.7383,0.0000,0.0000,0.8885,50.6891,37.5897,0.0004,0.0308,0.0000
332,586,22,165,0.5743,0.0476,194.8769,139.6167,62339.5977,18.7773,0,0,0,0,0,0,0,0,0,0,0,0,0,0.9994,0.0219,3.9973,0.0835,70.0152,1.5486,1.0002,0.0140,3.9877,0.0403,74.6831,1.0023,0.0000,0.0000,1.8334,73.7339,0.0000,0.0000,0.8885,50.6891,37.5897,0.0004,0.0308,0.0000
333,586,22,165,0.5750,0.0476,194.8650,139.6167,62610.3711,18.7773,0,0,0,0,0,0,0,0,0,0,0,0,0,0.9994,0.0219,3.9973,0.0835,70.0152,1.5486,1.0002,0.0140,3.9877,0.0403,74.6831,1.0023,0.0000,0.0000,1.8334,73.7295,0.0000,0.0000,0.8885,50.6891,37.5897,0.0004,0.0308,0.0000
334,588,22,165,0.5757,0.0477,194.8530,139.6167,62885.3906,18.7773,0,0,0,0,0,0,0,0,0,0,0,0,0,0.9996,0.0220,3.9976,0.0845,70.0235,1.5524,1.0002,0.0140,3.9877,0.0403,74.6831,1.0023,0.0000,0.0000,1.8334,73.7251,0.0000,0.0000,0.8885,50.6891,37.5897,0.0004,0.0308,0.0000
335,588,22,165,0.5763,0.0477,194.8410,139.6167,63166.1953,18.7773,0,0,0,0,0,0,0,0,0,0,0,0,0,0.9996,0.0220,3.9976,0.0845,70.0235,1.5524,1.0002,0.0140,3.9877,0.0403,74.6831,1.0023,0.0000,0.0000,1.8334,73.7207,0.0000,0.0000,0.8885,50.6891,37.5897,0.0004,0.0308,0.0000
336,588,22,165,0.5770,0.0477,194.8288,139.6167,63445.3242,18.7773,0,0,0,0,0,0,0,0,0,0,0,0,0,0.9996,0.0220,3.9976,0.0845,70.0235,1.5524,1.0002,0.0140,3.9877,0.0403,74.6831,1.0023,0.0000,0.0000,1.8334,73.7162,0.0000,0.0000,0.8885,50.6891,37.5897,0.0004,0.0308,0.0000
337,592,22,165,0.5777,0.0477,194.8173,139.6167,63717.7148,18.7773,0,0,0,0,0,0,0,0,0,0,0,0,0,0.9996,0.0220,3.9970,0.0851,70.0244,1.5517,1.0002,0.0140,3.9877,0.0403,74.6831,1.0023,0.0000,0.0000,1.8334,73.7119,0.0000,0.0000,0.8885,50.6891,37.5897,0.0004,0.0308,0.0000
338,594,22,165,0.5784,0.0478,194.8053,139.6167,63988.8672,18.7773,0,0,0,0,0,0,0,0,0,0,0,0,0,0.9997,0.0221,3.9975,0.0854,70.0279,1.5560,1.0002,0.0140,3.9877,0.0403,74.6831,1.0023,0.0000,0.0000,1.8334,73.7075,0.0000,0.0000,0.8885,50.6891,37.5897,0.0004,0.0308,0.0000
339,594,22,165,0.5790,0.0478,194.7937,139.6167,64255.9219,18.7773,0,0,0,0,0,0,0,0,0,0,0,0,0,0.9997,0.0221,3.9975,0.0854,70.0279,1.5560,1.0002,0.0140,3.9877,0.0403,74.6831,1.0023,0.0000,0.0000,1.8334,73.7032,0.0000,0.0000,0.8885,50.6891,37.5897,0.0004,0.0308,0.0000
340,597,22,165,0.5797,0.0478,193.0357,140.2091,64497.4414,18.7773,0,0,0,0,0,0,0,0,0,0,0,0,0,0.9995,0.0223,3.9976,0.0858,70.0305,1.5658,1.0002,0.0140,3.9877,0.0403,74.6831,1.0023,0.0000,0.0000,1.7017,73.0542,0.0393,0.0000,0.8973,50.6891,37.5867,0.0001,0.0308,0.0000
341,601,22,165,0.5804,0.0478,193.0243,140.2091,64768.0586,18.7773,0,0,0,0,0,0,0,0,0,0,0,0,0,0.9998,0.0224,3.9978,0.0859,70.0365,1.5654,1.0002,0.0140,3.9877,0.0403,74.6831,1.0023,0.0000,0.0000,1.7017,73.0500,0.0000,0.0000,0.8973,50.6891,37.5867,0.0001,0.0308,0.0000
342,601,22,165,0.5811,0.0479,193.0128,140.2091,65042.2539,18.7773,0,0,0,0,0,0,0,0,0,0,0,0,0,0.9998,0.0224,3.9978,0.0859,70.0365,1.5654,1.0002,0.0140,3.9877,0.0403,74.6831,1.0023,0.0000,0.0000,1.7017,73.0458,0.0000,0.0000,0.8973,50.6891,37.5867,0.0001,0.0308,0.0000
343,605,22,165,0.5817,0.0479,193.0012,140.2091,65316.1836,18.7773,0,0,0,0,0,0,0,0,0,0,0,0,0,0.9996,0.0227,3.9975,0.0869,70.0386,1.5617,1.0002,0.0140,3.9877,0.0403,74.6831,1.0023,0.0000,0.0000,1.7017,73.0415,0.0000,0.0000,0.8973,50.6891,37.5867,0.0001,0.0308,0.0000
344,606,22,165,0.5824,0.0479,192.9895,140.2091,65609.3359,18.7773,0,1,0,0,0,0,0,0,0,0,0,0,0,0.9995,0.0227,3.9970,0.0869,70.0335,1.5766,1.0002,0.0140,3.9877,0.0403,74.6831,1.0023,0.0000,0.0000,1.7017,73.0372,0.0000,0.0000,0.8973,50.6891,37.5867,0.0001,0.0308,0.0000
345,610,22,165,0.5830,0.0479,192.9778,140.2091,65893.3438,18.7773,0,0,0,0,0,0,0,0,0,0,0,0,0,0.9994,0.0228,3.9967,0.0870,70.0378,1.5799,1.0002,0.0140,3.9877,0.0403,74.6831,1.0023,0.0000,0.0000,1.7017,73.0329,0.0000,0.0000,0.8973,50.6891,37.5867,0.0001,0.0308,0.0000
346,612,22,165,0.5837,0.0480,192.9659,140.2091,66175.6875,18.7773,0,0,0,0,0,0,0,0,0,0,0,0,0,0.9993,0.0228,3.9966,0.0873,70.0343,1.5883,1.0002,0.0140,3.9877,0.0403,74.6831,1.0023,0.0000,0.0000,1.7017,73.0285,0.0000,0.0000,0.8973,50.6891,37.5867,0.0001,0.0308,0.0000
347,612,22,165,0.5843,0.0480,192.9546,140.2091,66451.1562,18.7773,0,0,0,0,0,0,0,0,0,0,0,0,0,0.9993,0.0228,3.9966,0.0873,70.0343,1.5883,1.0002,0.0140,3.9877,0.0403,74.6831,1.0023,0.0000,0.0000,1.7017,73.0243,0.0000,0.0000,0.8973,50.6891,37.5867,0.0001,0.0308,0.0000
348,612,22,165,0.5850,0.0480,192.9429,140.2091,66725.4688,18.7773,0,0,0,0,0,0,0,0,0,0,0,0,0,0.9993,0.0228,3.9966,0.0873,70.0343,1.5883,1.0002,0.0140,3.9877,0.0403,74.6831,1.0023,0.0000,0.0000,1.7017,73.0200,0.0000,0.0000,0.8973,50.6891,37.5867,0.0001,0.0308,0.0000
349,617,22,165,0.5857,0.0480,192.9316,140.2091,66995.6094,18.7773,0,0,0,0,0,0,0,0,0,0,0,0,0,0.9994,0.0228,3.9968,0.0872,70.0355,1.5862,1.0002,0.0140,3.9877,0.0403,74.6831,1.0023,0.0000,0.0000,1.7017,73.0158,0.0000,0.0000,0.8973,50.6891,37.5867,0.0001,0.0308,0.0000
350,617,22,174,0.5863,0.0481,191.1230,140.7541,67239.2188,18.7773,0,0,0,0,0,0,0,0,0,0,0,0,0,0.9994,0.0228,3.9968,0.0872,70.0355,1.5862,1.0002,0.0140,3.9877,0.0403,74.6831,1.0023,0.0000,0.0000,1.5931,72.3485,0.0281,0.0000,0.9060,50.6889,37.5818,0.0001,0.0308,0.0000
351,616,22,174,0.5870,0.0481,191.1120,140.7541,67527.8438,18.7773,0,0,1,0,0,0,0,0,0,0,0,0,0,0.9994,0.0228,3.9968,0.0873,70.0356,1.5875,1.0002,0.0140,3.9877,0.0403,74.6831,1.0023,0.0000,0.0000,1.5931,72.3445,0.0000,0.0000,0.9060,50.6889,37.5818,0.0001,0.0308,0.0000
352,617,22,174,0.5876,0.0481,191.1007,140.7541,67820.0781,18.7773,0,0,1,0,0,0,0,0,0,0,0,0,0,0.9994,0.0229,3.9969,0.0872,70.0327,1.5918,1.0002,0.0140,3.9877,0.0403,74.6831,1.0023,0.0000,0.0000,1.5931,72.3403,0.0000,0.0000,0.9060,50.6889,37.5818,0.0001,0.0308,0.0000
353,619,22,174,0.5882,0.0481,191.0894,140.7541,68097.0547,18.7773,0,0,0,0,0,0,0,0,0,0,0,0,0,0.9994,0.0229,3.9969,0.0871,70.0428,1.5991,1.0002,0.0140,3.9877,0.0403,74.6831,1.0023,0.0000,0.0000,1.5931,72.3361,0.0000,0.0000,0.9060,50.6889,37.5818,0.0001,0.0308,0.0000
354,619,22,174,0.5889,0.0482,191.0779,140.7541,68378.2656,18.7773,0,0,0,0,0,0,0,0,0,0,0,0,0,0.9994,0.0229,3.9969,0.0871,70.0428,1.5991,1.0002,0.0140,3.9877,0.0403,74.6831,1.0023,0.0000,0.0000,1.5931,72.3320,0.0000,0.0000,0.9060,50.6889,37.5818,0.0001,0.0308,0.0000
355,622,22,174,0.5895,0.0482,191.0666,140.7541,68665.3750,18.7773,0,0,0,0,0,0,0,0,0,0,0,0,0,0.9994,0.0228,3.9965,0.0878,70.0430,1.5995,1.0002,0.0140,3.9877,0.0403,74.6831,1.0023,0.0000,0.0000,1.5931,72.3277,0.0000,0.0000,0.9060,50.6889,37.5818,0.0001,0.0308,0.0000
356,627,22,174,0.5902,0.0482,191.0550,140.7541,68950.8594,18.7773,0,0,0,0,0,0,0,0,0,0,0,0,0,0.9994,0.0229,3.9967,0.0890,70.0387,1.6080,1.0002,0.0140,3.9877,0.0403,74.6831,1.0023,0.0000,0.0000,1.5931,72.3235,0.0000,0.0000,0.9060,50.6889,37.5818,0.0001,0.0308,0.0000
357,631,22,174,0.5908,0.0482,194.2572,140.7541,69229.3438,18.7773,0,0,0,0,0,0,0,0,0,0,0,0,0,0.9993,0.0229,3.9958,0.0899,70.0400,1.6166,1.0002,0.0140,3.9877,0.0403,74.6831,1.0023,1.6916,0.5164,1.9459,73.5766,0.0000,0.0816,0.9060,50.6889,37.5818,0.0001,0.0014,0.0000
358,635,22,174,0.5915,0.0483,194.2463,140.7541,69521.7109,18.7773,0,0,1,0,0,0,0,0,0,0,0,0,0,0.9995,0.0231,3.9957,0.0897,70.0263,1.6354,1.0002,0.0140,3.9877,0.0403,74.6831,1.0023,0.0000,0.0000,1.9459,73.5724,0.0000,0.0000,0.9060,50.6889,37.5818,0.0001,0.0014,0.0000
359,641,22,174,0.5921,0.0483,194.2356,140.7541,69794.8750,18.7773,0,0,0,0,0,0,0,0,0,0,0,0,0,0.9995,0.0230,3.9957,0.0904,70.0249,1.6314,1.0002,0.0140,3.9877,0.0403,74.6831,1.0023,0.0000,0.0000,1.9459,73.5684,0.0000,0.0000,0.9060,50.6889,37.5818,0.0001,0.0014,0.0000
360,641,22,174,0.5928,0.0483,192.4629,141.3271,70039.8359,18.7773,0,0,0,0,0,0,0,0,0,0,0,0,0,0.9995,0.0230,3.9957,0.0904,70.0249,1.6314,1.0002,0.0140,3.9877,0.0403,74.6831,1.0023,0.0000,0.0000,1.7958,72.8283,0.1158,0.0000,0.9150,50.6875,37.5782,0.0005,0.0014,0.0000
361,641,22,174,0.5934,0.0483,192.4521,141.3271,70316.3984,18.7773,0,0,0,0,0,0,0,0,0,0,0,0,0,0.9995,0.0230,3.9957,0.0904,70.0249,1.6314,1.0002,0.0140,3.9877,0.0403,74.6831,1.0023,0.0000,0.0000,1.7958,72.8243,0.0000,0.0000,0.9150,50.6875,37.5782,0.0005,0.0014,0.0000
362,641,22,174,0.5940,0.0484,192.4411,141.3271,70596.5938,18.7773,0,0,0,0,0,0,0,0,0,0,0,0,0,0.9995,0.0230,3.9957,0.0904,70.0249,1.6314,1.0002,0.0140,3.9877,0.0403,74.6831,1.0023,0.0000,0.0000,1.7958,72.8202,0.0000,0.0000,0.9150,50.6875,37.5782,0.0005,0.0014,0.0000
363,641,22,174,0.5946,0.0484,192.8553,141.3271,70876.5312,18.7773,0,0,0,0,0,0,0,0,0,0,0,0,0,0.9995,0.0230,3.9957,0.0904,70.0249,1.6314,1.0002,0.0140,3.9877,0.0403,74.6831,1.0023,0.2167,0.0614,1.8441,72.9835,0.0000,0.0011,0.9150,50.6875,37.5782,0.0005,0.0000,0.0000
364,643,22,174,0.5952,0.0484,192.8442,141.3271,71160.7188,18.7773,0,0,0,0,0,0,0,0,0,0,0,0,0,0.9995,0.0230,3.9961,0.0915,70.0325,1.6350,1.0002,0.0140,3.9877,0.0403,74.6831,1.0023,0.0000,0.0000,1.8441,72.9794,0.0000,0.0000,0.9150,50.6875,37.5782,0.0005,0.0000,0.0000
365,643,22,174,0.5959,0.0484,192.8332,141.3271,71450.8594,18.7773,0,0,0,0,0,0,0,0,0,0,0,0,0,0.9995,0.0230,3.9961,0.0915,70.0325,1.6350,1.0002,0.0140,3.9877,0.0403,74.6831,1.0023,0.0000,0.0000,1.8441,72.9753,0.0000,0.0000,0.9150,50.6875,37.5782,0.0005,0.0000,0.0000
366,643,22,174,0.5965,0.0485,192.8219,141.3271,71739.3750,18.7773,0,0,0,0,0,0,0,0,0,0,0,0,0,0.9995,0.0230,3.9961,0.0915,70.0325,1.6350,1.0002,0.0140,3.9877,0.0403,74.6831,1.0023,0.0000,0.0000,1.8441,72.9712,0.0000,0.0000,0.9150,50.6875,37.5782,0.0005,0.0000,0.0000
367,643,22,174,0.5971,0.0485,192.8112,141.3271,72020.8047,18.7773,0,0,0,0,0,0,0,0,0,0,0,0,0,0.9995,0.0230,3.9961,0.0915,70.0325,1.6350,1.0002,0.0140,3.9877,0.0403,74.6831,1.0023,0.0000,0.0000,1.8441,72.9672,0.0000,0.0000,0.9150,50.6875,37.5782,0.0005,0.0000,0.0000
368,645,22,174,0.5977,0.0485,192.8001,141.3271,72301.1250,18.7773,0,0,0,0,0,0,0,0,0,0,0,0,0,0.9994,0.0232,3.9961,0.0916,70.0376,1.6370,1.0002,0.0140,3.9877,0.0403,74.6831,1.0023,0.0000,0.0000,1.8441,72.9631,0.0000,0.0000,0.9150,50.6875,37.5782,0.0005,0.0000,0.0000
369,645,22,174,0.5984,0.0485,192.7894,141.3271,72577.2266,18.7773,0,0,0,0,0,0,0,0,0,0,0,0,0,0.9994,0.0232,3.9961,0.0916,70.0376,1.6370,1.0002,0.0140,3.9877,0.0403,74.6831,1.0023,0.0000,0.0000,1.8441,72.9591,0.0000,0.0000,0.9150,50.6875,37.5782,0.0005,0.0000,0.0000
370,644,22,174,0.5990,0.0486,222.8874,141.0768,72832.5625,18.7773,0,0,1,0,0,0,0,0,0,0,0,0,0,0.9994,0.0232,3.9961,0.0916,70.0376,1.6383,1.0002,0.0140,3.9877,0.0403,74.6831,1.0023,19.9624,7.7780,2.3491,84.5123,1.6509,5.4527,0.9153,50.4988,37.5604,0.0125,0.1891,0.0000
371,646,22,174,0.5996,0.0486,222.8770,141.0768,73112.0000,18.7773,0,0,0,0,0,0,0,0,0,0,0,0,0,0.9993,0.0232,3.9963,0.0915,70.0344,1.6377,1.0002,0.0140,3.9877,0.0403,74.6831,1.0023,0.0000,0.0000,2.3491,84.5084,0.0000,0.0000,0.9153,50.4988,37.5604,0.0125,0.1891,0.0000
372,648,22,174,0.6002,0.0486,222.8664,141.0768,73395.0859,18.7773,0,0,0,0,0,0,0,0,0,0,0,0,0,0.9992,0.0233,3.9966,0.0916,70.0342,1.6351,1.0002,0.0140,3.9877,0.0403,74.6831,1.0023,0.0000,0.0000,2.3491,84.5045,0.0000,0.0000,0.9153,50.4988,37.5604,0.0125,0.1891,0.0000
373,650,22,174,0.6008,0.0487,222.8556,141.0768,73677.9141,18.7773,0,0,0,0,0,0,0,0,0,0,0,0,0,0.9992,0.0234,3.9968,0.0916,70.0387,1.6346,1.0002,0.0140,3.9877,0.0403,74.6831,1.0023,0.0000,0.0000,2.3491,84.5006,0.0000,0.0000,0.9153,50.4988,37.5604,0.0125,0.1891,0.0000
374,652,22,174,0.6014,0.0487,222.8448,141.0768,73965.0391,18.7773,0,0,0,0,0,0,0,0,0,0,0,0,0,0.9992,0.0234,3.9967,0.0917,70.0445,1.6368,1.0002,0.0140,3.9877,0.0403,74.6831,1.0023,0.0000,0.0000,2.3491,84.4966,0.0000,0.0000,0.9153,50.4988,37.5604,0.0125,0.1891,0.0000
375,658,22,174,0.6020,0.0487,225.3121,141.0768,74258.1406,18.7773,0,0,0,0,0,0,0,0,0,0,0,0,0,0.9993,0.0234,3.9974,0.0923,70.0511,1.6478,1.0002,0.0140,3.9877,0.0403,74.6831,1.0023,1.4395,0.4604,2.4743,85.6128,0.0000,0.1941,0.9153,50.4988,37.5604,0.0125,0.0016,0.0000
376,660,22,174,0.6026,0.0487,225.3029,141.0768,74549.6172,18.7773,0,0,0,0,0,0,0,0,0,0,0,0,0,0.9994,0.0234,3.9974,0.0924,70.0487,1.6459,1.0002,0.0140,3.9877,0.0403,74.6831,1.0023,0.0000,0.0000,2.4743,85.6087,0.0000,0.0000,0.9153,50.4988,37.5604,0.0125,0.0016,0.0000
377,663,22,174,0.6032,0.0487,225.2941,141.0768,74833.9297,18.7773,0,0,0,0,0,0,0,0,0,0,0,0,0,0.9993,0.0235,3.9968,0.0927,70.0444,1.6454,1.0002,0.0140,3.9877,0.0403,74.6831,1.0023,0.0000,0.0000,2.4743,85.6049,0.0000,0.0000,0.9153,50.4988,37.5604,0.0125,0.0016,0.0000
378,663,22,174,0.6038,0.0488,225.2852,141.0768,75117.1562,18.7773,0,0,0,0,0,0,0,0,0,0,0,0,0,0.9993,0.0235,3.9968,0.0927,70.0444,1.6454,1.0002,0.0140,3.9877,0.0403,74.6831,1.0023,0.0000,0.0000,2.4743,85.6009,0.0000,0.0000,0.9153,50.4988,37.5604,0.0125,0.0016,0.0000
379,667,22,174,0.6043,0.0488,225.2764,141.0768,75396.0859,18.7773,0,0,0,0,0,0,0,0,0,0,0,0,0,0.9994,0.0236,3.9965,0.0928,70.0422,1.6522,1.0002,0.0140,3.9877,0.0403,74.6831,1.0023,0.0000,0.0000,2.4743,85.5971,0.0000,0.0000,0.9153,50.4988,37.5604,0.0125,0.0016,0.0000
380,669,22,174,0.6049,0.0488,223.4600,141.8656,75637.5156,18.7773,0,0,0,0,0,0,0,0,0,0,0,0,0,0.9993,0.0238,3.9967,0.0929,70.0470,1.6521,1.0002,0.0140,3.9877,0.0403,74.6831,1.0023,0.0000,0.0000,2.1841,84.7314,0.3671,0.0000,0.9282,50.4976,37.5573,0.0021,0.0016,0.0000
381,669,22,174,0.6055,0.0488,223.4498,141.8656,75919.7344,18.7773,0,0,0,0,0,0,0,0,0,0,0,0,0,0.9993,0.0238,3.9967,0.0929,70.0470,1.6521,1.0002,0.0140,3.9877,0.0403,74.6831,1.0023,0.0000,0.0000,2.1841,84.7277,0.0000,0.0000,0.9282,50.4976,37.5573,0.0021,0.0016,0.0000
382,671,22,174,0.6061,0.0489,223.4394,141.8656,76205.6016,18.7773,0,0,0,0,0,0,0,0,0,0,0,0,0,0.9994,0.0239,3.9970,0.0935,70.0397,1.6552,1.0002,0.0140,3.9877,0.0403,74.6831,1.0023,0.0000,0.0000,2.1841,84.7238,0.0000,0.0000,0.9282,50.4976,37.5573,0.0021,0.0016,0.0000
383,673,22,174,0.6067,0.0489,225.0598,141.8656,76491.2344,18.7773,0,0,0,0,0,0,0,0,0,0,0,0,0,0.9994,0.0239,3.9975,0.0938,70.0387,1.6528,1.0002,0.0140,3.9877,0.0403,74.6831,1.0023,0.8923,0.2754,2.3054,85.4171,0.0000,0.0738,0.9282,50.4976,37.5573,0.0021,0.0006,0.0000
384,677,22,174,0.6072,0.0489,225.0499,141.8656,76781.2031,18.7773,0,0,0,0,0,0,0,0,0,0,0,0,0,0.9995,0.0238,3.9978,0.0939,70.0305,1.6619,1.0002,0.0140,3.9877,0.0403,74.6831,1.0023,0.0000,0.0000,2.3054,85.4133,0.0000,0.0000,0.9282,50.4976,37.5573,0.0021,0.0006,0.0000
385,677,22,174,0.6078,0.0490,228.1129,141.8656,77077.1641,18.7773,0,0,0,0,0,0,0,0,0,0,0,0,0,0.9995,0.0238,3.9978,0.0939,70.0305,1.6619,1.0002,0.0140,3.9877,0.0403,74.6831,1.0023,2.0320,0.6799,2.3687,86.9787,0.0000,0.3994,0.9282,50.4976,37.5573,0.0021,0.0027,0.0000
386,677,22,174,0.6084,0.0490,228.1041,141.8656,77371.5156,18.7773,0,0,0,0,0,0,0,0,0,0,0,0,0,0.9995,0.0238,3.9978,0.0939,70.0305,1.6619,1.0002,0.0140,3.9877,0.0403,74.6831,1.0023,0.0000,0.0000,2.3687,86.9747,0.0000,0.0000,0.9282,50.4976,37.5573,0.0021,0.0027,0.0000
387,679,22,174,0.6089,0.0490,228.0954,141.8656,77658.5625,18.7773,0,0,0,0,0,0,0,0,0,0,0,0,0,0.9995,0.0239,3.9979,0.0943,70.0301,1.6629,1.0002,0.0140,3.9877,0.0403,74.6831,1.0023,0.0000,0.0000,2.3687,86.9710,0.0000,0.0000,0.9282,50.4976,37.5573,0.0021,0.0027,0.0000
388,681,22,174,0.6095,0.0490,228.0868,141.8656,77944.6094,18.7773,0,0,0,0,0,0,0,0,0,0,0,0,0,0.9993,0.0239,3.9981,0.0942,70.0358,1.6640,1.0002,0.0140,3.9877,0.0403,74.6831,1.0023,0.0000,0.0000,2.3687,86.9671,0.0000,0.0000,0.9282,50.4976,37.5573,0.0021,0.0027,0.0000
389,683,22,174,0.6100,0.0490,228.0783,141.8656,78226.2656,18.7773,0,0,0,0,0,0,0,0,0,0,0,0,0,0.9993,0.0239,3.9975,0.0948,70.0370,1.6617,1.0002,0.0140,3.9877,0.0403,74.6831,1.0023,0.0000,0.0000,2.3687,86.9634,0.0000,0.0000,0.9282,50.4976,37.5573,0.0021,0.0027,0.0000
390,685,22,174,0.6105,0.0491,226.2478,142.5585,78468.1250,18.7773,0,0,0,0,0,0,0,0,0,0,0,0,0,0.9993,0.0239,3.9977,0.0949,70.0455,1.6674,1.0002,0.0140,3.9877,0.0403,74.6831,1.0023,0.0000,0.0000,2.1886,85.7942,0.5554,0.0000,0.9404,50.4949,37.5523,0.0034,0.0027,0.0000
391,687,22,174,0.6111,0.0491,226.2378,142.5585,78753.0469,18.7773,0,0,0,0,0,0,0,0,0,0,0,0,0,0.9993,0.0240,3.9976,0.0948,70.0434,1.6666,1.0002,0.0140,3.9877,0.0403,74.6831,1.0023,0.0000,0.0000,2.1886,85.7905,0.0000,0.0000,0.9404,50.4949,37.5523,0.0034,0.0027,0.0000
392,687,22,174,0.6117,0.0491,226.2276,142.5585,79041.6562,18.7773,0,0,0,0,0,0,0,0,0,0,0,0,0,0.9993,0.0240,3.9976,0.0948,70.0434,1.6666,1.0002,0.0140,3.9877,0.0403,74.6831,1.0023,0.0000,0.0000,2.1886,85.7867,0.0000,0.0000,0.9404,50.4949,37.5523,0.0034,0.0027,0.0000
393,692,22,174,0.6122,0.0492,226.2173,142.5585,79330.0312,18.7773,0,0,0,0,0,0,0,0,0,0,0,0,0,0.9993,0.0242,3.9973,0.0955,70.0491,1.6745,1.0002,0.0140,3.9877,0.0403,74.6831,1.0023,0.0000,0.0000,2.1886,85.7829,0.0000,0.0000,0.9404,50.4949,37.5523,0.0034,0.0027,0.0000
394,693,22,174,0.6128,0.0492,226.2070,142.5585,79622.7656,18.7773,0,0,0,0,0,0,0,0,0,0,0,0,0,0.9993,0.0242,3.9975,0.0956,70.0546,1.6795,1.0002,0.0140,3.9877,0.0403,74.6831,1.0023,0.0000,0.0000,2.1886,85.7791,0.0000,0.0000,0.9404,50.4949,37.5523,0.0034,0.0027,0.0000
395,693,22,174,0.6134,0.0492,226.1967,142.5585,79921.5156,18.7773,0,0,0,0,0,0,0,0,0,0,0,0,0,0.9993,0.0242,3.9975,0.0956,70.0546,1.6795,1.0002,0.0140,3.9877,0.0403,74.6831,1.0023,0.0000,0.0000,2.1886,85.7753,0.0000,0.0000,0.9404,50.4949,37.5523,0.0034,0.0027,0.0000
396,699,22,174,0.6140,0.0492,226.1862,142.5585,80218.6562,18.7773,0,0,0,0,0,0,0,0,0,0,0,0,0,0.9993,0.0243,3.9973,0.0962,70.0446,1.6892,1.0002,0.0140,3.9877,0.0403,74.6831,1.0023,0.0000,0.0000,2.1886,85.7715,0.0000,0.0000,0.9404,50.4949,37.5523,0.0034,0.0027,0.0000
397,699,22,174,0.6145,0.0492,226.1762,142.5585,80508.3750,18.7773,0,0,0,0,0,0,0,0,0,0,0,0,0,0.9993,0.0243,3.9973,0.0962,70.0446,1.6892,1.0002,0.0140,3.9877,0.0403,74.6831,1.0023,0.0000,0.0000,2.1886,85.7677,0.0000,0.0000,0.9404,50.4949,37.5523,0.0034,0.0027,0.0000
398,703,22,174,0.6151,0.0493,226.1659,142.5585,80797.1094,18.7773,0,0,0,0,0,0,0,0,0,0,0,0,0,0.9992,0.0244,3.9977,0.0961,70.0452,1.6914,1.0002,0.0140,3.9877,0.0403,74.6831,1.0023,0.0000,0.0000,2.1886,85.7639,0.0000,0.0000,0.9404,50.4949,37.5523,0.0034,0.0027,0.0000
399,707,22,174,0.6157,0.0493,226.1559,142.5585,81081.4219,18.7773,0,0,0,0,0,0,0,0,0,0,0,0,0,0.9993,0.0244,3.9974,0.0959,70.0481,1.6906,1.0002,0.0140,3.9877,0.0403,74.6831,1.0023,0.0000,0.0000,2.1886,85.7603,0.0000,0.0000,0.9404,50.4949,37.5523,0.0034,0.0027,0.0000
400,708,22,194,0.6163,0.0493,224.3020,143.5089,81339.5938,20.7842,0,0,1,0,0,0,0,0,0,0,0,0,0,0.9993,0.0245,3.9975,0.0959,70.0486,1.6902,1.0002,0.0140,3.9877,0.0403,74.6831,1.0023,0.0000,0.0000,2.0073,85.0742,0.0729,0.0000,0.9555,50.4952,37.5514,0.0002,0.0027,0.0000
401,713,22,194,0.6168,0.0493,224.2922,143.5089,81627.1562,20.7842,0,0,0,0,0,0,0,0,0,0,0,0,0,0.9993,0.0245,3.9983,0.0977,70.0448,1.7069,1.0002,0.0140,3.9877,0.0403,74.6831,1.0023,0.0000,0.0000,2.0073,85.0705,0.0000,0.0000,0.9555,50.4952,37.5514,0.0002,0.0027,0.0000
402,713,22,194,0.6174,0.0494,224.2822,143.5089,81918.4609,20.7842,0,0,0,0,0,0,0,0,0,0,0,0,0,0.9993,0.0245,3.9983,0.0977,70.0448,1.7069,1.0002,0.0140,3.9877,0.0403,74.6831,1.0023,0.0000,0.0000,2.0073,85.0669,0.0000,0.0000,0.9555,50.4952,37.5514,0.0002,0.0027,0.0000
403,713,22,194,0.6179,0.0494,224.2721,143.5089,82224.5312,20.7842,0,0,1,0,0,0,0,0,0,0,0,0,0,0.9993,0.0245,3.9980,0.0980,70.0428,1.7077,1.0002,0.0140,3.9877,0.0403,74.6831,1.0023,0.0000,0.0000,2.0073,85.0631,0.0000,0.0000,0.9555,50.4952,37.5514,0.0002,0.0027,0.0000
404,715,22,194,0.6185,0.0494,224.2620,143.5089,82519.9844,20.7842,0,0,0,0,0,0,0,0,0,0,0,0,0,0.9993,0.0244,3.9979,0.0980,70.0449,1.7068,1.0002,0.0140,3.9877,0.0403,74.6831,1.0023,0.0000,0.0000,2.0073,85.0594,0.0000,0.0000,0.9555,50.4952,37.5514,0.0002,0.0027,0.0000
405,715,22,194,0.6190,0.0495,224.2519,143.5089,82821.4375,20.7842,0,0,0,0,0,0,0,0,0,0,0,0,0,0.9993,0.0244,3.9979,0.0980,70.0449,1.7068,1.0002,0.0140,3.9877,0.0403,74.6831,1.0023,0.0000,0.0000,2.0073,85.0557,0.0000,0.0000,0.9555,50.4952,37.5514,0.0002,0.0027,0.0000
406,717,22,194,0.6196,0.0495,224.2416,143.5089,83121.2812,20.7842,0,0,0,0,0,0,0,0,0,0,0,0,0,0.9994,0.0245,3.9979,0.0979,70.0461,1.7115,1.0002,0.0140,3.9877,0.0403,74.6831,1.0023,0.0000,0.0000,2.0073,85.0519,0.0000,0.0000,0.9555,50.4952,37.5514,0.0002,0.0027,0.0000
407,723,22,194,0.6202,0.0495,224.2318,143.5089,83413.6562,20.7842,0,0,0,0,0,0,0,0,0,0,0,0,0,0.9992,0.0245,3.9982,0.0983,70.0411,1.7131,1.0002,0.0140,3.9877,0.0403,74.6831,1.0023,0.0000,0.0000,2.0073,85.0483,0.0000,0.0000,0.9555,50.4952,37.5514,0.0002,0.0027,0.0000
408,723,22,194,0.6207,0.0495,224.2217,143.5089,83705.0781,20.7842,0,0,0,0,0,0,0,0,0,0,0,0,0,0.9992,0.0245,3.9982,0.0983,70.0411,1.7131,1.0002,0.0140,3.9877,0.0403,74.6831,1.0023,0.0000,0.0000,2.0073,85.0445,0.0000,0.0000,0.9555,50.4952,37.5514,0.0002,0.0027,0.0000
409,723,22,194,0.6213,0.0495,224.2120,143.5089,83992.0234,20.7842,0,0,0,0,0,0,0,0,0,0,0,0,0,0.9992,0.0245,3.9982,0.0983,70.0411,1.7131,1.0002,0.0140,3.9877,0.0403,74.6831,1.0023,0.0000,0.0000,2.0073,85.0409,0.0000,0.0000,0.9555,50.4952,37.5514,0.0002,0.0027,0.0000
410,725,22,194,0.6219,0.0496,222.2580,144.7684,84231.0859,20.7842,0,0,0,0,0,0,0,0,0,0,0,0,0,0.9992,0.0245,3.9980,0.0983,70.0514,1.7230,1.0002,0.0140,3.9877,0.0403,74.6831,1.0023,0.0000,0.0000,1.8656,84.3201,0.0440,0.0000,0.9744,50.4959,37.5551,0.0001,0.0027,0.0000
411,725,22,194,0.6224,0.0496,222.2484,144.7684,84521.2266,20.7842,0,0,0,0,0,0,0,0,0,0,0,0,0,0.9992,0.0245,3.9980,0.0983,70.0514,1.7230,1.0002,0.0140,3.9877,0.0403,74.6831,1.0023,0.0000,0.0000,1.8656,84.3165,0.0000,0.0000,0.9744,50.4959,37.5551,0.0001,0.0027,0.0000
412,727,22,194,0.6230,0.0496,222.2385,144.7684,84815.1562,20.7842,0,0,0,0,0,0,0,0,0,0,0,0,0,0.9991,0.0246,3.9981,0.0983,70.0475,1.7243,1.0002,0.0140,3.9877,0.0403,74.6831,1.0023,0.0000,0.0000,1.8656,84.3129,0.0000,0.0000,0.9744,50.4959,37.5551,0.0001,0.0027,0.0000
413,732,22,194,0.6235,0.0497,222.2286,144.7684,85108.8672,20.7842,0,0,0,0,0,0,0,0,0,0,0,0,0,0.9991,0.0246,3.9984,0.0982,70.0454,1.7219,1.0002,0.0140,3.9877,0.0403,74.6831,1.0023,0.0000,0.0000,1.8656,84.3092,0.0000,0.0000,0.9744,50.4959,37.5551,0.0001,0.0027,0.0000
414,732,22,194,0.6241,0.0497,222.2186,144.7684,85406.9609,20.7842,0,0,0,0,0,0,0,0,0,0,0,0,0,0.9991,0.0246,3.9984,0.0982,70.0454,1.7219,1.0002,0.0140,3.9877,0.0403,74.6831,1.0023,0.0000,0.0000,1.8656,84.3056,0.0000,0.0000,0.9744,50.4959,37.5551,0.0001,0.0027,0.0000
415,732,22,194,0.6246,0.0497,222.2088,144.7684,85711.0781,20.7842,0,0,0,0,0,0,0,0,0,0,0,0,0,0.9991,0.0246,3.9984,0.0982,70.0454,1.7219,1.0002,0.0140,3.9877,0.0403,74.6831,1.0023,0.0000,0.0000,1.8656,84.3019,0.0000,0.0000,0.9744,50.4959,37.5551,0.0001,0.0027,0.0000
416,734,22,194,0.6252,0.0497,222.1986,144.7684,86013.5938,20.7842,0,0,0,0,0,0,0,0,0,0,0,0,0,0.9990,0.0247,3.9988,0.0984,70.0492,1.7225,1.0002,0.0140,3.9877,0.0403,74.6831,1.0023,0.0000,0.0000,1.8656,84.2982,0.0000,0.0000,0.9744,50.4959,37.5551,0.0001,0.0027,0.0000
417,736,22,194,0.6257,0.0498,222.1890,144.7684,86308.5625,20.7842,0,0,0,0,0,0,0,0,0,0,0,0,0,0.9991,0.0246,3.9988,0.0987,70.0528,1.7238,1.0002,0.0140,3.9877,0.0403,74.6831,1.0023,0.0000,0.0000,1.8656,84.2946,0.0000,0.0000,0.9744,50.4959,37.5551,0.0001,0.0027,0.0000
418,740,22,194,0.6263,0.0498,222.1790,144.7684,86602.6172,20.7842,0,0,0,0,0,0,0,0,0,0,0,0,0,0.9989,0.0247,3.9986,0.0986,70.0506,1.7224,1.0002,0.0140,3.9877,0.0403,74.6831,1.0023,0.0000,0.0000,1.8656,84.2909,0.0000,0.0000,0.9744,50.4959,37.5551,0.0001,0.0027,0.0000
419,742,22,194,0.6268,0.0498,222.1695,144.7684,86892.1484,20.7842,0,0,0,0,0,0,0,0,0,0,0,0,0,0.9989,0.0247,3.9988,0.0986,70.0417,1.7307,1.0002,0.0140,3.9877,0.0403,74.6831,1.0023,0.0000,0.0000,1.8656,84.2874,0.0000,0.0000,0.9744,50.4959,37.5551,0.0001,0.0027,0.0000
420,747,22,194,0.6274,0.0498,220.1988,145.9886,87132.4531,20.7842,0,0,0,0,0,0,0,0,0,0,0,0,0,0.9988,0.0248,3.9991,0.0988,70.0334,1.7286,1.0002,0.0140,3.9877,0.0403,74.6831,1.0023,0.0000,0.0000,1.7445,83.5610,0.0359,0.0000,0.9932,50.4967,37.5589,0.0001,0.0027,0.0000
421,750,22,194,0.6279,0.0499,220.1893,145.9886,87425.1406,20.7842,0,0,0,0,0,0,0,0,0,0,0,0,0,0.9989,0.0249,3.9995,0.0989,70.0420,1.7401,1.0002,0.0140,3.9877,0.0403,74.6831,1.0023,0.0000,0.0000,1.7445,83.5575,0.0000,0.0000,0.9932,50.4967,37.5589,0.0001,0.0027,0.0000
422,754,22,194,0.6284,0.0499,220.1796,145.9886,87721.6562,20.7842,0,0,0,0,0,0,0,0,0,0,0,0,0,0.9991,0.0251,3.9998,0.0988,70.0486,1.7454,1.0002,0.0140,3.9877,0.0403,74.6831,1.0023,0.0000,0.0000,1.7445,83.5539,0.0000,0.0000,0.9932,50.4967,37.5589,0.0001,0.0027,0.0000
423,758,22,194,0.6290,0.0499,220.1699,145.9886,88017.9141,20.7842,0,0,0,0,0,0,0,0,0,0,0,0,0,0.9990,0.0252,4.0002,0.0998,70.0529,1.7497,1.0002,0.0140,3.9877,0.0403,74.6831,1.0023,0.0000,0.0000,1.7445,83.5504,0.0000,0.0000,0.9932,50.4967,37.5589,0.0001,0.0027,0.0000
424,758,22,194,0.6295,0.0500,220.1601,145.9886,88318.6172,20.7842,0,0,0,0,0,0,0,0,0,0,0,0,0,0.9990,0.0252,4.0002,0.0998,70.0529,1.7497,1.0002,0.0140,3.9877,0.0403,74.6831,1.0023,0.0000,0.0000,1.7445,83.5468,0.0000,0.0000,0.9932,50.4967,37.5589,0.0001,0.0027,0.0000
425,757,22,194,0.6301,0.0500,220.1504,145.9886,88640.3516,20.7842,0,0,1,0,0,0,0,0,0,0,0,0,0,0.9990,0.0252,4.0002,0.0999,70.0529,1.7509,1.0002,0.0140,3.9877,0.0403,74.6831,1.0023,0.0000,0.0000,1.7445,83.5432,0.0000,0.0000,0.9932,50.4967,37.5589,0.0001,0.0027,0.0000
426,757,22,194,0.6306,0.0500,220.1404,145.9886,88945.4922,20.7842,0,0,0,0,0,0,0,0,0,0,0,0,0,0.9990,0.0252,4.0002,0.0999,70.0529,1.7509,1.0002,0.0140,3.9877,0.0403,74.6831,1.0023,0.0000,0.0000,1.7445,83.5395,0.0000,0.0000,0.9932,50.4967,37.5589,0.0001,0.0027,0.0000
427,757,22,194,0.6311,0.0500,231.2681,145.9886,89243.0000,20.7842,0,0,0,0,0,0,0,0,0,0,0,0,0,0.9990,0.0252,4.0002,0.0999,70.0529,1.7509,1.0002,0.0140,3.9877,0.0403,74.6831,1.0023,6.8485,2.3627,2.3511,88.5496,0.0000,1.2283,0.9932,50.4967,37.5589,0.0001,0.0116,0.0000
428,759,22,194,0.6316,0.0500,231.2601,145.9886,89539.6484,20.7842,0,0,0,0,0,0,0,0,0,0,0,0,0,0.9991,0.0252,4.0002,0.1001,70.0481,1.7511,1.0002,0.0140,3.9877,0.0403,74.6831,1.0023,0.0000,0.0000,2.3511,88.5460,0.0000,0.0000,0.9932,50.4967,37.5589,0.0001,0.0116,0.0000
429,759,22,194,0.6321,0.0501,231.2522,145.9886,89831.6797,20.7842,0,0,0,0,0,0,0,0,0,0,0,0,0,0.9991,0.0252,4.0002,0.1001,70.0481,1.7511,1.0002,0.0140,3.9877,0.0403,74.6831,1.0023,0.0000,0.0000,2.3511,88.5426,0.0000,0.0000,0.9932,50.4967,37.5589,0.0001,0.0116,0.0000
430,759,22,194,0.6326,0.0501,229.2757,146.6959,90070.0781,20.7842,0,0,0,0,0,0,0,0,0,0,0,0,0,0.9991,0.0252,4.0002,0.1001,70.0481,1.7511,1.0002,0.0140,3.9877,0.0403,74.6831,1.0023,0.0000,0.0000,2.1122,86.9909,0.9336,0.0000,1.0056,50.4859,37.5531,0.0081,0.0116,0.0000
431,761,22,194,0.6332,0.0501,229.2665,146.6959,90365.2578,20.7842,0,0,0,0,0,0,0,0,0,0,0,0,0,0.9992,0.0253,3.9998,0.1002,70.0575,1.7616,1.0002,0.0140,3.9877,0.0403,74.6831,1.0023,0.0000,0.0000,2.1122,86.9875,0.0000,0.0000,1.0056,50.4859,37.5531,0.0081,0.0116,0.0000
432,761,22,194,0.6337,0.0501,229.2570,146.6959,90664.2812,20.7842,0,0,0,0,0,0,0,0,0,0,0,0,0,0.9992,0.0253,3.9998,0.1002,70.0575,1.7616,1.0002,0.0140,3.9877,0.0403,74.6831,1.0023,0.0000,0.0000,2.1122,86.9840,0.0000,0.0000,1.0056,50.4859,37.5531,0.0081,0.0116,0.0000
433,764,22,194,0.6342,0.0502,229.2475,146.6959,90963.0469,20.7842,0,0,0,0,0,0,0,0,0,0,0,0,0,0.9992,0.0253,3.9998,0.1003,70.0564,1.7626,1.0002,0.0140,3.9877,0.0403,74.6831,1.0023,0.0000,0.0000,2.1122,86.9805,0.0000,0.0000,1.0056,50.4859,37.5531,0.0081,0.0116,0.0000
434,769,22,194,0.6347,0.0502,229.2379,146.6959,91266.3203,20.7842,0,0,0,0,0,0,0,0,0,0,0,0,0,0.9992,0.0253,3.9993,0.1007,70.0455,1.7653,1.0002,0.0140,3.9877,0.0403,74.6831,1.0023,0.0000,0.0000,2.1122,86.9770,0.0000,0.0000,1.0056,50.4859,37.5531,0.0081,0.0116,0.0000
435,769,22,194,0.6353,0.0502,229.2284,146.6959,91575.6172,20.7842,0,0,0,0,0,0,0,0,0,0,0,0,0,0.9992,0.0253,3.9993,0.1007,70.0455,1.7653,1.0002,0.0140,3.9877,0.0403,74.6831,1.0023,0.0000,0.0000,2.1122,86.9734,0.0000,0.0000,1.0056,50.4859,37.5531,0.0081,0.0116,0.0000
436,769,22,194,0.6358,0.0503,229.2186,146.6959,91883.3516,20.7842,0,0,0,0,0,0,0,0,0,0,0,0,0,0.9992,0.0253,3.9993,0.1007,70.0455,1.7653,1.0002,0.0140,3.9877,0.0403,74.6831,1.0023,0.0000,0.0000,2.1122,86.9698,0.0000,0.0000,1.0056,50.4859,37.5531,0.0081,0.0116,0.0000
437,770,22,194,0.6363,0.0503,229.2094,146.6959,92183.3516,20.7842,0,0,0,0,0,0,0,0,0,0,0,0,0,0.9992,0.0253,3.9992,0.1006,70.0382,1.7758,1.0002,0.0140,3.9877,0.0403,74.6831,1.0023,0.0000,0.0000,2.1122,86.9664,0.0000,0.0000,1.0056,50.4859,37.5531,0.0081,0.0116,0.0000
438,772,22,194,0.6368,0.0503,229.1998,146.6959,92482.5000,20.7842,0,0,0,0,0,0,0,0,0,0,0,0,0,0.9993,0.0254,3.9996,0.1007,70.0370,1.7736,1.0002,0.0140,3.9877,0.0403,74.6831,1.0023,0.0000,0.0000,2.1122,86.9629,0.0000,0.0000,1.0056,50.4859,37.5531,0.0081,0.0116,0.0000
439,774,22,194,0.6374,0.0503,229.1906,146.6959,92776.9688,20.7842,0,0,0,0,0,0,0,0,0,0,0,0,0,0.9994,0.0255,3.9990,0.1012,70.0365,1.7736,1.0002,0.0140,3.9877,0.0403,74.6831,1.0023,0.0000,0.0000,2.1122,86.9595,0.0000,0.0000,1.0056,50.4859,37.5531,0.0081,0.0116,0.0000
440,776,22,194,0.6379,0.0503,227.2181,147.9660,93016.3750,20.7842,0,0,0,0,0,0,0,0,0,0,0,0,0,0.9994,0.0256,3.9994,0.1013,70.0334,1.7736,1.0002,0.0140,3.9877,0.0403,74.6831,1.0023,0.0000,0.0000,1.9376,86.2297,0.0611,0.0000,1.0259,50.4868,37.5576,0.0002,0.0116,0.0000
441,778,22,194,0.6384,0.0504,227.2090,147.9660,93313.9766,20.7842,0,0,0,0,0,0,0,0,0,0,0,0,0,0.9994,0.0255,3.9994,0.1012,70.0320,1.7744,1.0002,0.0140,3.9877,0.0403,74.6831,1.0023,0.0000,0.0000,1.9376,86.2263,0.0000,0.0000,1.0259,50.4868,37.5576,0.0002,0.0116,0.0000
442,779,22,194,0.6389,0.0504,227.1997,147.9660,93615.4766,20.7842,0,0,0,0,0,0,0,0,0,0,0,0,0,0.9994,0.0255,3.9996,0.1013,70.0363,1.7773,1.0002,0.0140,3.9877,0.0403,74.6831,1.0023,0.0000,0.0000,1.9376,86.2229,0.0000,0.0000,1.0259,50.4868,37.5576,0.0002,0.0116,0.0000
443,782,22,194,0.6395,0.0504,227.1903,147.9660,93916.7109,20.7842,0,0,0,0,0,0,0,0,0,0,0,0,0,0.9994,0.0257,3.9999,0.1016,70.0394,1.7827,1.0002,0.0140,3.9877,0.0403,74.6831,1.0023,0.0000,0.0000,1.9376,86.2195,0.0000,0.0000,1.0259,50.4868,37.5576,0.0002,0.0116,0.0000
444,784,22,194,0.6400,0.0505,227.1808,147.9660,94222.4922,20.7842,0,0,0,0,0,0,0,0,0,0,0,0,0,0.9994,0.0257,4.0000,0.1016,70.0340,1.7844,1.0002,0.0140,3.9877,0.0403,74.6831,1.0023,0.0000,0.0000,1.9376,86.2160,0.0000,0.0000,1.0259,50.4868,37.5576,0.0002,0.0116,0.0000
445,784,22,194,0.6405,0.0505,227.1716,147.9660,94534.3125,20.7842,0,0,0,0,0,0,0,0,0,0,0,0,0,0.9994,0.0257,4.0000,0.1016,70.0340,1.7844,1.0002,0.0140,3.9877,0.0403,74.6831,1.0023,0.0000,0.0000,1.9376,86.2126,0.0000,0.0000,1.0259,50.4868,37.5576,0.0002,0.0116,0.0000
446,786,22,194,0.6410,0.0505,227.1619,147.9660,94844.5859,20.7842,0,0,0,0,0,0,0,0,0,0,0,0,0,0.9994,0.0257,3.9997,0.1016,70.0311,1.7851,1.0002,0.0140,3.9877,0.0403,74.6831,1.0023,0.0000,0.0000,1.9376,86.2090,0.0000,0.0000,1.0259,50.4868,37.5576,0.0002,0.0116,0.0000
447,789,22,194,0.6415,0.0505,227.1529,147.9660,95147.0391,20.7842,0,0,0,0,0,0,0,0,0,0,0,0,0,0.9994,0.0258,3.9999,0.1016,70.0274,1.7931,1.0002,0.0140,3.9877,0.0403,74.6831,1.0023,0.0000,0.0000,1.9376,86.2056,0.0000,0.0000,1.0259,50.4868,37.5576,0.0002,0.0116,0.0000
448,790,22,194,0.6421,0.0506,227.1435,147.9660,95448.7031,20.7842,0,0,0,0,0,0,0,0,0,0,0,0,0,0.9993,0.0258,4.0001,0.1018,70.0262,1.7922,1.0002,0.0140,3.9877,0.0403,74.6831,1.0023,0.0000,0.0000,1.9376,86.2022,0.0000,0.0000,1.0259,50.4868,37.5576,0.0002,0.0116,0.0000
449,789,22,194,0.6426,0.0506,227.1344,147.9660,95760.6016,20.7842,0,0,1,0,0,0,0,0,0,0,0,0,0,0.9993,0.0258,4.0001,0.1018,70.0263,1.7934,1.0002,0.0140,3.9877,0.0403,74.6831,1.0023,0.0000,0.0000,1.9376,86.1988,0.0000,0.0000,1.0259,50.4868,37.5576,0.0002,0.0116,0.0000
450,794,22,207,0.6431,0.0506,225.0961,149.1048,96001.0781,20.7842,0,0,0,0,0,0,0,0,0,0,0,0,0,0.9993,0.0258,3.9999,0.1025,70.0332,1.8021,1.0002,0.0140,3.9877,0.0403,74.6831,1.0023,0.0000,0.0000,1.8100,85.4463,0.0318,0.0000,1.0456,50.4874,37.5603,0.0000,0.0116,0.0000
451,794,22,207,0.6436,0.0506,225.0872,149.1048,96301.0469,20.7842,0,0,0,0,0,0,0,0,0,0,0,0,0,0.9993,0.0258,3.9999,0.1025,70.0332,1.8021,1.0002,0.0140,3.9877,0.0403,74.6831,1.0023,0.0000,0.0000,1.8100,85.4430,0.0000,0.0000,1.0456,50.4874,37.5603,0.0000,0.0116,0.0000
452,793,22,207,0.6441,0.0507,225.0781,149.1048,96619.9844,20.7842,0,0,1,0,0,0,0,0,0,0,0,0,0,0.9993,0.0258,3.9999,0.1026,70.0333,1.8032,1.0002,0.0140,3.9877,0.0403,74.6831,1.0023,0.0000,0.0000,1.8100,85.4396,0.0000,0.0000,1.0456,50.4874,37.5603,0.0000,0.0116,0.0000
453,795,22,207,0.6446,0.0507,225.0689,149.1048,96923.6328,20.7842,0,0,0,0,0,0,0,0,0,0,0,0,0,0.9992,0.0259,3.9996,0.1027,70.0359,1.8038,1.0002,0.0140,3.9877,0.0403,74.6831,1.0023,0.0000,0.0000,1.8100,85.4362,0.0000,0.0000,1.0456,50.4874,37.5603,0.0000,0.0116,0.0000
454,797,22,207,0.6451,0.0507,225.0596,149.1048,97231.8672,20.7842,0,0,0,0,0,0,0,0,0,0,0,0,0,0.9993,0.0259,3.9995,0.1027,70.0390,1.8029,1.0002,0.0140,3.9877,0.0403,74.6831,1.0023,0.0000,0.0000,1.8100,85.4328,0.0000,0.0000,1.0456,50.4874,37.5603,0.0000,0.0116,0.0000
455,795,22,207,0.6456,0.0507,225.0505,149.1048,97576.1562,20.7842,0,0,2,0,0,0,0,0,0,0,0,0,0,0.9993,0.0260,3.9995,0.1028,70.0390,1.8052,1.0002,0.0140,3.9877,0.0403,74.6831,1.0023,0.0000,0.0000,1.8100,85.4294,0.0000,0.0000,1.0456,50.4874,37.5603,0.0000,0.0116,0.0000
456,796,22,207,0.6461,0.0508,225.0410,149.1048,97888.9062,20.7842,0,0,0,0,0,0,0,0,0,0,0,0,0,0.9993,0.0259,3.9997,0.1029,70.0431,1.8076,1.0002,0.0140,3.9877,0.0403,74.6831,1.0023,0.0000,0.0000,1.8100,85.4260,0.0000,0.0000,1.0456,50.4874,37.5603,0.0000,0.0116,0.0000
457,796,22,207,0.6466,0.0508,225.0322,149.1048,98193.7578,20.7842,0,0,0,0,0,0,0,0,0,0,0,0,0,0.9993,0.0259,3.9997,0.1029,70.0431,1.8076,1.0002,0.0140,3.9877,0.0403,74.6831,1.0023,0.0000,0.0000,1.8100,85.4227,0.0000,0.0000,1.0456,50.4874,37.5603,0.0000,0.0116,0.0000
458,803,22,207,0.6472,0.0508,225.0229,149.1048,98497.8828,20.7842,0,0,0,0,0,0,0,0,0,0,0,0,0,0.9990,0.0261,3.9998,0.1035,70.0435,1.8165,1.0002,0.0140,3.9877,0.0403,74.6831,1.0023,0.0000,0.0000,1.8100,85.4192,0.0000,0.0000,1.0456,50.4874,37.5603,0.0000,0.0116,0.0000
459,803,22,207,0.6477,0.0508,225.0140,149.1048,98797.1719,20.7842,0,0,0,0,0,0,0,0,0,0,0,0,0,0.9990,0.0261,3.9998,0.1035,70.0435,1.8165,1.0002,0.0140,3.9877,0.0403,74.6831,1.0023,0.0000,0.0000,1.8100,85.4160,0.0000,0.0000,1.0456,50.4874,37.5603,0.0000,0.0116,0.0000
460,804,22,207,0.6482,0.0509,222.9957,150.3103,99038.6641,20.7842,0,0,0,0,0,0,0,0,0,0,0,0,0,0.9990,0.0261,4.0000,0.1037,70.0463,1.8171,1.0002,0.0140,3.9877,0.0403,74.6831,1.0023,0.0000,0.0000,1.7025,84.6721,0.0252,0.0000,1.0657,50.4882,37.5651,0.0000,0.0116,0.0000
461,804,22,207,0.6487,0.0509,222.9869,150.3103,99355.9609,20.7842,0,0,1,0,0,0,0,0,0,0,0,0,0,0.9989,0.0260,4.0001,0.1036,70.0421,1.8152,1.0002,0.0140,3.9877,0.0403,74.6831,1.0023,0.0000,0.0000,1.7025,84.6688,0.0000,0.0000,1.0657,50.4882,37.5651,0.0000,0.0116,0.0000
462,805,22,207,0.6492,0.0509,222.9779,150.3103,99662.2969,20.7842,0,0,0,0,0,0,0,0,0,0,0,0,0,0.9989,0.0260,3.9998,0.1038,70.0442,1.8150,1.0002,0.0140,3.9877,0.0403,74.6831,1.0023,0.0000,0.0000,1.7025,84.6655,0.0000,0.0000,1.0657,50.4882,37.5651,0.0000,0.0116,0.0000
463,808,22,207,0.6497,0.0510,222.9689,150.3103,99968.3594,20.7842,0,0,0,0,0,0,0,0,0,0,0,0,0,0.9989,0.0261,3.9994,0.1041,70.0474,1.8155,1.0002,0.0140,3.9877,0.0403,74.6831,1.0023,0.0000,0.0000,1.7025,84.6622,0.0000,0.0000,1.0657,50.4882,37.5651,0.0000,0.0116,0.0000
464,808,22,207,0.6502,0.0510,222.9597,150.3103,100278.9688,20.7842,0,0,0,0,0,0,0,0,0,0,0,0,0,0.9989,0.0261,3.9994,0.1041,70.0474,1.8155,1.0002,0.0140,3.9877,0.0403,74.6831,1.0023,0.0000,0.0000,1.7025,84.6589,0.0000,0.0000,1.0657,50.4882,37.5651,0.0000,0.0116,0.0000
465,808,22,207,0.6507,0.0510,222.9508,150.3103,100595.6719,20.7842,0,0,0,0,0,0,0,0,0,0,0,0,0,0.9989,0.0261,3.9994,0.1041,70.0474,1.8155,1.0002,0.0140,3.9877,0.0403,74.6831,1.0023,0.0000,0.0000,1.7025,84.6555,0.0000,0.0000,1.0657,50.4882,37.5651,0.0000,0.0116,0.0000
466,808,22,207,0.6512,0.0510,222.9415,150.3103,100910.8359,20.7842,0,0,0,0,0,0,0,0,0,0,0,0,0,0.9989,0.0261,3.9994,0.1041,70.0474,1.8155,1.0002,0.0140,3.9877,0.0403,74.6831,1.0023,0.0000,0.0000,1.7025,84.6521,0.0000,0.0000,1.0657,50.4882,37.5651,0.0000,0.0116,0.0000
467,810,22,207,0.6516,0.0511,222.9328,150.3103,101218.0234,20.7842,0,0,0,0,0,0,0,0,0,0,0,0,0,0.9989,0.0263,3.9991,0.1042,70.0360,1.8286,1.0002,0.0140,3.9877,0.0403,74.6831,1.0023,0.0000,0.0000,1.7025,84.6489,0.0000,0.0000,1.0657,50.4882,37.5651,0.0000,0.0116,0.0000
468,812,22,207,0.6521,0.0511,222.9237,150.3103,101524.5703,20.7842,0,0,0,0,0,0,0,0,0,0,0,0,0,0.9989,0.0263,3.9992,0.1042,70.0333,1.8277,1.0002,0.0140,3.9877,0.0403,74.6831,1.0023,0.0000,0.0000,1.7025,84.6455,0.0000,0.0000,1.0657,50.4882,37.5651,0.0000,0.0116,0.0000
469,816,22,207,0.6526,0.0511,222.9151,150.3103,101826.2031,20.7842,0,0,0,0,0,0,0,0,0,0,0,0,0,0.9988,0.0263,3.9993,0.1042,70.0336,1.8250,1.0002,0.0140,3.9877,0.0403,74.6831,1.0023,0.0000,0.0000,1.7025,84.6423,0.0000,0.0000,1.0657,50.4882,37.5651,0.0000,0.0116,0.0000
470,818,22,207,0.6532,0.0511,220.8840,151.4766,102068.7188,20.7842,0,0,0,0,0,0,0,0,0,0,0,0,0,0.9989,0.0262,3.9994,0.1043,70.0330,1.8254,1.0002,0.0140,3.9877,0.0403,74.6831,1.0023,0.0000,0.0000,1.6092,83.8940,0.0208,0.0000,1.0856,50.4891,37.5699,0.0000,0.0116,0.0000
471,820,22,207,0.6536,0.0512,220.8754,151.4766,102373.3047,20.7842,0,0,0,0,0,0,0,0,0,0,0,0,0,0.9988,0.0263,3.9995,0.1043,70.0261,1.8295,1.0002,0.0140,3.9877,0.0403,74.6831,1.0023,0.0000,0.0000,1.6092,83.8908,0.0000,0.0000,1.0856,50.4891,37.5699,0.0000,0.0116,0.0000
472,820,22,207,0.6541,0.0512,220.8666,151.4766,102681.9922,20.7842,0,0,0,0,0,0,0,0,0,0,0,0,0,0.9988,0.0263,3.9995,0.1043,70.0261,1.8295,1.0002,0.0140,3.9877,0.0403,74.6831,1.0023,0.0000,0.0000,1.6092,83.8875,0.0000,0.0000,1.0856,50.4891,37.5699,0.0000,0.0116,0.0000
473,822,22,207,0.6546,0.0512,220.8577,151.4766,102990.4062,20.7842,0,0,0,0,0,0,0,0,0,0,0,0,0,0.9988,0.0263,3.9995,0.1042,70.0307,1.8325,1.0002,0.0140,3.9877,0.0403,74.6831,1.0023,0.0000,0.0000,1.6092,83.8843,0.0000,0.0000,1.0856,50.4891,37.5699,0.0000,0.0116,0.0000
474,824,22,207,0.6551,0.0513,220.8488,151.4766,103303.3672,20.7842,0,0,0,0,0,0,0,0,0,0,0,0,0,0.9989,0.0264,3.9996,0.1041,70.0269,1.8343,1.0002,0.0140,3.9877,0.0403,74.6831,1.0023,0.0000,0.0000,1.6092,83.8810,0.0000,0.0000,1.0856,50.4891,37.5699,0.0000,0.0116,0.0000
475,824,22,207,0.6556,0.0513,220.8400,151.4766,103622.3906,20.7842,0,0,0,0,0,0,0,0,0,0,0,0,0,0.9989,0.0264,3.9996,0.1041,70.0269,1.8343,1.0002,0.0140,3.9877,0.0403,74.6831,1.0023,0.0000,0.0000,1.6092,83.8778,0.0000,0.0000,1.0856,50.4891,37.5699,0.0000,0.0116,0.0000
476,824,22,207,0.6561,0.0513,220.8309,151.4766,103939.9609,20.7842,0,0,0,0,0,0,0,0,0,0,0,0,0,0.9989,0.0264,3.9996,0.1041,70.0269,1.8343,1.0002,0.0140,3.9877,0.0403,74.6831,1.0023,0.0000,0.0000,1.6092,83.8744,0.0000,0.0000,1.0856,50.4891,37.5699,0.0000,0.0116,0.0000
477,824,22,207,0.6566,0.0513,220.8224,151.4766,104249.4453,20.7842,0,0,0,0,0,0,0,0,0,0,0,0,0,0.9989,0.0264,3.9996,0.1041,70.0269,1.8343,1.0002,0.0140,3.9877,0.0403,74.6831,1.0023,0.0000,0.0000,1.6092,83.8712,0.0000,0.0000,1.0856,50.4891,37.5699,0.0000,0.0116,0.0000
478,824,22,207,0.6571,0.0514,220.8134,151.4766,104558.3750,20.7842,0,0,0,0,0,0,0,0,0,0,0,0,0,0.9989,0.0264,3.9996,0.1041,70.0269,1.8343,1.0002,0.0140,3.9877,0.0403,74.6831,1.0023,0.0000,0.0000,1.6092,83.8679,0.0000,0.0000,1.0856,50.4891,37.5699,0.0000,0.0116,0.0000
479,826,22,207,0.6575,0.0514,220.8049,151.4766,104862.2969,20.7842,0,0,0,0,0,0,0,0,0,0,0,0,0,0.9990,0.0264,3.9999,0.1042,70.0245,1.8328,1.0002,0.0140,3.9877,0.0403,74.6831,1.0023,0.0000,0.0000,1.6092,83.8648,0.0000,0.0000,1.0856,50.4891,37.5699,0.0000,0.0116,0.0000
480,826,22,207,0.6580,0.0514,218.7624,152.6051,105135.8125,20.7842,0,0,2,0,0,0,0,0,0,0,0,0,0,0.9991,0.0264,3.9998,0.1045,70.0288,1.8439,1.0002,0.0140,3.9877,0.0403,74.6831,1.0023,0.0000,0.0000,1.5255,83.1122,0.0190,0.0000,1.1053,50.4899,37.5746,0.0000,0.0116,0.0000
481,829,22,207,0.6585,0.0514,218.7539,152.6051,105442.6562,20.7842,0,0,0,0,0,0,0,0,0,0,0,0,0,0.9992,0.0264,3.9994,0.1047,70.0267,1.8458,1.0002,0.0140,3.9877,0.0403,74.6831,1.0023,0.0000,0.0000,1.5255,83.1091,0.0000,0.0000,1.1053,50.4899,37.5746,0.0000,0.0116,0.0000
482,836,22,207,0.6590,0.0515,218.7453,152.6051,105753.6484,20.7842,0,0,0,0,0,0,0,0,0,0,0,0,0,0.9993,0.0265,3.9988,0.1051,70.0200,1.8424,1.0002,0.0140,3.9877,0.0403,74.6831,1.0023,0.0000,0.0000,1.5255,83.1059,0.0000,0.0000,1.1053,50.4899,37.5746,0.0000,0.0116,0.0000
483,836,22,207,0.6595,0.0515,218.7366,152.6051,106064.3516,20.7842,0,0,0,0,0,0,0,0,0,0,0,0,0,0.9993,0.0265,3.9988,0.1051,70.0200,1.8424,1.0002,0.0140,3.9877,0.0403,74.6831,1.0023,0.0000,0.0000,1.5255,83.1027,0.0000,0.0000,1.1053,50.4899,37.5746,0.0000,0.0116,0.0000
484,839,22,207,0.6599,0.0515,231.6561,152.6051,106379.6172,20.7842,0,0,0,0,0,0,0,0,0,0,0,0,0,0.9994,0.0265,3.9993,0.1054,70.0238,1.8531,1.0002,0.0140,3.9877,0.0403,74.6831,1.0023,7.6274,2.6325,2.2905,88.6522,0.0000,1.3098,1.1053,50.4899,37.5746,0.0000,0.0109,0.0000
485,839,22,207,0.6604,0.0516,231.6486,152.6051,106700.8984,20.7842,0,0,0,0,0,0,0,0,0,0,0,0,0,0.9994,0.0265,3.9993,0.1054,70.0238,1.8531,1.0002,0.0140,3.9877,0.0403,74.6831,1.0023,0.0000,0.0000,2.2905,88.6490,0.0000,0.0000,1.1053,50.4899,37.5746,0.0000,0.0109,0.0000
486,839,22,207,0.6609,0.0516,231.6412,152.6051,107020.8359,20.7842,0,0,0,0,0,0,0,0,0,0,0,0,0,0.9994,0.0265,3.9993,0.1054,70.0238,1.8531,1.0002,0.0140,3.9877,0.0403,74.6831,1.0023,0.0000,0.0000,2.2905,88.6458,0.0000,0.0000,1.1053,50.4899,37.5746,0.0000,0.0109,0.0000
487,845,22,207,0.6613,0.0516,231.6339,152.6051,107332.5547,20.7842,0,0,0,0,0,0,0,0,0,0,0,0,0,0.9992,0.0266,3.9993,0.1057,70.0323,1.8601,1.0002,0.0140,3.9877,0.0403,74.6831,1.0023,0.0000,0.0000,2.2905,88.6427,0.0000,0.0000,1.1053,50.4899,37.5746,0.0000,0.0109,0.0000
488,851,22,207,0.6618,0.0516,231.6267,152.6051,107643.8203,20.7842,0,0,0,0,0,0,0,0,0,0,0,0,0,0.9992,0.0266,4.0003,0.1066,70.0314,1.8606,1.0002,0.0140,3.9877,0.0403,74.6831,1.0023,0.0000,0.0000,2.2905,88.6396,0.0000,0.0000,1.1053,50.4899,37.5746,0.0000,0.0109,0.0000
489,855,22,207,0.6622,0.0516,231.6196,152.6051,107949.9766,20.7842,0,0,0,0,0,0,0,0,0,0,0,0,0,0.9992,0.0266,4.0003,0.1067,70.0330,1.8668,1.0002,0.0140,3.9877,0.0403,74.6831,1.0023,0.0000,0.0000,2.2905,88.6365,0.0000,0.0000,1.1053,50.4899,37.5746,0.0000,0.0109,0.0000
490,858,22,207,0.6626,0.0517,229.6264,153.2873,108190.1484,20.7842,0,0,0,0,0,0,0,0,0,0,0,0,0,0.9991,0.0266,4.0011,0.1075,70.0321,1.8671,1.0002,0.0140,3.9877,0.0403,74.6831,1.0023,0.0000,0.0000,2.0437,87.1790,0.8237,0.0000,1.1188,50.4799,37.5713,0.0081,0.0109,0.0000
491,860,22,207,0.6631,0.0517,229.6181,153.2873,108499.1797,20.7842,0,0,0,0,0,0,0,0,0,0,0,0,0,0.9992,0.0266,4.0013,0.1076,70.0280,1.8716,1.0002,0.0140,3.9877,0.0403,74.6831,1.0023,0.0000,0.0000,2.0437,87.1759,0.0000,0.0000,1.1188,50.4799,37.5713,0.0081,0.0109,0.0000
492,860,22,207,0.6635,0.0517,229.6097,153.2873,108812.4375,20.7842,0,0,0,0,0,0,0,0,0,0,0,0,0,0.9992,0.0266,4.0013,0.1076,70.0280,1.8716,1.0002,0.0140,3.9877,0.0403,74.6831,1.0023,0.0000,0.0000,2.0437,87.1728,0.0000,0.0000,1.1188,50.4799,37.5713,0.0081,0.0109,0.0000
493,861,22,207,0.6640,0.0518,229.6012,153.2873,109125.3750,20.7842,0,0,0,0,0,0,0,0,0,0,0,0,0,0.9991,0.0266,4.0012,0.1075,70.0267,1.8709,1.0002,0.0140,3.9877,0.0403,74.6831,1.0023,0.0000,0.0000,2.0437,87.1697,0.0000,0.0000,1.1188,50.4799,37.5713,0.0081,0.0109,0.0000
494,861,22,207,0.6645,0.0518,229.5926,153.2873,109442.8750,20.7842,0,0,0,0,0,0,0,0,0,0,0,0,0,0.9991,0.0266,4.0012,0.1075,70.0267,1.8709,1.0002,0.0140,3.9877,0.0403,74.6831,1.0023,0.0000,0.0000,2.0437,87.1665,0.0000,0.0000,1.1188,50.4799,37.5713,0.0081,0.0109,0.0000
495,863,22,207,0.6649,0.0518,229.5842,153.2873,109766.3359,20.7842,0,0,0,0,0,0,0,0,0,0,0,0,0,0.9992,0.0266,4.0012,0.1074,70.0257,1.8715,1.0002,0.0140,3.9877,0.0403,74.6831,1.0023,0.0000,0.0000,2.0437,87.1634,0.0000,0.0000,1.1188,50.4799,37.5713,0.0081,0.0109,0.0000
496,862,22,207,0.6654,0.0518,229.5754,153.2873,110103.5156,20.7842,0,0,1,0,0,0,0,0,0,0,0,0,0,0.9992,0.0266,4.0013,0.1075,70.0258,1.8726,1.0002,0.0140,3.9877,0.0403,74.6831,1.0023,0.0000,0.0000,2.0437,87.1602,0.0000,0.0000,1.1188,50.4799,37.5713,0.0081,0.0109,0.0000
497,866,22,207,0.6658,0.0518,229.5672,153.2873,110417.4219,20.7842,0,0,0,0,0,0,0,0,0,0,0,0,0,0.9992,0.0266,4.0008,0.1081,70.0243,1.8822,1.0002,0.0140,3.9877,0.0403,74.6831,1.0023,0.0000,0.0000,2.0437,87.1572,0.0000,0.0000,1.1188,50.4799,37.5713,0.0081,0.0109,0.0000
498,866,22,207,0.6663,0.0519,229.5587,153.2873,110730.8672,20.7842,0,0,0,0,0,0,0,0,0,0,0,0,0,0.9992,0.0266,4.0008,0.1081,70.0243,1.8822,1.0002,0.0140,3.9877,0.0403,74.6831,1.0023,0.0000,0.0000,2.0437,87.1540,0.0000,0.0000,1.1188,50.4799,37.5713,0.0081,0.0109,0.0000
499,868,22,207,0.6668,0.0519,229.5505,153.2873,111039.1484,20.7842,0,0,0,0,0,0,0,0,0,0,0,0,0,0.9994,0.0267,4.0006,0.1081,70.0263,1.8856,1.0002,0.0140,3.9877,0.0403,74.6831,1.0023,0.0000,0.0000,2.0437,87.1510,0.0000,0.0000,1.1188,50.4799,37.5713,0.0081,0.0109,0.0000
500,869,22,221,0.6673,0.0519,227.4727,154.3461,111280.1094,22.5741,0,0,0,0,0,0,0,0,0,0,0,0,0,0.9994,0.0267,4.0008,0.1081,70.0243,1.8854,1.0002,0.0140,3.9877,0.0403,74.6831,1.0023,0.0000,0.0000,1.8776,86.3819,0.0538,0.0000,1.1397,50.4807,37.5746,0.0002,0.0109,0.0000
501,871,22,221,0.6677,0.0520,227.4646,154.3461,111606.2656,22.5741,0,0,1,0,0,0,0,0,0,0,0,0,0,0.9994,0.0267,4.0004,0.1088,70.0215,1.8846,1.0002,0.0140,3.9877,0.0403,74.6831,1.0023,0.0000,0.0000,1.8776,86.3789,0.0000,0.0000,1.1397,50.4807,37.5746,0.0002,0.0109,0.0000
502,873,22,221,0.6682,0.0520,227.4563,154.3461,111921.7188,22.5741,0,0,0,0,0,0,0,0,0,0,0,0,0,0.9994,0.0268,4.0001,0.1091,70.0306,1.8928,1.0002,0.0140,3.9877,0.0403,74.6831,1.0023,0.0000,0.0000,1.8776,86.3758,0.0000,0.0000,1.1397,50.4807,37.5746,0.0002,0.0109,0.0000
503,873,22,221,0.6686,0.0520,227.4480,154.3461,112236.8516,22.5741,0,0,0,0,0,0,0,0,0,0,0,0,0,0.9994,0.0268,4.0001,0.1091,70.0306,1.8928,1.0002,0.0140,3.9877,0.0403,74.6831,1.0023,0.0000,0.0000,1.8776,86.3727,0.0000,0.0000,1.1397,50.4807,37.5746,0.0002,0.0109,0.0000
504,873,22,221,0.6691,0.0521,227.4396,154.3461,112556.5391,22.5741,0,0,0,0,0,0,0,0,0,0,0,0,0,0.9994,0.0268,4.0001,0.1091,70.0306,1.8928,1.0002,0.0140,3.9877,0.0403,74.6831,1.0023,0.0000,0.0000,1.8776,86.3697,0.0000,0.0000,1.1397,50.4807,37.5746,0.0002,0.0109,0.0000
505,875,22,221,0.6695,0.0521,227.4313,154.3461,112882.1797,22.5741,0,0,0,0,0,0,0,0,0,0,0,0,0,0.9994,0.0268,4.0002,0.1090,70.0289,1.8921,1.0002,0.0140,3.9877,0.0403,74.6831,1.0023,0.0000,0.0000,1.8776,86.3666,0.0000,0.0000,1.1397,50.4807,37.5746,0.0002,0.0109,0.0000
506,875,22,221,0.6700,0.0521,227.4227,154.3461,113206.6094,22.5741,0,0,0,0,0,0,0,0,0,0,0,0,0,0.9994,0.0268,4.0002,0.1090,70.0289,1.8921,1.0002,0.0140,3.9877,0.0403,74.6831,1.0023,0.0000,0.0000,1.8776,86.3634,0.0000,0.0000,1.1397,50.4807,37.5746,0.0002,0.0109,0.0000
507,874,22,221,0.6704,0.0521,227.4147,154.3461,113537.6641,22.5741,0,0,1,0,0,0,0,0,0,0,0,0,0,0.9994,0.0268,4.0002,0.1090,70.0290,1.8932,1.0002,0.0140,3.9877,0.0403,74.6831,1.0023,0.0000,0.0000,1.8776,86.3605,0.0000,0.0000,1.1397,50.4807,37.5746,0.0002,0.0109,0.0000
508,874,22,221,0.6709,0.0522,227.4063,154.3461,113868.3359,22.5741,0,0,1,0,0,0,0,0,0,0,0,0,0,0.9995,0.0270,3.9997,0.1093,70.0260,1.8986,1.0002,0.0140,3.9877,0.0403,74.6831,1.0023,0.0000,0.0000,1.8776,86.3574,0.0000,0.0000,1.1397,50.4807,37.5746,0.0002,0.0109,0.0000
509,874,22,221,0.6713,0.0522,227.3983,154.3461,114178.7188,22.5741,0,0,0,0,0,0,0,0,0,0,0,0,0,0.9995,0.0270,3.9997,0.1093,70.0260,1.8986,1.0002,0.0140,3.9877,0.0403,74.6831,1.0023,0.0000,0.0000,1.8776,86.3544,0.0000,0.0000,1.1397,50.4807,37.5746,0.0002,0.0109,0.0000
510,876,22,221,0.6718,0.0522,225.2306,155.6828,114413.7734,22.5741,0,0,0,0,0,0,0,0,0,0,0,0,0,0.9995,0.0270,4.0000,0.1094,70.0262,1.9037,1.0002,0.0140,3.9877,0.0403,74.6831,1.0023,0.0000,0.0000,1.7504,85.5549,0.0280,0.0000,1.1642,50.4818,37.5824,0.0000,0.0109,0.0000
511,876,22,221,0.6723,0.0522,225.2226,155.6828,114727.0312,22.5741,0,0,0,0,0,0,0,0,0,0,0,0,0,0.9995,0.0270,4.0000,0.1094,70.0262,1.9037,1.0002,0.0140,3.9877,0.0403,74.6831,1.0023,0.0000,0.0000,1.7504,85.5519,0.0000,0.0000,1.1642,50.4818,37.5824,0.0000,0.0109,0.0000
512,879,22,221,0.6727,0.0523,225.2144,155.6828,115044.6484,22.5741,0,0,0,0,0,0,0,0,0,0,0,0,0,0.9995,0.0270,4.0002,0.1097,70.0304,1.9054,1.0002,0.0140,3.9877,0.0403,74.6831,1.0023,0.0000,0.0000,1.7504,85.5489,0.0000,0.0000,1.1642,50.4818,37.5824,0.0000,0.0109,0.0000
513,885,22,221,0.6732,0.0523,225.2062,155.6828,115361.9297,22.5741,0,0,0,0,0,0,0,0,0,0,0,0,0,0.9993,0.0271,4.0003,0.1096,70.0372,1.9108,1.0002,0.0140,3.9877,0.0403,74.6831,1.0023,0.0000,0.0000,1.7504,85.5459,0.0000,0.0000,1.1642,50.4818,37.5824,0.0000,0.0109,0.0000
514,888,22,221,0.6736,0.0523,225.1980,155.6828,115683.7656,22.5741,0,0,0,0,0,0,0,0,0,0,0,0,0,0.9993,0.0271,3.9998,0.1099,70.0312,1.9196,1.0002,0.0140,3.9877,0.0403,74.6831,1.0023,0.0000,0.0000,1.7504,85.5429,0.0000,0.0000,1.1642,50.4818,37.5824,0.0000,0.0109,0.0000
515,888,22,221,0.6741,0.0523,229.3864,155.6828,116011.5625,22.5741,0,0,0,0,0,0,0,0,0,0,0,0,0,0.9993,0.0271,3.9998,0.1099,70.0312,1.9196,1.0002,0.0140,3.9877,0.0403,74.6831,1.0023,2.3037,0.7268,2.1092,87.2607,0.0000,0.2241,1.1642,50.4818,37.5824,0.0000,0.0009,0.0000
516,891,22,221,0.6745,0.0524,229.3786,155.6828,116338.2031,22.5741,0,0,0,0,0,0,0,0,0,0,0,0,0,0.9993,0.0271,3.9998,0.1097,70.0290,1.9213,1.0002,0.0140,3.9877,0.0403,74.6831,1.0023,0.0000,0.0000,2.1092,87.2576,0.0000,0.0000,1.1642,50.4818,37.5824,0.0000,0.0009,0.0000
517,891,22,221,0.6749,0.0524,229.3710,155.6828,116656.3672,22.5741,0,0,0,0,0,0,0,0,0,0,0,0,0,0.9993,0.0271,3.9998,0.1097,70.0290,1.9213,1.0002,0.0140,3.9877,0.0403,74.6831,1.0023,0.0000,0.0000,2.1092,87.2547,0.0000,0.0000,1.1642,50.4818,37.5824,0.0000,0.0009,0.0000
518,894,22,221,0.6754,0.0524,229.3634,155.6828,116974.2422,22.5741,0,0,0,0,0,0,0,0,0,0,0,0,0,0.9993,0.0271,3.9995,0.1098,70.0270,1.9267,1.0002,0.0140,3.9877,0.0403,74.6831,1.0023,0.0000,0.0000,2.1092,87.2517,0.0000,0.0000,1.1642,50.4818,37.5824,0.0000,0.0009,0.0000
519,900,22,221,0.6758,0.0524,229.3560,155.6828,117286.7031,22.5741,0,0,0,0,0,0,0,0,0,0,0,0,0,0.9994,0.0272,3.9993,0.1102,70.0181,1.9316,1.0002,0.0140,3.9877,0.0403,74.6831,1.0023,0.0000,0.0000,2.1092,87.2488,0.0000,0.0000,1.1642,50.4818,37.5824,0.0000,0.0009,0.0000
520,902,22,221,0.6762,0.0525,227.1927,156.8876,117520.8359,22.5741,0,0,0,0,0,0,0,0,0,0,0,0,0,0.9995,0.0273,3.9995,0.1103,70.0097,1.9378,1.0002,0.0140,3.9877,0.0403,74.6831,1.0023,0.0000,0.0000,1.9381,86.2715,0.2176,0.0000,1.1876,50.4822,37.5882,0.0017,0.0009,0.0000
521,907,22,221,0.6767,0.0525,227.1848,156.8876,117836.1484,22.5741,0,0,0,0,0,0,0,0,0,0,0,0,0,0.9997,0.0274,3.9993,0.1105,70.0035,1.9371,1.0002,0.0140,3.9877,0.0403,74.6831,1.0023,0.0000,0.0000,1.9381,86.2686,0.0000,0.0000,1.1876,50.4822,37.5882,0.0017,0.0009,0.0000
522,907,22,221,0.6771,0.0525,227.1768,156.8876,118155.8906,22.5741,0,0,0,0,0,0,0,0,0,0,0,0,0,0.9997,0.0274,3.9993,0.1105,70.0035,1.9371,1.0002,0.0140,3.9877,0.0403,74.6831,1.0023,0.0000,0.0000,1.9381,86.2656,0.0000,0.0000,1.1876,50.4822,37.5882,0.0017,0.0009,0.0000
523,909,22,221,0.6775,0.0526,227.1688,156.8876,118475.2734,22.5741,0,0,0,0,0,0,0,0,0,0,0,0,0,0.9996,0.0274,3.9990,0.1108,70.0060,1.9362,1.0002,0.0140,3.9877,0.0403,74.6831,1.0023,0.0000,0.0000,1.9381,86.2626,0.0000,0.0000,1.1876,50.4822,37.5882,0.0017,0.0009,0.0000
524,912,22,221,0.6780,0.0526,227.1606,156.8876,118799.2188,22.5741,0,0,0,0,0,0,0,0,0,0,0,0,0,0.9995,0.0275,3.9990,0.1108,70.0062,1.9346,1.0002,0.0140,3.9877,0.0403,74.6831,1.0023,0.0000,0.0000,1.9381,86.2597,0.0000,0.0000,1.1876,50.4822,37.5882,0.0017,0.0009,0.0000
525,913,22,221,0.6784,0.0526,227.1527,156.8876,119129.1328,22.5741,0,0,0,0,0,0,0,0,0,0,0,0,0,0.9995,0.0275,3.9988,0.1110,70.0066,1.9335,1.0002,0.0140,3.9877,0.0403,74.6831,1.0023,0.0000,0.0000,1.9381,86.2567,0.0000,0.0000,1.1876,50.4822,37.5882,0.0017,0.0009,0.0000
526,915,22,221,0.6789,0.0526,227.1444,156.8876,119457.9219,22.5741,0,0,0,0,0,0,0,0,0,0,0,0,0,0.9995,0.0275,3.9988,0.1112,70.0012,1.9353,1.0002,0.0140,3.9877,0.0403,74.6831,1.0023,0.0000,0.0000,1.9381,86.2537,0.0000,0.0000,1.1876,50.4822,37.5882,0.0017,0.0009,0.0000
527,915,22,221,0.6793,0.0527,227.1367,156.8876,119778.1250,22.5741,0,0,0,0,0,0,0,0,0,0,0,0,0,0.9995,0.0275,3.9988,0.1112,70.0012,1.9353,1.0002,0.0140,3.9877,0.0403,74.6831,1.0023,0.0000,0.0000,1.9381,86.2508,0.0000,0.0000,1.1876,50.4822,37.5882,0.0017,0.0009,0.0000
528,916,22,221,0.6797,0.0527,227.1286,156.8876,120098.1328,22.5741,0,0,0,0,0,0,0,0,0,0,0,0,0,0.9995,0.0275,3.9988,0.1112,70.0047,1.9371,1.0002,0.0140,3.9877,0.0403,74.6831,1.0023,0.0000,0.0000,1.9381,86.2478,0.0000,0.0000,1.1876,50.4822,37.5882,0.0017,0.0009,0.0000
529,918,22,221,0.6801,0.0527,227.1209,156.8876,120412.6016,22.5741,0,0,0,0,0,0,0,0,0,0,0,0,0,0.9995,0.0275,3.9987,0.1111,70.0050,1.9362,1.0002,0.0140,3.9877,0.0403,74.6831,1.0023,0.0000,0.0000,1.9381,86.2450,0.0000,0.0000,1.1876,50.4822,37.5882,0.0017,0.0009,0.0000
530,919,22,221,0.6806,0.0527,224.9357,158.1659,120647.3906,22.5741,0,0,0,0,0,0,0,0,0,0,0,0,0,0.9995,0.0275,3.9989,0.1112,70.0049,1.9352,1.0002,0.0140,3.9877,0.0403,74.6831,1.0023,0.0000,0.0000,1.7953,85.4387,0.0347,0.0000,1.2124,50.4834,37.5961,0.0001,0.0009,0.0000
531,919,22,221,0.6810,0.0528,224.9280,158.1659,120964.7266,22.5741,0,0,0,0,0,0,0,0,0,0,0,0,0,0.9995,0.0275,3.9989,0.1112,70.0049,1.9352,1.0002,0.0140,3.9877,0.0403,74.6831,1.0023,0.0000,0.0000,1.7953,85.4359,0.0000,0.0000,1.2124,50.4834,37.5961,0.0001,0.0009,0.0000
532,926,22,221,0.6815,0.0528,224.9201,158.1659,121286.5078,22.5741,0,0,0,0,0,0,0,0,0,0,0,0,0,0.9996,0.0276,3.9995,0.1113,70.0100,1.9368,1.0002,0.0140,3.9877,0.0403,74.6831,1.0023,0.0000,0.0000,1.7953,85.4330,0.0000,0.0000,1.2124,50.4834,37.5961,0.0001,0.0009,0.0000
533,926,22,221,0.6819,0.0528,224.9122,158.1659,121607.9375,22.5741,0,0,0,0,0,0,0,0,0,0,0,0,0,0.9996,0.0276,3.9995,0.1113,70.0100,1.9368,1.0002,0.0140,3.9877,0.0403,74.6831,1.0023,0.0000,0.0000,1.7953,85.4301,0.0000,0.0000,1.2124,50.4834,37.5961,0.0001,0.0009,0.0000
534,929,22,221,0.6823,0.0529,224.9042,158.1659,121933.9453,22.5741,0,0,0,0,0,0,0,0,0,0,0,0,0,0.9995,0.0276,3.9995,0.1115,70.0113,1.9395,1.0002,0.0140,3.9877,0.0403,74.6831,1.0023,0.0000,0.0000,1.7953,85.4271,0.0000,0.0000,1.2124,50.4834,37.5961,0.0001,0.0009,0.0000
535,930,22,221,0.6827,0.0529,224.8964,158.1659,122280.9297,22.5741,0,0,1,0,0,0,0,0,0,0,0,0,0,0.9995,0.0276,3.9995,0.1116,70.0063,1.9414,1.0002,0.0140,3.9877,0.0403,74.6831,1.0023,0.0000,0.0000,1.7953,85.4243,0.0000,0.0000,1.2124,50.4834,37.5961,0.0001,0.0009,0.0000
536,930,22,221,0.6832,0.0529,224.8883,158.1659,122611.8438,22.5741,0,0,0,0,0,0,0,0,0,0,0,0,0,0.9995,0.0276,3.9995,0.1116,70.0063,1.9414,1.0002,0.0140,3.9877,0.0403,74.6831,1.0023,0.0000,0.0000,1.7953,85.4213,0.0000,0.0000,1.2124,50.4834,37.5961,0.0001,0.0009,0.0000
537,930,22,221,0.6836,0.0529,224.8807,158.1659,122934.0469,22.5741,0,0,0,0,0,0,0,0,0,0,0,0,0,0.9995,0.0276,3.9995,0.1116,70.0063,1.9414,1.0002,0.0140,3.9877,0.0403,74.6831,1.0023,0.0000,0.0000,1.7953,85.4184,0.0000,0.0000,1.2124,50.4834,37.5961,0.0001,0.0009,0.0000
538,932,22,221,0.6840,0.0530,224.8727,158.1659,123256.1719,22.5741,0,0,0,0,0,0,0,0,0,0,0,0,0,0.9994,0.0277,3.9993,0.1116,70.0123,1.9445,1.0002,0.0140,3.9877,0.0403,74.6831,1.0023,0.0000,0.0000,1.7953,85.4155,0.0000,0.0000,1.2124,50.4834,37.5961,0.0001,0.0009,0.0000
539,935,22,221,0.6844,0.0530,224.8652,158.1659,123572.6172,22.5741,0,0,0,0,0,0,0,0,0,0,0,0,0,0.9994,0.0277,3.9997,0.1118,70.0095,1.9477,1.0002,0.0140,3.9877,0.0403,74.6831,1.0023,0.0000,0.0000,1.7953,85.4127,0.0000,0.0000,1.2124,50.4834,37.5961,0.0001,0.0009,0.0000
540,939,22,221,0.6849,0.0530,222.6640,159.3968,123808.0859,22.5741,0,0,0,0,0,0,0,0,0,0,0,0,0,0.9995,0.0278,3.9996,0.1117,70.0078,1.9484,1.0002,0.0140,3.9877,0.0403,74.6831,1.0023,0.0000,0.0000,1.6793,84.6013,0.0247,0.0000,1.2369,50.4845,37.6041,0.0000,0.0009,0.0000
541,941,22,221,0.6853,0.0530,222.6565,159.3968,124127.3906,22.5741,0,0,0,0,0,0,0,0,0,0,0,0,0,0.9996,0.0279,3.9995,0.1118,70.0040,1.9498,1.0002,0.0140,3.9877,0.0403,74.6831,1.0023,0.0000,0.0000,1.6793,84.5986,0.0000,0.0000,1.2369,50.4845,37.6041,0.0000,0.0009,0.0000
542,941,22,221,0.6857,0.0531,222.6487,159.3968,124451.2031,22.5741,0,0,0,0,0,0,0,0,0,0,0,0,0,0.9996,0.0279,3.9995,0.1118,70.0040,1.9498,1.0002,0.0140,3.9877,0.0403,74.6831,1.0023,0.0000,0.0000,1.6793,84.5957,0.0000,0.0000,1.2369,50.4845,37.6041,0.0000,0.0009,0.0000
543,945,22,221,0.6861,0.0531,222.6409,159.3968,124774.6562,22.5741,0,0,0,0,0,0,0,0,0,0,0,0,0,0.9996,0.0278,3.9992,0.1118,69.9939,1.9531,1.0002,0.0140,3.9877,0.0403,74.6831,1.0023,0.0000,0.0000,1.6793,84.5928,0.0000,0.0000,1.2369,50.4845,37.6041,0.0000,0.0009,0.0000
544,945,22,221,0.6865,0.0531,222.6331,159.3968,125102.6875,22.5741,0,0,0,0,0,0,0,0,0,0,0,0,0,0.9996,0.0278,3.9992,0.1118,69.9939,1.9531,1.0002,0.0140,3.9877,0.0403,74.6831,1.0023,0.0000,0.0000,1.6793,84.5900,0.0000,0.0000,1.2369,50.4845,37.6041,0.0000,0.0009,0.0000
545,947,22,221,0.6870,0.0532,222.6255,159.3968,125436.6953,22.5741,0,0,0,0,0,0,0,0,0,0,0,0,0,0.9995,0.0279,3.9990,0.1118,69.9963,1.9526,1.0002,0.0140,3.9877,0.0403,74.6831,1.0023,0.0000,0.0000,1.6793,84.5872,0.0000,0.0000,1.2369,50.4845,37.6041,0.0000,0.0009,0.0000
546,951,22,221,0.6874,0.0532,222.6175,159.3968,125769.7031,22.5741,0,0,0,0,0,0,0,0,0,0,0,0,0,0.9994,0.0279,3.9993,0.1117,69.9971,1.9577,1.0002,0.0140,3.9877,0.0403,74.6831,1.0023,0.0000,0.0000,1.6793,84.5842,0.0000,0.0000,1.2369,50.4845,37.6041,0.0000,0.0009,0.0000
547,956,22,221,0.6878,0.0532,222.6100,159.3968,126093.8750,22.5741,0,0,0,0,0,0,0,0,0,0,0,0,0,0.9995,0.0280,3.9989,0.1117,69.9944,1.9662,1.0002,0.0140,3.9877,0.0403,74.6831,1.0023,0.0000,0.0000,1.6793,84.5814,0.0000,0.0000,1.2369,50.4845,37.6041,0.0000,0.0009,0.0000
548,962,22,221,0.6882,0.0532,222.6022,159.3968,126418.0547,22.5741,0,0,0,0,0,0,0,0,0,0,0,0,0,0.9994,0.0282,3.9993,0.1121,69.9922,1.9645,1.0002,0.0140,3.9877,0.0403,74.6831,1.0023,0.0000,0.0000,1.6793,84.5786,0.0000,0.0000,1.2369,50.4845,37.6041,0.0000,0.0009,0.0000
549,963,22,221,0.6886,0.0533,222.5948,159.3968,126736.3984,22.5741,0,0,0,0,0,0,0,0,0,0,0,0,0,0.9993,0.0282,3.9993,0.1120,69.9934,1.9638,1.0002,0.0140,3.9877,0.0403,74.6831,1.0023,0.0000,0.0000,1.6793,84.5758,0.0000,0.0000,1.2369,50.4845,37.6041,0.0000,0.0009,0.0000
550,966,22,227,0.6891,0.0533,220.3406,160.4337,127012.5625,22.5741,0,0,0,0,0,0,0,0,0,0,0,0,0,0.9993,0.0282,3.9993,0.1120,69.9920,1.9641,1.0002,0.0140,3.9877,0.0403,74.6831,1.0023,0.0000,0.0000,1.5791,83.7445,0.0211,0.0000,1.2605,50.4855,37.6096,0.0000,0.0009,0.0000
551,967,22,227,0.6895,0.0533,220.3332,160.4337,127333.8047,22.5741,0,0,0,0,0,0,0,0,0,0,0,0,0,0.9992,0.0282,3.9992,0.1120,69.9926,1.9631,1.0002,0.0140,3.9877,0.0403,74.6831,1.0023,0.0000,0.0000,1.5791,83.7418,0.0000,0.0000,1.2605,50.4855,37.6096,0.0000,0.0009,0.0000
552,968,22,227,0.6899,0.0534,220.3257,160.4337,127659.6250,22.5741,0,0,0,0,0,0,0,0,0,0,0,0,0,0.9992,0.0282,3.9992,0.1120,69.9887,1.9658,1.0002,0.0140,3.9877,0.0403,74.6831,1.0023,0.0000,0.0000,1.5791,83.7390,0.0000,0.0000,1.2605,50.4855,37.6096,0.0000,0.0009,0.0000
553,968,22,227,0.6903,0.0534,220.3180,160.4337,127985.0547,22.5741,0,0,0,0,0,0,0,0,0,0,0,0,0,0.9992,0.0282,3.9992,0.1120,69.9887,1.9658,1.0002,0.0140,3.9877,0.0403,74.6831,1.0023,0.0000,0.0000,1.5791,83.7362,0.0000,0.0000,1.2605,50.4855,37.6096,0.0000,0.0009,0.0000
554,968,22,227,0.6907,0.0534,220.3103,160.4337,128315.0859,22.5741,0,0,0,0,0,0,0,0,0,0,0,0,0,0.9992,0.0282,3.9992,0.1120,69.9887,1.9658,1.0002,0.0140,3.9877,0.0403,74.6831,1.0023,0.0000,0.0000,1.5791,83.7334,0.0000,0.0000,1.2605,50.4855,37.6096,0.0000,0.0009,0.0000
555,968,22,227,0.6911,0.0534,220.3029,160.4337,128651.0469,22.5741,0,0,0,0,0,0,0,0,0,0,0,0,0,0.9992,0.0282,3.9992,0.1120,69.9887,1.9658,1.0002,0.0140,3.9877,0.0403,74.6831,1.0023,0.0000,0.0000,1.5791,83.7306,0.0000,0.0000,1.2605,50.4855,37.6096,0.0000,0.0009,0.0000
556,971,22,227,0.6915,0.0535,220.2950,160.4337,128986.1016,22.5741,0,0,0,0,0,0,0,0,0,0,0,0,0,0.9992,0.0282,3.9992,0.1121,69.9870,1.9683,1.0002,0.0140,3.9877,0.0403,74.6831,1.0023,0.0000,0.0000,1.5791,83.7277,0.0000,0.0000,1.2605,50.4855,37.6096,0.0000,0.0009,0.0000
557,973,22,227,0.6919,0.0535,220.2877,160.4337,129312.1953,22.5741,0,0,0,0,0,0,0,0,0,0,0,0,0,0.9991,0.0283,3.9994,0.1122,69.9863,1.9663,1.0002,0.0140,3.9877,0.0403,74.6831,1.0023,0.0000,0.0000,1.5791,83.7250,0.0000,0.0000,1.2605,50.4855,37.6096,0.0000,0.0009,0.0000
558,973,22,227,0.6923,0.0535,220.2800,160.4337,129638.3672,22.5741,0,0,0,0,0,0,0,0,0,0,0,0,0,0.9991,0.0283,3.9994,0.1122,69.9863,1.9663,1.0002,0.0140,3.9877,0.0403,74.6831,1.0023,0.0000,0.0000,1.5791,83.7222,0.0000,0.0000,1.2605,50.4855,37.6096,0.0000,0.0009,0.0000
559,978,22,227,0.6927,0.0535,220.2728,160.4337,129958.5859,22.5741,0,0,0,0,0,0,0,0,0,0,0,0,0,0.9993,0.0283,3.9994,0.1125,69.9834,1.9640,1.0002,0.0140,3.9877,0.0403,74.6831,1.0023,0.0000,0.0000,1.5791,83.7195,0.0000,0.0000,1.2605,50.4855,37.6096,0.0000,0.0009,0.0000
560,982,22,227,0.6932,0.0536,218.0491,161.5800,130195.4453,22.5741,0,0,0,0,0,0,0,0,0,0,0,0,0,0.9993,0.0283,3.9991,0.1127,69.9888,1.9692,1.0002,0.0140,3.9877,0.0403,74.6831,1.0023,0.0000,0.0000,1.4905,82.9002,0.0188,0.0000,1.2845,50.4866,37.6173,0.0000,0.0009,0.0000
561,984,22,227,0.6936,0.0536,218.0419,161.5800,130518.6172,22.5741,0,0,0,0,0,0,0,0,0,0,0,0,0,0.9993,0.0283,3.9995,0.1129,69.9881,1.9740,1.0002,0.0140,3.9877,0.0403,74.6831,1.0023,0.0000,0.0000,1.4905,82.8976,0.0000,0.0000,1.2845,50.4866,37.6173,0.0000,0.0009,0.0000
562,986,22,227,0.6940,0.0536,218.0345,161.5800,130846.3828,22.5741,0,0,0,0,0,0,0,0,0,0,0,0,0,0.9993,0.0283,3.9993,0.1128,69.9860,1.9727,1.0002,0.0140,3.9877,0.0403,74.6831,1.0023,0.0000,0.0000,1.4905,82.8948,0.0000,0.0000,1.2845,50.4866,37.6173,0.0000,0.0009,0.0000
563,986,22,227,0.6944,0.0537,218.0270,161.5800,131173.7656,22.5741,0,0,0,0,0,0,0,0,0,0,0,0,0,0.9993,0.0283,3.9993,0.1128,69.9860,1.9727,1.0002,0.0140,3.9877,0.0403,74.6831,1.0023,0.0000,0.0000,1.4905,82.8921,0.0000,0.0000,1.2845,50.4866,37.6173,0.0000,0.0009,0.0000
564,988,22,227,0.6948,0.0537,218.0194,161.5800,131505.7500,22.5741,0,0,0,0,0,0,0,0,0,0,0,0,0,0.9993,0.0283,3.9990,0.1129,69.9874,1.9712,1.0002,0.0140,3.9877,0.0403,74.6831,1.0023,0.0000,0.0000,1.4905,82.8893,0.0000,0.0000,1.2845,50.4866,37.6173,0.0000,0.0009,0.0000
565,988,22,227,0.6952,0.0537,219.8231,161.5800,131843.6406,22.5741,0,0,0,0,0,0,0,0,0,0,0,0,0,0.9993,0.0283,3.9990,0.1129,69.9874,1.9712,1.0002,0.0140,3.9877,0.0403,74.6831,1.0023,0.9195,0.2667,1.7296,83.5594,0.0000,0.0077,1.2845,50.4866,37.6173,0.0000,0.0000,0.0000
566,990,22,227,0.6956,0.0538,219.8154,161.5800,132180.6875,22.5741,0,0,0,0,0,0,0,0,0,0,0,0,0,0.9992,0.0283,3.9989,0.1129,69.9887,1.9710,1.0002,0.0140,3.9877,0.0403,74.6831,1.0023,0.0000,0.0000,1.7296,83.5566,0.0000,0.0000,1.2845,50.4866,37.6173,0.0000,0.0000,0.0000
567,992,22,227,0.6959,0.0538,219.8083,161.5800,132508.6562,22.5741,0,0,0,0,0,0,0,0,0,0,0,0,0,0.9992,0.0282,3.9987,0.1129,69.9872,1.9721,1.0002,0.0140,3.9877,0.0403,74.6831,1.0023,0.0000,0.0000,1.7296,83.5539,0.0000,0.0000,1.2845,50.4866,37.6173,0.0000,0.0000,0.0000
568,992,22,227,0.6964,0.0538,219.8009,161.5800,132836.7969,22.5741,0,0,0,0,0,0,0,0,0,0,0,0,0,0.9992,0.0282,3.9987,0.1129,69.9872,1.9721,1.0002,0.0140,3.9877,0.0403,74.6831,1.0023,0.0000,0.0000,1.7296,83.5511,0.0000,0.0000,1.2845,50.4866,37.6173,0.0000,0.0000,0.0000
569,992,22,227,0.6967,0.0538,219.7938,161.5800,133158.8906,22.5741,0,0,0,0,0,0,0,0,0,0,0,0,0,0.9992,0.0282,3.9987,0.1129,69.9872,1.9721,1.0002,0.0140,3.9877,0.0403,74.6831,1.0023,0.0000,0.0000,1.7296,83.5485,0.0000,0.0000,1.2845,50.4866,37.6173,0.0000,0.0000,0.0000
570,992,22,227,0.6972,0.0539,217.5759,162.6953,133395.6250,22.5741,0,0,0,0,0,0,0,0,0,0,0,0,0,0.9992,0.0282,3.9987,0.1129,69.9872,1.9721,1.0002,0.0140,3.9877,0.0403,74.6831,1.0023,0.0000,0.0000,1.5983,82.7111,0.0318,0.0000,1.3085,50.4877,37.6249,0.0001,0.0000,0.0000
571,994,22,227,0.6976,0.0539,217.5688,162.6953,133720.6719,22.5741,0,0,0,0,0,0,0,0,0,0,0,0,0,0.9992,0.0282,3.9989,0.1130,69.9919,1.9730,1.0002,0.0140,3.9877,0.0403,74.6831,1.0023,0.0000,0.0000,1.5983,82.7084,0.0000,0.0000,1.3085,50.4877,37.6249,0.0001,0.0000,0.0000
572,998,22,227,0.6980,0.0539,217.5615,162.6953,134050.3281,22.5741,0,0,0,0,0,0,0,0,0,0,0,0,0,0.9992,0.0282,3.9987,0.1133,69.9890,1.9703,1.0002,0.0140,3.9877,0.0403,74.6831,1.0023,0.0000,0.0000,1.5983,82.7058,0.0000,0.0000,1.3085,50.4877,37.6249,0.0001,0.0000,0.0000
573,998,22,227,0.6983,0.0540,217.5542,162.6953,134379.6094,22.5741,0,0,0,0,0,0,0,0,0,0,0,0,0,0.9992,0.0282,3.9987,0.1133,69.9890,1.9703,1.0002,0.0140,3.9877,0.0403,74.6831,1.0023,0.0000,0.0000,1.5983,82.7031,0.0000,0.0000,1.3085,50.4877,37.6249,0.0001,0.0000,0.0000
574,1000,22,227,0.6987,0.0540,217.5468,162.6953,134713.5156,22.5741,0,0,0,0,0,0,0,0,0,0,0,0,0,0.9993,0.0283,3.9989,0.1133,69.9920,1.9711,1.0002,0.0140,3.9877,0.0403,74.6831,1.0023,0.0000,0.0000,1.5983,82.7004,0.0000,0.0000,1.3085,50.4877,37.6249,0.0001,0.0000,0.0000
575,1000,22,227,0.6991,0.0540,217.5396,162.6953,135053.3125,22.5741,0,0,0,0,0,0,0,0,0,0,0,0,0,0.9993,0.0283,3.9989,0.1133,69.9920,1.9711,1.0002,0.0140,3.9877,0.0403,74.6831,1.0023,0.0000,0.0000,1.5983,82.6977,0.0000,0.0000,1.3085,50.4877,37.6249,0.0001,0.0000,0.0000
576,1001,22,227,0.6995,0.0541,217.5320,162.6953,135392.3125,22.5741,0,0,0,0,0,0,0,0,0,0,0,0,0,0.9992,0.0283,3.9988,0.1132,69.9931,1.9705,1.0002,0.0140,3.9877,0.0403,74.6831,1.0023,0.0000,0.0000,1.5983,82.6949,0.0000,0.0000,1.3085,50.4877,37.6249,0.0001,0.0000,0.0000
577,1004,22,227,0.6999,0.0541,217.5250,162.6953,135722.1094,22.5741,0,0,0,0,0,0,0,0,0,0,0,0,0,0.9992,0.0284,3.9986,0.1135,69.9954,1.9704,1.0002,0.0140,3.9877,0.0403,74.6831,1.0023,0.0000,0.0000,1.5983,82.6923,0.0000,0.0000,1.3085,50.4877,37.6249,0.0001,0.0000,0.0000
578,1007,22,227,0.7003,0.0541,217.5177,162.6953,136052.2188,22.5741,0,0,0,0,0,0,0,0,0,0,0,0,0,0.9992,0.0284,3.9990,0.1136,70.0026,1.9771,1.0002,0.0140,3.9877,0.0403,74.6831,1.0023,0.0000,0.0000,1.5983,82.6896,0.0000,0.0000,1.3085,50.4877,37.6249,0.0001,0.0000,0.0000
579,1008,22,227,0.7007,0.0541,217.5107,162.6953,136376.1562,22.5741,0,0,0,0,0,0,0,0,0,0,0,0,0,0.9992,0.0284,3.9988,0.1136,70.0014,1.9765,1.0002,0.0140,3.9877,0.0403,74.6831,1.0023,0.0000,0.0000,1.5983,82.6871,0.0000,0.0000,1.3085,50.4877,37.6249,0.0001,0.0000,0.0000
580,1008,22,227,0.7011,0.0541,215.2689,163.7748,136613.5469,22.5741,0,0,0,0,0,0,0,0,0,0,0,0,0,0.9992,0.0284,3.9988,0.1136,70.0014,1.9765,1.0002,0.0140,3.9877,0.0403,74.6831,1.0023,0.0000,0.0000,1.4987,81.8611,0.0180,0.0000,1.3323,50.4888,37.6325,0.0000,0.0000,0.0000
581,1008,22,227,0.7015,0.0542,215.2620,163.7748,136940.4062,22.5741,0,0,0,0,0,0,0,0,0,0,0,0,0,0.9992,0.0284,3.9988,0.1136,70.0014,1.9765,1.0002,0.0140,3.9877,0.0403,74.6831,1.0023,0.0000,0.0000,1.4987,81.8585,0.0000,0.0000,1.3323,50.4888,37.6325,0.0000,0.0000,0.0000
582,1008,22,227,0.7019,0.0542,215.2549,163.7748,137271.9375,22.5741,0,0,0,0,0,0,0,0,0,0,0,0,0,0.9992,0.0284,3.9988,0.1136,70.0014,1.9765,1.0002,0.0140,3.9877,0.0403,74.6831,1.0023,0.0000,0.0000,1.4987,81.8559,0.0000,0.0000,1.3323,50.4888,37.6325,0.0000,0.0000,0.0000
583,1012,22,227,0.7023,0.0543,215.2477,163.7748,137603.1094,22.5741,0,0,0,0,0,0,0,0,0,0,0,0,0,0.9993,0.0285,3.9987,0.1135,70.0020,1.9739,1.0002,0.0140,3.9877,0.0403,74.6831,1.0023,0.0000,0.0000,1.4987,81.8532,0.0000,0.0000,1.3323,50.4888,37.6325,0.0000,0.0000,0.0000
584,1015,22,227,0.7026,0.0543,215.2404,163.7748,137938.8750,22.5741,0,0,0,0,0,0,0,0,0,0,0,0,0,0.9994,0.0285,3.9989,0.1135,70.0082,1.9750,1.0002,0.0140,3.9877,0.0403,74.6831,1.0023,0.0000,0.0000,1.4987,81.8506,0.0000,0.0000,1.3323,50.4888,37.6325,0.0000,0.0000,0.0000
585,1015,22,227,0.7030,0.0543,215.2334,163.7748,138280.5156,22.5741,0,0,0,0,0,0,0,0,0,0,0,0,0,0.9994,0.0285,3.9989,0.1135,70.0082,1.9750,1.0002,0.0140,3.9877,0.0403,74.6831,1.0023,0.0000,0.0000,1.4987,81.8480,0.0000,0.0000,1.3323,50.4888,37.6325,0.0000,0.0000,0.0000
586,1019,22,227,0.7034,0.0543,215.2260,163.7748,138621.4375,22.5741,0,0,0,0,0,0,0,0,0,0,0,0,0,0.9993,0.0285,3.9992,0.1135,70.0131,1.9737,1.0002,0.0140,3.9877,0.0403,74.6831,1.0023,0.0000,0.0000,1.4987,81.8453,0.0000,0.0000,1.3323,50.4888,37.6325,0.0000,0.0000,0.0000
587,1020,22,227,0.7038,0.0544,215.2191,163.7748,138953.0625,22.5741,0,0,0,0,0,0,0,0,0,0,0,0,0,0.9992,0.0285,3.9992,0.1135,70.0159,1.9748,1.0002,0.0140,3.9877,0.0403,74.6831,1.0023,0.0000,0.0000,1.4987,81.8427,0.0000,0.0000,1.3323,50.4888,37.6325,0.0000,0.0000,0.0000
588,1020,22,227,0.7042,0.0544,215.2119,163.7748,139285.0781,22.5741,0,0,0,0,0,0,0,0,0,0,0,0,0,0.9992,0.0285,3.9992,0.1135,70.0159,1.9748,1.0002,0.0140,3.9877,0.0403,74.6831,1.0023,0.0000,0.0000,1.4987,81.8401,0.0000,0.0000,1.3323,50.4888,37.6325,0.0000,0.0000,0.0000
589,1025,22,227,0.7046,0.0544,215.2051,163.7748,139610.8438,22.5741,0,0,0,0,0,0,0,0,0,0,0,0,0,0.9992,0.0285,3.9993,0.1137,70.0139,1.9772,1.0002,0.0140,3.9877,0.0403,74.6831,1.0023,0.0000,0.0000,1.4987,81.8376,0.0000,0.0000,1.3323,50.4888,37.6325,0.0000,0.0000,0.0000
590,1036,22,227,0.7050,0.0544,212.9530,164.8155,139848.8906,22.5741,0,0,0,0,0,0,0,0,0,0,0,0,0,0.9991,0.0285,3.9997,0.1145,70.0172,1.9814,1.0002,0.0140,3.9877,0.0403,74.6831,1.0023,0.0000,0.0000,1.4169,81.0079,0.0163,0.0000,1.3559,50.4899,37.6401,0.0000,0.0000,0.0000
591,1039,22,227,0.7053,0.0545,212.9462,164.8155,140177.5469,22.5741,0,0,0,0,0,0,0,0,0,0,0,0,0,0.9992,0.0285,3.9999,0.1147,70.0242,1.9852,1.0002,0.0140,3.9877,0.0403,74.6831,1.0023,0.0000,0.0000,1.4169,81.0054,0.0000,0.0000,1.3559,50.4899,37.6401,0.0000,0.0000,0.0000
592,1043,22,227,0.7057,0.0545,212.9393,164.8155,140510.8750,22.5741,0,0,0,0,0,0,0,0,0,0,0,0,0,0.9992,0.0285,3.9999,0.1151,70.0314,1.9853,1.0002,0.0140,3.9877,0.0403,74.6831,1.0023,0.0000,0.0000,1.4169,81.0029,0.0000,0.0000,1.3559,50.4899,37.6401,0.0000,0.0000,0.0000
593,1045,22,227,0.7061,0.0545,212.9322,164.8155,140843.8750,22.5741,0,0,0,0,0,0,0,0,0,0,0,0,0,0.9991,0.0286,3.9999,0.1152,70.0294,1.9868,1.0002,0.0140,3.9877,0.0403,74.6831,1.0023,0.0000,0.0000,1.4169,81.0003,0.0000,0.0000,1.3559,50.4899,37.6401,0.0000,0.0000,0.0000
594,1047,22,227,0.7064,0.0546,212.9251,164.8155,141196.4375,22.5741,0,0,1,0,0,0,0,0,0,0,0,0,0,0.9990,0.0285,4.0000,0.1156,70.0342,1.9859,1.0002,0.0140,3.9877,0.0403,74.6831,1.0023,0.0000,0.0000,1.4169,80.9977,0.0000,0.0000,1.3559,50.4899,37.6401,0.0000,0.0000,0.0000
595,1048,22,227,0.7068,0.0546,212.9183,164.8155,141539.9062,22.5741,0,0,0,0,0,0,0,0,0,0,0,0,0,0.9991,0.0285,4.0001,0.1156,70.0382,1.9891,1.0002,0.0140,3.9877,0.0403,74.6831,1.0023,0.0000,0.0000,1.4169,80.9951,0.0000,0.0000,1.3559,50.4899,37.6401,0.0000,0.0000,0.0000
596,1051,22,227,0.7072,0.0546,212.9110,164.8155,141882.7031,22.5741,0,0,0,0,0,0,0,0,0,0,0,0,0,0.9990,0.0285,4.0005,0.1158,70.0325,1.9902,1.0002,0.0140,3.9877,0.0403,74.6831,1.0023,0.0000,0.0000,1.4169,80.9925,0.0000,0.0000,1.3559,50.4899,37.6401,0.0000,0.0000,0.0000
597,1055,22,227,0.7075,0.0546,212.9043,164.8155,142216.0781,22.5741,0,0,0,0,0,0,0,0,0,0,0,0,0,0.9991,0.0285,4.0004,0.1156,70.0316,1.9880,1.0002,0.0140,3.9877,0.0403,74.6831,1.0023,0.0000,0.0000,1.4169,80.9900,0.0000,0.0000,1.3559,50.4899,37.6401,0.0000,0.0000,0.0000
598,1061,22,227,0.7079,0.0547,212.8972,164.8155,142549.9375,22.5741,0,0,0,0,0,0,0,0,0,0,0,0,0,0.9990,0.0286,4.0005,0.1156,70.0332,1.9917,1.0002,0.0140,3.9877,0.0403,74.6831,1.0023,0.0000,0.0000,1.4169,80.9874,0.0000,0.0000,1.3559,50.4899,37.6401,0.0000,0.0000,0.0000
599,1061,22,227,0.7083,0.0547,212.8906,164.8155,142877.4531,22.5741,0,0,0,0,0,0,0,0,0,0,0,0,0,0.9990,0.0286,4.0005,0.1156,70.0332,1.9917,1.0002,0.0140,3.9877,0.0403,74.6831,1.0023,0.0000,0.0000,1.4169,80.9849,0.0000,0.0000,1.3559,50.4899,37.6401,0.0000,0.0000,0.0000
600,1060,22,248,0.7087,0.0547,210.5875,165.6797,143131.1406,24.1018,0,0,1,0,0,0,0,0,0,0,0,0,0,0.9990,0.0286,4.0006,0.1155,70.0363,1.9900,1.0002,0.0140,3.9877,0.0403,74.6831,1.0023,0.0000,0.0000,1.3525,80.1358,0.0154,0.0000,1.3786,50.4908,37.6451,0.0000,0.0000,0.0000
601,1061,22,248,0.7090,0.0548,210.5808,165.6797,143461.5000,24.1018,0,0,0,0,0,0,0,0,0,0,0,0,0,0.9990,0.0286,4.0007,0.1155,70.0354,1.9893,1.0002,0.0140,3.9877,0.0403,74.6831,1.0023,0.0000,0.0000,1.3525,80.1333,0.0000,0.0000,1.3786,50.4908,37.6451,0.0000,0.0000,0.0000
602,1062,22,248,0.7094,0.0548,210.5740,165.6797,143796.5781,24.1018,0,0,0,0,0,0,0,0,0,0,0,0,0,0.9990,0.0286,4.0010,0.1158,70.0381,1.9903,1.0002,0.0140,3.9877,0.0403,74.6831,1.0023,0.0000,0.0000,1.3525,80.1308,0.0000,0.0000,1.3786,50.4908,37.6451,0.0000,0.0000,0.0000
603,1062,22,248,0.7097,0.0548,210.5671,165.6797,144131.3438,24.1018,0,0,0,0,0,0,0,0,0,0,0,0,0,0.9990,0.0286,4.0010,0.1158,70.0381,1.9903,1.0002,0.0140,3.9877,0.0403,74.6831,1.0023,0.0000,0.0000,1.3525,80.1283,0.0000,0.0000,1.3786,50.4908,37.6451,0.0000,0.0000,0.0000
604,1062,22,248,0.7101,0.0549,210.5601,165.6797,144470.6562,24.1018,0,0,0,0,0,0,0,0,0,0,0,0,0,0.9990,0.0286,4.0010,0.1158,70.0381,1.9903,1.0002,0.0140,3.9877,0.0403,74.6831,1.0023,0.0000,0.0000,1.3525,80.1257,0.0000,0.0000,1.3786,50.4908,37.6451,0.0000,0.0000,0.0000
605,1062,22,248,0.7105,0.0549,210.5534,165.6797,144815.9062,24.1018,0,0,0,0,0,0,0,0,0,0,0,0,0,0.9990,0.0286,4.0010,0.1158,70.0381,1.9903,1.0002,0.0140,3.9877,0.0403,74.6831,1.0023,0.0000,0.0000,1.3525,80.1233,0.0000,0.0000,1.3786,50.4908,37.6451,0.0000,0.0000,0.0000
606,1066,22,248,0.7108,0.0549,210.5463,165.6797,145160.5469,24.1018,0,0,0,0,0,0,0,0,0,0,0,0,0,0.9990,0.0288,4.0005,0.1163,70.0452,2.0032,1.0002,0.0140,3.9877,0.0403,74.6831,1.0023,0.0000,0.0000,1.3525,80.1206,0.0000,0.0000,1.3786,50.4908,37.6451,0.0000,0.0000,0.0000
607,1066,22,248,0.7112,0.0549,210.5398,165.6797,145495.6094,24.1018,0,0,0,0,0,0,0,0,0,0,0,0,0,0.9990,0.0288,4.0005,0.1163,70.0452,2.0032,1.0002,0.0140,3.9877,0.0403,74.6831,1.0023,0.0000,0.0000,1.3525,80.1182,0.0000,0.0000,1.3786,50.4908,37.6451,0.0000,0.0000,0.0000
608,1066,22,248,0.7116,0.0550,210.5328,165.6797,145831.2500,24.1018,0,0,0,0,0,0,0,0,0,0,0,0,0,0.9990,0.0288,4.0005,0.1163,70.0452,2.0032,1.0002,0.0140,3.9877,0.0403,74.6831,1.0023,0.0000,0.0000,1.3525,80.1156,0.0000,0.0000,1.3786,50.4908,37.6451,0.0000,0.0000,0.0000
609,1067,22,248,0.7119,0.0550,210.5264,165.6797,146160.4688,24.1018,0,0,0,0,0,0,0,0,0,0,0,0,0,0.9990,0.0288,4.0005,0.1162,70.0462,2.0025,1.0002,0.0140,3.9877,0.0403,74.6831,1.0023,0.0000,0.0000,1.3525,80.1133,0.0000,0.0000,1.3786,50.4908,37.6451,0.0000,0.0000,0.0000
610,1069,22,248,0.7123,0.0550,208.1671,166.7623,146393.0312,24.1018,0,0,0,0,0,0,0,0,0,0,0,0,0,0.9990,0.0288,4.0003,0.1163,70.0445,2.0016,1.0002,0.0140,3.9877,0.0403,74.6831,1.0023,0.0000,0.0000,1.2988,79.2442,0.0154,0.0000,1.4042,50.4921,37.6540,0.0000,0.0000,0.0000
611,1069,22,248,0.7127,0.0550,208.1606,166.7623,146725.0781,24.1018,0,0,0,0,0,0,0,0,0,0,0,0,0,0.9990,0.0288,4.0003,0.1163,70.0445,2.0016,1.0002,0.0140,3.9877,0.0403,74.6831,1.0023,0.0000,0.0000,1.2988,79.2418,0.0000,0.0000,1.4042,50.4921,37.6540,0.0000,0.0000,0.0000
612,1072,22,248,0.7130,0.0551,208.1539,166.7623,147061.8906,24.1018,0,0,0,0,0,0,0,0,0,0,0,0,0,0.9989,0.0288,4.0004,0.1164,70.0504,2.0073,1.0002,0.0140,3.9877,0.0403,74.6831,1.0023,0.0000,0.0000,1.2988,79.2393,0.0000,0.0000,1.4042,50.4921,37.6540,0.0000,0.0000,0.0000
613,1076,22,248,0.7134,0.0551,208.1471,166.7623,147398.3906,24.1018,0,0,0,0,0,0,0,0,0,0,0,0,0,0.9989,0.0290,4.0007,0.1166,70.0572,2.0143,1.0002,0.0140,3.9877,0.0403,74.6831,1.0023,0.0000,0.0000,1.2988,79.2368,0.0000,0.0000,1.4042,50.4921,37.6540,0.0000,0.0000,0.0000
614,1079,22,248,0.7137,0.0552,208.1403,166.7623,147739.4531,24.1018,0,0,0,0,0,0,0,0,0,0,0,0,0,0.9988,0.0290,4.0004,0.1170,70.0546,2.0249,1.0002,0.0140,3.9877,0.0403,74.6831,1.0023,0.0000,0.0000,1.2988,79.2343,0.0000,0.0000,1.4042,50.4921,37.6540,0.0000,0.0000,0.0000
615,1089,22,248,0.7141,0.0552,208.1338,166.7623,148086.4531,24.1018,0,0,0,0,0,0,0,0,0,0,0,0,0,0.9989,0.0291,4.0001,0.1171,70.0588,2.0487,1.0002,0.0140,3.9877,0.0403,74.6831,1.0023,0.0000,0.0000,1.2988,79.2319,0.0000,0.0000,1.4042,50.4921,37.6540,0.0000,0.0000,0.0000
616,1092,22,248,0.7144,0.0552,208.1268,166.7623,148432.8750,24.1018,0,0,0,0,0,0,0,0,0,0,0,0,0,0.9989,0.0291,4.0002,0.1170,70.0654,2.0501,1.0002,0.0140,3.9877,0.0403,74.6831,1.0023,0.0000,0.0000,1.2988,79.2294,0.0000,0.0000,1.4042,50.4921,37.6540,0.0000,0.0000,0.0000
617,1092,22,248,0.7148,0.0552,208.1204,166.7623,148769.6094,24.1018,0,0,0,0,0,0,0,0,0,0,0,0,0,0.9989,0.0291,4.0002,0.1170,70.0654,2.0501,1.0002,0.0140,3.9877,0.0403,74.6831,1.0023,0.0000,0.0000,1.2988,79.2270,0.0000,0.0000,1.4042,50.4921,37.6540,0.0000,0.0000,0.0000
618,1094,22,248,0.7151,0.0553,208.1136,166.7623,149107.0156,24.1018,0,0,0,0,0,0,0,0,0,0,0,0,0,0.9988,0.0292,4.0004,0.1171,70.0696,2.0563,1.0002,0.0140,3.9877,0.0403,74.6831,1.0023,0.0000,0.0000,1.2988,79.2245,0.0000,0.0000,1.4042,50.4921,37.6540,0.0000,0.0000,0.0000
619,1099,22,248,0.7155,0.0553,208.1073,166.7623,149437.9219,24.1018,0,0,0,0,0,0,0,0,0,0,0,0,0,0.9988,0.0291,4.0003,0.1170,70.0866,2.0775,1.0002,0.0140,3.9877,0.0403,74.6831,1.0023,0.0000,0.0000,1.2988,79.2221,0.0000,0.0000,1.4042,50.4921,37.6540,0.0000,0.0000,0.0000
620,1104,22,248,0.7159,0.0553,205.7395,167.8029,149671.1250,24.1018,0,0,0,0,0,0,0,0,0,0,0,0,0,0.9988,0.0293,4.0000,0.1169,70.0899,2.0799,1.0002,0.0140,3.9877,0.0403,74.6831,1.0023,0.0000,0.0000,1.2514,78.3499,0.0151,0.0000,1.4294,50.4933,37.6627,0.0000,0.0000,0.0000
621,1106,22,248,0.7162,0.0553,205.7331,167.8029,150004.8281,24.1018,0,0,0,0,0,0,0,0,0,0,0,0,0,0.9989,0.0293,3.9997,0.1171,70.0824,2.0873,1.0002,0.0140,3.9877,0.0403,74.6831,1.0023,0.0000,0.0000,1.2514,78.3475,0.0000,0.0000,1.4294,50.4933,37.6627,0.0000,0.0000,0.0000
622,1106,22,248,0.7166,0.0554,205.7265,167.8029,150343.3125,24.1018,0,0,0,0,0,0,0,0,0,0,0,0,0,0.9989,0.0293,3.9997,0.1171,70.0824,2.0873,1.0002,0.0140,3.9877,0.0403,74.6831,1.0023,0.0000,0.0000,1.2514,78.3451,0.0000,0.0000,1.4294,50.4933,37.6627,0.0000,0.0000,0.0000
623,1109,22,248,0.7169,0.0554,205.7199,167.8029,150681.5469,24.1018,0,0,0,0,0,0,0,0,0,0,0,0,0,0.9990,0.0295,3.9998,0.1172,70.0789,2.0864,1.0002,0.0140,3.9877,0.0403,74.6831,1.0023,0.0000,0.0000,1.2514,78.3427,0.0000,0.0000,1.4294,50.4933,37.6627,0.0000,0.0000,0.0000
624,1118,22,248,0.7172,0.0555,205.7133,167.8029,151024.3125,24.1018,0,0,0,0,0,0,0,0,0,0,0,0,0,0.9988,0.0296,3.9997,0.1172,70.0783,2.0897,1.0002,0.0140,3.9877,0.0403,74.6831,1.0023,0.0000,0.0000,1.2514,78.3403,0.0000,0.0000,1.4294,50.4933,37.6627,0.0000,0.0000,0.0000
625,1123,22,248,0.7176,0.0555,205.7068,167.8029,151372.9531,24.1018,0,0,0,0,0,0,0,0,0,0,0,0,0,0.9987,0.0297,4.0001,0.1173,70.0750,2.0901,1.0002,0.0140,3.9877,0.0403,74.6831,1.0023,0.0000,0.0000,1.2514,78.3379,0.0000,0.0000,1.4294,50.4933,37.6627,0.0000,0.0000,0.0000
626,1127,22,248,0.7179,0.0555,205.7000,167.8029,151721.1406,24.1018,0,0,0,0,0,0,0,0,0,0,0,0,0,0.9987,0.0297,4.0001,0.1172,70.0861,2.0975,1.0002,0.0140,3.9877,0.0403,74.6831,1.0023,0.0000,0.0000,1.2514,78.3354,0.0000,0.0000,1.4294,50.4933,37.6627,0.0000,0.0000,0.0000
627,1127,22,248,0.7183,0.0555,205.6937,167.8029,152059.5000,24.1018,0,0,0,0,0,0,0,0,0,0,0,0,0,0.9987,0.0297,4.0001,0.1172,70.0861,2.0975,1.0002,0.0140,3.9877,0.0403,74.6831,1.0023,0.0000,0.0000,1.2514,78.3330,0.0000,0.0000,1.4294,50.4933,37.6627,0.0000,0.0000,0.0000
628,1130,22,248,0.7186,0.0556,205.6871,167.8029,152398.6406,24.1018,0,0,0,0,0,0,0,0,0,0,0,0,0,0.9987,0.0297,3.9997,0.1173,70.0863,2.0950,1.0002,0.0140,3.9877,0.0403,74.6831,1.0023,0.0000,0.0000,1.2514,78.3306,0.0000,0.0000,1.4294,50.4933,37.6627,0.0000,0.0000,0.0000
629,1129,22,248,0.7189,0.0556,205.6809,167.8029,152746.1719,24.1018,0,0,1,0,0,0,0,0,0,0,0,0,0,0.9987,0.0298,3.9997,0.1173,70.0863,2.0959,1.0002,0.0140,3.9877,0.0403,74.6831,1.0023,0.0000,0.0000,1.2514,78.3283,0.0000,0.0000,1.4294,50.4933,37.6627,0.0000,0.0000,0.0000
630,1131,22,248,0.7193,0.0556,203.3047,168.8038,152980.0000,24.1018,0,0,0,0,0,0,0,0,0,0,0,0,0,0.9986,0.0298,3.9993,0.1175,70.0882,2.0967,1.0002,0.0140,3.9877,0.0403,74.6831,1.0023,0.0000,0.0000,1.2095,77.4530,0.0146,0.0000,1.4543,50.4945,37.6712,0.0000,0.0000,0.0000
631,1134,22,248,0.7196,0.0556,203.2984,168.8038,153315.3125,24.1018,0,0,0,0,0,0,0,0,0,0,0,0,0,0.9987,0.0298,3.9991,0.1175,70.0912,2.1006,1.0002,0.0140,3.9877,0.0403,74.6831,1.0023,0.0000,0.0000,1.2095,77.4507,0.0000,0.0000,1.4543,50.4945,37.6712,0.0000,0.0000,0.0000
632,1134,22,248,0.7200,0.0557,203.2920,168.8038,153655.4219,24.1018,0,0,0,0,0,0,0,0,0,0,0,0,0,0.9987,0.0298,3.9991,0.1175,70.0912,2.1006,1.0002,0.0140,3.9877,0.0403,74.6831,1.0023,0.0000,0.0000,1.2095,77.4483,0.0000,0.0000,1.4543,50.4945,37.6712,0.0000,0.0000,0.0000
633,1134,22,248,0.7203,0.0557,203.2855,168.8038,154010.3125,24.1018,0,0,1,0,0,0,0,0,0,0,0,0,0,0.9987,0.0298,3.9994,0.1179,70.0894,2.1016,1.0002,0.0140,3.9877,0.0403,74.6831,1.0023,0.0000,0.0000,1.2095,77.4459,0.0000,0.0000,1.4543,50.4945,37.6712,0.0000,0.0000,0.0000
634,1138,22,248,0.7206,0.0558,203.2789,168.8038,154354.7031,24.1018,0,0,0,0,0,0,0,0,0,0,0,0,0,0.9988,0.0298,3.9999,0.1184,70.0937,2.0995,1.0002,0.0140,3.9877,0.0403,74.6831,1.0023,0.0000,0.0000,1.2095,77.4435,0.0000,0.0000,1.4543,50.4945,37.6712,0.0000,0.0000,0.0000
635,1138,22,248,0.7210,0.0558,203.2727,168.8038,154704.9531,24.1018,0,0,0,0,0,0,0,0,0,0,0,0,0,0.9988,0.0298,3.9999,0.1184,70.0937,2.0995,1.0002,0.0140,3.9877,0.0403,74.6831,1.0023,0.0000,0.0000,1.2095,77.4412,0.0000,0.0000,1.4543,50.4945,37.6712,0.0000,0.0000,0.0000
636,1138,22,248,0.7213,0.0558,203.2660,168.8038,155054.8281,24.1018,0,0,0,0,0,0,0,0,0,0,0,0,0,0.9988,0.0298,3.9999,0.1184,70.0937,2.0995,1.0002,0.0140,3.9877,0.0403,74.6831,1.0023,0.0000,0.0000,1.2095,77.4388,0.0000,0.0000,1.4543,50.4945,37.6712,0.0000,0.0000,0.0000
637,1143,22,248,0.7216,0.0558,203.2598,168.8038,155394.7656,24.1018,0,0,0,0,0,0,0,0,0,0,0,0,0,0.9987,0.0299,3.9993,0.1185,70.0891,2.1061,1.0002,0.0140,3.9877,0.0403,74.6831,1.0023,0.0000,0.0000,1.2095,77.4365,0.0000,0.0000,1.4543,50.4945,37.6712,0.0000,0.0000,0.0000
638,1148,22,248,0.7220,0.0559,203.2533,168.8038,155735.5938,24.1018,0,0,0,0,0,0,0,0,0,0,0,0,0,0.9989,0.0300,3.9995,0.1187,70.0949,2.1076,1.0002,0.0140,3.9877,0.0403,74.6831,1.0023,0.0000,0.0000,1.2095,77.4341,0.0000,0.0000,1.4543,50.4945,37.6712,0.0000,0.0000,0.0000
639,1147,22,248,0.7223,0.0559,203.2473,168.8038,156084.6875,24.1018,0,0,1,0,0,0,0,0,0,0,0,0,0,0.9989,0.0300,3.9995,0.1187,70.0949,2.1085,1.0002,0.0140,3.9877,0.0403,74.6831,1.0023,0.0000,0.0000,1.2095,77.4318,0.0000,0.0000,1.4543,50.4945,37.6712,0.0000,0.0000,0.0000
640,1151,22,248,0.7227,0.0559,200.8627,169.7669,156319.1406,24.1018,0,0,0,0,0,0,0,0,0,0,0,0,0,0.9988,0.0301,3.9996,0.1187,70.1000,2.1095,1.0002,0.0140,3.9877,0.0403,74.6831,1.0023,0.0000,0.0000,1.1724,76.5534,0.0141,0.0000,1.4789,50.4957,37.6796,0.0000,0.0000,0.0000
641,1156,23,248,0.7230,0.0559,200.8566,169.7669,156656.0312,24.1018,0,0,0,0,0,0,0,0,0,0,0,0,0,0.9989,0.0302,3.9996,0.1186,70.1032,2.1095,0.9996,0.0140,3.9856,0.0407,74.7684,1.0587,0.0000,0.0000,1.1724,76.5512,0.0000,0.0000,1.4789,50.4957,37.6796,0.0000,0.0000,0.0000
642,1158,23,248,0.7233,0.0560,200.8503,169.7669,156997.7500,24.1018,0,0,0,0,0,0,0,0,0,0,0,0,0,0.9989,0.0302,3.9994,0.1186,70.1042,2.1107,0.9996,0.0140,3.9856,0.0407,74.7684,1.0587,0.0000,0.0000,1.1724,76.5488,0.0000,0.0000,1.4789,50.4957,37.6796,0.0000,0.0000,0.0000
643,1167,23,248,0.7236,0.0560,200.8439,169.7669,157339.2812,24.1018,0,0,0,0,0,0,0,0,0,0,0,0,0,0.9988,0.0302,3.9990,0.1194,70.0934,2.1158,0.9996,0.0140,3.9856,0.0407,74.7684,1.0587,0.0000,0.0000,1.1724,76.5465,0.0000,0.0000,1.4789,50.4957,37.6796,0.0000,0.0000,0.0000
644,1171,23,248,0.7240,0.0560,200.8376,169.7669,157685.2812,24.1018,0,0,0,0,0,0,0,0,0,0,0,0,0,0.9988,0.0302,3.9991,0.1195,70.0913,2.1150,0.9996,0.0140,3.9856,0.0407,74.7684,1.0587,0.0000,0.0000,1.1724,76.5442,0.0000,0.0000,1.4789,50.4957,37.6796,0.0000,0.0000,0.0000
645,1179,23,248,0.7243,0.0561,200.8314,169.7669,158037.1094,24.1018,0,0,0,0,0,0,0,0,0,0,0,0,0,0.9987,0.0303,3.9988,0.1196,70.0926,2.1232,0.9996,0.0140,3.9856,0.0407,74.7684,1.0587,0.0000,0.0000,1.1724,76.5419,0.0000,0.0000,1.4789,50.4957,37.6796,0.0000,0.0000,0.0000
646,1182,23,248,0.7246,0.0561,200.8249,169.7669,158388.6406,24.1018,0,0,0,0,0,0,0,0,0,0,0,0,0,0.9988,0.0303,3.9987,0.1196,70.0905,2.1246,0.9996,0.0140,3.9856,0.0407,74.7684,1.0587,0.0000,0.0000,1.1724,76.5395,0.0000,0.0000,1.4789,50.4957,37.6796,0.0000,0.0000,0.0000
647,1183,23,248,0.7249,0.0561,200.8189,169.7669,158730.1562,24.1018,0,0,0,0,0,0,0,0,0,0,0,0,0,0.9988,0.0303,3.9987,0.1196,70.0860,2.1294,0.9996,0.0140,3.9856,0.0407,74.7684,1.0587,0.0000,0.0000,1.1724,76.5373,0.0000,0.0000,1.4789,50.4957,37.6796,0.0000,0.0000,0.0000
648,1183,23,248,0.7253,0.0562,200.8125,169.7669,159072.5938,24.1018,0,0,0,0,0,0,0,0,0,0,0,0,0,0.9988,0.0303,3.9987,0.1196,70.0860,2.1294,0.9996,0.0140,3.9856,0.0407,74.7684,1.0587,0.0000,0.0000,1.1724,76.5349,0.0000,0.0000,1.4789,50.4957,37.6796,0.0000,0.0000,0.0000
649,1192,23,248,0.7256,0.0562,200.8066,169.7669,159423.2344,24.1018,0,0,1,0,0,0,0,0,0,0,0,0,0,0.9988,0.0303,3.9983,0.1200,70.0883,2.1258,0.9996,0.0140,3.9856,0.0407,74.7684,1.0587,0.0000,0.0000,1.1724,76.5327,0.0000,0.0000,1.4789,50.4957,37.6796,0.0000,0.0000,0.0000
650,1192,23,260,0.7259,0.0562,198.3682,170.5478,159658.3594,24.1018,0,0,0,0,0,0,0,0,0,0,0,0,0,0.9988,0.0303,3.9983,0.1200,70.0883,2.1258,0.9996,0.0140,3.9856,0.0407,74.7684,1.0587,0.0000,0.0000,1.1387,75.6337,0.0141,0.0000,1.5024,50.4966,37.6853,0.0000,0.0000,0.0000
651,1191,23,260,0.7263,0.0562,198.3622,170.5478,160011.7656,24.1018,0,0,1,0,0,0,0,0,0,0,0,0,0,0.9988,0.0303,3.9983,0.1200,70.0858,2.1249,0.9996,0.0140,3.9856,0.0407,74.7684,1.0587,0.0000,0.0000,1.1387,75.6315,0.0000,0.0000,1.5024,50.4966,37.6853,0.0000,0.0000,0.0000
652,1195,23,260,0.7266,0.0563,198.3561,170.5478,160355.0625,24.1018,0,0,0,0,0,0,0,0,0,0,0,0,0,0.9988,0.0303,3.9984,0.1200,70.0920,2.1275,0.9996,0.0140,3.9856,0.0407,74.7684,1.0587,0.0000,0.0000,1.1387,75.6292,0.0000,0.0000,1.5024,50.4966,37.6853,0.0000,0.0000,0.0000
653,1199,23,260,0.7269,0.0563,198.3498,170.5478,160698.1719,24.1018,0,0,0,0,0,0,0,0,0,0,0,0,0,0.9988,0.0303,3.9987,0.1199,70.0942,2.1276,0.9996,0.0140,3.9856,0.0407,74.7684,1.0587,0.0000,0.0000,1.1387,75.6270,0.0000,0.0000,1.5024,50.4966,37.6853,0.0000,0.0000,0.0000
654,1199,23,260,0.7272,0.0563,198.3436,170.5478,161045.7344,24.1018,0,0,0,0,0,0,0,0,0,0,0,0,0,0.9988,0.0303,3.9987,0.1199,70.0942,2.1276,0.9996,0.0140,3.9856,0.0407,74.7684,1.0587,0.0000,0.0000,1.1387,75.6247,0.0000,0.0000,1.5024,50.4966,37.6853,0.0000,0.0000,0.0000
655,1204,23,260,0.7275,0.0564,198.3376,170.5478,161399.0938,24.1018,0,0,0,0,0,0,0,0,0,0,0,0,0,0.9989,0.0303,3.9984,0.1201,70.0934,2.1336,0.9996,0.0140,3.9856,0.0407,74.7684,1.0587,0.0000,0.0000,1.1387,75.6225,0.0000,0.0000,1.5024,50.4966,37.6853,0.0000,0.0000,0.0000
656,1211,23,260,0.7278,0.0564,198.3312,170.5478,161752.2188,24.1018,0,0,0,0,0,0,0,0,0,0,0,0,0,0.9989,0.0303,3.9986,0.1204,70.0869,2.1428,0.9996,0.0140,3.9856,0.0407,74.7684,1.0587,0.0000,0.0000,1.1387,75.6201,0.0000,0.0000,1.5024,50.4966,37.6853,0.0000,0.0000,0.0000
657,1217,23,260,0.7281,0.0564,198.3253,170.5478,162095.2656,24.1018,0,0,0,0,0,0,0,0,0,0,0,0,0,0.9988,0.0306,3.9982,0.1213,70.0882,2.1515,0.9996,0.0140,3.9856,0.0407,74.7684,1.0587,0.0000,0.0000,1.1387,75.6179,0.0000,0.0000,1.5024,50.4966,37.6853,0.0000,0.0000,0.0000
658,1228,23,260,0.7285,0.0565,198.3191,170.5478,162439.2812,24.1018,0,0,0,0,0,0,0,0,0,0,0,0,0,0.9987,0.0307,3.9986,0.1216,70.0798,2.1635,0.9996,0.0140,3.9856,0.0407,74.7684,1.0587,0.0000,0.0000,1.1387,75.6156,0.0000,0.0000,1.5024,50.4966,37.6853,0.0000,0.0000,0.0000
659,1240,23,260,0.7288,0.0565,198.3133,170.5478,162776.3906,24.1018,0,0,0,0,0,0,0,0,0,0,0,0,0,0.9988,0.0307,3.9990,0.1215,70.0754,2.1625,0.9996,0.0140,3.9856,0.0407,74.7684,1.0587,0.0000,0.0000,1.1387,75.6135,0.0000,0.0000,1.5024,50.4966,37.6853,0.0000,0.0000,0.0000
660,1241,23,260,0.7291,0.0565,195.9129,171.4460,163012.1562,24.1018,0,0,0,0,0,0,0,0,0,0,0,0,0,0.9988,0.0307,3.9990,0.1215,70.0727,2.1638,0.9996,0.0140,3.9856,0.0407,74.7684,1.0587,0.0000,0.0000,1.1079,74.7293,0.0136,0.0000,1.5264,50.4977,37.6933,0.0000,0.0000,0.0000
661,1241,23,260,0.7294,0.0565,195.9071,171.4460,163352.0156,24.1018,0,0,0,0,0,0,0,0,0,0,0,0,0,0.9988,0.0307,3.9990,0.1215,70.0727,2.1638,0.9996,0.0140,3.9856,0.0407,74.7684,1.0587,0.0000,0.0000,1.1079,74.7271,0.0000,0.0000,1.5264,50.4977,37.6933,0.0000,0.0000,0.0000
662,1241,23,260,0.7297,0.0566,195.9010,171.4460,163696.8438,24.1018,0,0,0,0,0,0,0,0,0,0,0,0,0,0.9988,0.0307,3.9990,0.1215,70.0727,2.1638,0.9996,0.0140,3.9856,0.0407,74.7684,1.0587,0.0000,0.0000,1.1079,74.7249,0.0000,0.0000,1.5264,50.4977,37.6933,0.0000,0.0000,0.0000
663,1242,23,260,0.7300,0.0566,210.5506,171.4460,164041.4844,24.1018,0,0,0,0,0,0,0,0,0,0,0,0,0,0.9987,0.0307,3.9988,0.1217,70.0723,2.1630,0.9996,0.0140,3.9856,0.0407,74.7684,1.0587,7.7006,2.6334,2.0658,80.3089,0.0000,1.1565,1.5264,50.4977,37.6933,0.0000,0.0082,0.0000
664,1244,23,260,0.7303,0.0566,210.5447,171.4460,164390.5781,24.1018,0,0,0,0,0,0,0,0,0,0,0,0,0,0.9987,0.0307,3.9989,0.1217,70.0766,2.1640,0.9996,0.0140,3.9856,0.0407,74.7684,1.0587,0.0000,0.0000,2.0658,80.3066,0.0000,0.0000,1.5264,50.4977,37.6933,0.0000,0.0082,0.0000
665,1245,23,260,0.7306,0.0567,210.5390,171.4460,164745.4062,24.1018,0,0,0,0,0,0,0,0,0,0,0,0,0,0.9987,0.0307,3.9993,0.1224,70.0796,2.1657,0.9996,0.0140,3.9856,0.0407,74.7684,1.0587,0.0000,0.0000,2.0658,80.3045,0.0000,0.0000,1.5264,50.4977,37.6933,0.0000,0.0082,0.0000
666,1245,23,260,0.7309,0.0567,210.5330,171.4460,165100.1250,24.1018,0,0,0,0,0,0,0,0,0,0,0,0,0,0.9987,0.0307,3.9993,0.1224,70.0796,2.1657,0.9996,0.0140,3.9856,0.0407,74.7684,1.0587,0.0000,0.0000,2.0658,80.3022,0.0000,0.0000,1.5264,50.4977,37.6933,0.0000,0.0082,0.0000
667,1245,23,260,0.7312,0.0567,210.5275,171.4460,165459.6250,24.1018,0,0,1,0,0,0,0,0,0,0,0,0,0,0.9986,0.0307,3.9997,0.1228,70.0792,2.1658,0.9996,0.0140,3.9856,0.0407,74.7684,1.0587,0.0000,0.0000,2.0658,80.3000,0.0000,0.0000,1.5264,50.4977,37.6933,0.0000,0.0082,0.0000
668,1249,23,260,0.7315,0.0567,210.5217,171.4460,165805.2188,24.1018,0,0,0,0,0,0,0,0,0,0,0,0,0,0.9985,0.0309,3.9995,0.1227,70.0822,2.1654,0.9996,0.0140,3.9856,0.0407,74.7684,1.0587,0.0000,0.0000,2.0658,80.2978,0.0000,0.0000,1.5264,50.4977,37.6933,0.0000,0.0082,0.0000
669,1247,23,260,0.7318,0.0568,210.5163,171.4460,166173.7344,24.1018,0,0,2,0,0,0,0,0,0,0,0,0,0,0.9985,0.0309,3.9996,0.1227,70.0844,2.1659,0.9996,0.0140,3.9856,0.0407,74.7684,1.0587,0.0000,0.0000,2.0658,80.2957,0.0000,0.0000,1.5264,50.4977,37.6933,0.0000,0.0082,0.0000
670,1247,23,260,0.7321,0.0568,208.2949,172.2119,166401.2656,24.1018,0,0,0,0,0,0,0,0,0,0,0,0,0,0.9985,0.0309,3.9996,0.1227,70.0844,2.1659,0.9996,0.0140,3.9856,0.0407,74.7684,1.0587,0.0000,0.0000,1.7902,79.2835,0.2693,0.0000,1.5487,50.4908,37.7000,0.0037,0.0082,0.0000
671,1250,23,260,0.7324,0.0568,208.2891,172.2119,166742.5625,24.1018,0,0,0,0,0,0,0,0,0,0,0,0,0,0.9984,0.0309,3.9999,0.1228,70.0840,2.1634,0.9996,0.0140,3.9856,0.0407,74.7684,1.0587,0.0000,0.0000,1.7902,79.2814,0.0000,0.0000,1.5487,50.4908,37.7000,0.0037,0.0082,0.0000
672,1252,23,260,0.7327,0.0569,208.2832,172.2119,167088.9219,24.1018,0,0,0,0,0,0,0,0,0,0,0,0,0,0.9984,0.0309,4.0000,0.1228,70.0825,2.1621,0.9996,0.0140,3.9856,0.0407,74.7684,1.0587,0.0000,0.0000,1.7902,79.2792,0.0000,0.0000,1.5487,50.4908,37.7000,0.0037,0.0082,0.0000
673,1254,23,260,0.7330,0.0569,208.2773,172.2119,167435.0938,24.1018,0,0,0,0,0,0,0,0,0,0,0,0,0,0.9984,0.0309,4.0000,0.1227,70.0826,2.1634,0.9996,0.0140,3.9856,0.0407,74.7684,1.0587,0.0000,0.0000,1.7902,79.2771,0.0000,0.0000,1.5487,50.4908,37.7000,0.0037,0.0082,0.0000
674,1258,23,260,0.7334,0.0569,208.2713,172.2119,167785.6875,24.1018,0,0,0,0,0,0,0,0,0,0,0,0,0,0.9985,0.0309,4.0001,0.1226,70.0834,2.1617,0.9996,0.0140,3.9856,0.0407,74.7684,1.0587,0.0000,0.0000,1.7902,79.2749,0.0000,0.0000,1.5487,50.4908,37.7000,0.0037,0.0082,0.0000
675,1267,23,260,0.7336,0.0570,208.2656,172.2119,168141.9844,24.1018,0,0,0,0,0,0,0,0,0,0,0,0,0,0.9986,0.0309,4.0006,0.1230,70.0859,2.1688,0.9996,0.0140,3.9856,0.0407,74.7684,1.0587,0.0000,0.0000,1.7902,79.2728,0.0000,0.0000,1.5487,50.4908,37.7000,0.0037,0.0082,0.0000
676,1272,23,260,0.7340,0.0570,208.2595,172.2119,168498.2500,24.1018,0,0,0,0,0,0,0,0,0,0,0,0,0,0.9987,0.0310,4.0001,0.1232,70.0921,2.1725,0.9996,0.0140,3.9856,0.0407,74.7684,1.0587,0.0000,0.0000,1.7902,79.2705,0.0000,0.0000,1.5487,50.4908,37.7000,0.0037,0.0082,0.0000
677,1277,23,260,0.7342,0.0570,208.2538,172.2119,168844.1719,24.1018,0,0,0,0,0,0,0,0,0,0,0,0,0,0.9987,0.0310,4.0000,0.1233,70.0920,2.1727,0.9996,0.0140,3.9856,0.0407,74.7684,1.0587,0.0000,0.0000,1.7902,79.2684,0.0000,0.0000,1.5487,50.4908,37.7000,0.0037,0.0082,0.0000
678,1280,23,260,0.7346,0.0571,208.2479,172.2119,169191.2812,24.1018,0,0,0,0,0,0,0,0,0,0,0,0,0,0.9987,0.0311,3.9999,0.1234,70.0892,2.1726,0.9996,0.0140,3.9856,0.0407,74.7684,1.0587,0.0000,0.0000,1.7902,79.2662,0.0000,0.0000,1.5487,50.4908,37.7000,0.0037,0.0082,0.0000
679,1289,23,260,0.7348,0.0571,208.2423,172.2119,169531.1875,24.1018,0,0,0,0,0,0,0,0,0,0,0,0,0,0.9987,0.0311,3.9998,0.1237,70.0907,2.1774,0.9996,0.0140,3.9856,0.0407,74.7684,1.0587,0.0000,0.0000,1.7902,79.2642,0.0000,0.0000,1.5487,50.4908,37.7000,0.0037,0.0082,0.0000
680,1291,23,260,0.7352,0.0571,205.8517,173.1495,169759.2188,24.1018,0,0,0,0,0,0,0,0,0,0,0,0,0,0.9987,0.0311,3.9998,0.1239,70.0893,2.1767,0.9996,0.0140,3.9856,0.0407,74.7684,1.0587,0.0000,0.0000,1.6383,78.3800,0.0327,0.0000,1.5747,50.4921,37.7093,0.0001,0.0082,0.0000
681,1293,23,260,0.7354,0.0571,205.8461,173.1495,170101.9219,24.1018,0,0,0,0,0,0,0,0,0,0,0,0,0,0.9986,0.0311,3.9998,0.1239,70.0847,2.1782,0.9996,0.0140,3.9856,0.0407,74.7684,1.0587,0.0000,0.0000,1.6383,78.3779,0.0000,0.0000,1.5747,50.4921,37.7093,0.0001,0.0082,0.0000
682,1299,23,260,0.7357,0.0572,205.8403,173.1495,170449.7344,24.1018,0,0,0,0,0,0,0,0,0,0,0,0,0,0.9986,0.0314,4.0004,0.1240,70.0779,2.1814,0.9996,0.0140,3.9856,0.0407,74.7684,1.0587,0.0000,0.0000,1.6383,78.3758,0.0000,0.0000,1.5747,50.4921,37.7093,0.0001,0.0082,0.0000
683,1299,23,260,0.7360,0.0572,205.8345,173.1495,170812.4062,24.1018,0,0,1,0,0,0,0,0,0,0,0,0,0,0.9986,0.0314,4.0007,0.1245,70.0789,2.1826,0.9996,0.0140,3.9856,0.0407,74.7684,1.0587,0.0000,0.0000,1.6383,78.3736,0.0000,0.0000,1.5747,50.4921,37.7093,0.0001,0.0082,0.0000
684,1308,23,260,0.7363,0.0572,205.8286,173.1495,171179.4688,24.1018,0,0,1,0,0,0,0,0,0,0,0,0,0,0.9987,0.0315,4.0013,0.1247,70.0745,2.1805,0.9996,0.0140,3.9856,0.0407,74.7684,1.0587,0.0000,0.0000,1.6383,78.3715,0.0000,0.0000,1.5747,50.4921,37.7093,0.0001,0.0082,0.0000
685,1307,23,260,0.7366,0.0573,205.8230,173.1495,171552.1719,24.1018,0,0,1,0,0,0,0,0,0,0,0,0,0,0.9987,0.0315,4.0011,0.1246,70.0741,2.1813,0.9996,0.0140,3.9856,0.0407,74.7684,1.0587,0.0000,0.0000,1.6383,78.3694,0.0000,0.0000,1.5747,50.4921,37.7093,0.0001,0.0082,0.0000
686,1307,23,260,0.7369,0.0573,205.8170,173.1495,171909.9531,24.1018,0,0,0,0,0,0,0,0,0,0,0,0,0,0.9987,0.0315,4.0011,0.1246,70.0741,2.1813,0.9996,0.0140,3.9856,0.0407,74.7684,1.0587,0.0000,0.0000,1.6383,78.3672,0.0000,0.0000,1.5747,50.4921,37.7093,0.0001,0.0082,0.0000
687,1313,23,260,0.7372,0.0573,205.8115,173.1495,172257.2656,24.1018,0,0,0,0,0,0,0,0,0,0,0,0,0,0.9989,0.0316,4.0016,0.1248,70.0766,2.1809,0.9996,0.0140,3.9856,0.0407,74.7684,1.0587,0.0000,0.0000,1.6383,78.3652,0.0000,0.0000,1.5747,50.4921,37.7093,0.0001,0.0082,0.0000
688,1317,23,260,0.7375,0.0574,205.8057,173.1495,172605.8750,24.1018,0,0,0,0,0,0,0,0,0,0,0,0,0,0.9988,0.0317,4.0014,0.1247,70.0796,2.1857,0.9996,0.0140,3.9856,0.0407,74.7684,1.0587,0.0000,0.0000,1.6383,78.3630,0.0000,0.0000,1.5747,50.4921,37.7093,0.0001,0.0082,0.0000
689,1319,23,260,0.7378,0.0574,205.8003,173.1495,172947.1250,24.1018,0,0,0,0,0,0,0,0,0,0,0,0,0,0.9989,0.0318,4.0012,0.1248,70.0787,2.1842,0.9996,0.0140,3.9856,0.0407,74.7684,1.0587,0.0000,0.0000,1.6383,78.3610,0.0000,0.0000,1.5747,50.4921,37.7093,0.0001,0.0082,0.0000
690,1324,23,260,0.7381,0.0574,203.3844,174.0553,173175.6406,24.1018,0,0,0,0,0,0,0,0,0,0,0,0,0,0.9989,0.0318,4.0011,0.1248,70.0817,2.1928,0.9996,0.0140,3.9856,0.0407,74.7684,1.0587,0.0000,0.0000,1.5154,77.4703,0.0231,0.0000,1.6004,50.4934,37.7184,0.0001,0.0082,0.0000
691,1329,23,260,0.7384,0.0574,203.3789,174.0553,173519.7188,24.1018,0,0,0,0,0,0,0,0,0,0,0,0,0,0.9988,0.0319,4.0009,0.1248,70.0795,2.1944,0.9996,0.0140,3.9856,0.0407,74.7684,1.0587,0.0000,0.0000,1.5154,77.4682,0.0000,0.0000,1.6004,50.4934,37.7184,0.0001,0.0082,0.0000
692,1329,23,260,0.7386,0.0575,203.3733,174.0553,173868.8906,24.1018,0,0,0,0,0,0,0,0,0,0,0,0,0,0.9988,0.0319,4.0009,0.1248,70.0795,2.1944,0.9996,0.0140,3.9856,0.0407,74.7684,1.0587,0.0000,0.0000,1.5154,77.4662,0.0000,0.0000,1.6004,50.4934,37.7184,0.0001,0.0082,0.0000
693,1338,23,260,0.7389,0.0575,203.3676,174.0553,174218.0000,24.1018,0,0,0,0,0,0,0,0,0,0,0,0,0,0.9989,0.0319,4.0005,0.1250,70.0772,2.1934,0.9996,0.0140,3.9856,0.0407,74.7684,1.0587,0.0000,0.0000,1.5154,77.4641,0.0000,0.0000,1.6004,50.4934,37.7184,0.0001,0.0082,0.0000
694,1341,23,260,0.7392,0.0575,203.3619,174.0553,174571.5000,24.1018,0,0,0,0,0,0,0,0,0,0,0,0,0,0.9988,0.0320,4.0007,0.1251,70.0798,2.1925,0.9996,0.0140,3.9856,0.0407,74.7684,1.0587,0.0000,0.0000,1.5154,77.4620,0.0000,0.0000,1.6004,50.4934,37.7184,0.0001,0.0082,0.0000
695,1341,23,260,0.7395,0.0576,203.3564,174.0553,174930.5781,24.1018,0,0,0,0,0,0,0,0,0,0,0,0,0,0.9988,0.0320,4.0007,0.1251,70.0798,2.1925,0.9996,0.0140,3.9856,0.0407,74.7684,1.0587,0.0000,0.0000,1.5154,77.4600,0.0000,0.0000,1.6004,50.4934,37.7184,0.0001,0.0082,0.0000
696,1350,23,260,0.7398,0.0576,203.3505,174.0553,175289.8438,24.1018,0,0,0,0,0,0,0,0,0,0,0,0,0,0.9988,0.0321,4.0006,0.1248,70.0725,2.1907,0.9996,0.0140,3.9856,0.0407,74.7684,1.0587,0.0000,0.0000,1.5154,77.4578,0.0000,0.0000,1.6004,50.4934,37.7184,0.0001,0.0082,0.0000
697,1352,23,260,0.7400,0.0576,203.3451,174.0553,175638.5156,24.1018,0,0,0,0,0,0,0,0,0,0,0,0,0,0.9989,0.0321,4.0003,0.1253,70.0726,2.1924,0.9996,0.0140,3.9856,0.0407,74.7684,1.0587,0.0000,0.0000,1.5154,77.4558,0.0000,0.0000,1.6004,50.4934,37.7184,0.0001,0.0082,0.0000
698,1362,23,260,0.7403,0.0577,203.3394,174.0553,175988.5625,24.1018,0,0,0,0,0,0,0,0,0,0,0,0,0,0.9989,0.0322,4.0006,0.1254,70.0736,2.1958,0.9996,0.0140,3.9856,0.0407,74.7684,1.0587,0.0000,0.0000,1.5154,77.4537,0.0000,0.0000,1.6004,50.4934,37.7184,0.0001,0.0082,0.0000
699,1371,23,260,0.7406,0.0577,203.3341,174.0553,176331.1094,24.1018,0,0,0,0,0,0,0,0,0,0,0,0,0,0.9990,0.0322,4.0004,0.1256,70.0683,2.1968,0.9996,0.0140,3.9856,0.0407,74.7684,1.0587,0.0000,0.0000,1.5154,77.4517,0.0000,0.0000,1.6004,50.4934,37.7184,0.0001,0.0082,0.0000
700,1372,23,272,0.7409,0.0577,200.8598,174.7718,176560.1719,25.3302,0,0,0,0,0,0,0,0,0,0,0,0,0,0.9990,0.0322,4.0003,0.1256,70.0682,2.1960,0.9996,0.0140,3.9856,0.0407,74.7684,1.0587,0.0000,0.0000,1.4283,76.5391,0.0195,0.0000,1.6250,50.4944,37.7250,0.0000,0.0082,0.0000
701,1379,23,272,0.7412,0.0577,200.8544,174.7718,176905.5938,25.3302,0,0,0,0,0,0,0,0,0,0,0,0,0,0.9990,0.0323,4.0014,0.1266,70.0677,2.1987,0.9996,0.0140,3.9856,0.0407,74.7684,1.0587,0.0000,0.0000,1.4283,76.5371,0.0000,0.0000,1.6250,50.4944,37.7250,0.0000,0.0082,0.0000
702,1380,23,272,0.7414,0.0578,200.8488,174.7718,177256.1406,25.3302,0,0,0,0,0,0,0,0,0,0,0,0,0,0.9990,0.0323,4.0015,0.1267,70.0652,2.1999,0.9996,0.0140,3.9856,0.0407,74.7684,1.0587,0.0000,0.0000,1.4283,76.5350,0.0000,0.0000,1.6250,50.4944,37.7250,0.0000,0.0082,0.0000
703,1383,23,272,0.7417,0.0578,200.8432,174.7718,177606.6719,25.3302,0,0,0,0,0,0,0,0,0,0,0,0,0,0.9990,0.0323,4.0013,0.1267,70.0639,2.2021,0.9996,0.0140,3.9856,0.0407,74.7684,1.0587,0.0000,0.0000,1.4283,76.5330,0.0000,0.0000,1.6250,50.4944,37.7250,0.0000,0.0082,0.0000
704,1386,23,272,0.7420,0.0579,200.8376,174.7718,177976.5312,25.3302,0,0,1,0,0,0,0,0,0,0,0,0,0,0.9991,0.0323,4.0013,0.1269,70.0657,2.2024,0.9996,0.0140,3.9856,0.0407,74.7684,1.0587,0.0000,0.0000,1.4283,76.5310,0.0000,0.0000,1.6250,50.4944,37.7250,0.0000,0.0082,0.0000
705,1388,23,272,0.7423,0.0579,200.8323,174.7718,178336.9688,25.3302,0,0,0,0,0,0,0,0,0,0,0,0,0,0.9991,0.0322,4.0011,0.1270,70.0664,2.2010,0.9996,0.0140,3.9856,0.0407,74.7684,1.0587,0.0000,0.0000,1.4283,76.5290,0.0000,0.0000,1.6250,50.4944,37.7250,0.0000,0.0082,0.0000
706,1394,23,272,0.7425,0.0579,200.8265,174.7718,178697.6562,25.3302,0,0,0,0,0,0,0,0,0,0,0,0,0,0.9991,0.0323,4.0013,0.1270,70.0659,2.2049,0.9996,0.0140,3.9856,0.0407,74.7684,1.0587,0.0000,0.0000,1.4283,76.5269,0.0000,0.0000,1.6250,50.4944,37.7250,0.0000,0.0082,0.0000
707,1403,23,272,0.7428,0.0579,200.8213,174.7718,179047.6094,25.3302,0,0,0,0,0,0,0,0,0,0,0,0,0,0.9991,0.0323,4.0016,0.1271,70.0611,2.2178,0.9996,0.0140,3.9856,0.0407,74.7684,1.0587,0.0000,0.0000,1.4283,76.5249,0.0000,0.0000,1.6250,50.4944,37.7250,0.0000,0.0082,0.0000
708,1406,23,272,0.7431,0.0580,200.8157,174.7718,179399.0312,25.3302,0,0,0,0,0,0,0,0,0,0,0,0,0,0.9990,0.0323,4.0018,0.1272,70.0524,2.2246,0.9996,0.0140,3.9856,0.0407,74.7684,1.0587,0.0000,0.0000,1.4283,76.5228,0.0000,0.0000,1.6250,50.4944,37.7250,0.0000,0.0082,0.0000
709,1406,23,272,0.7433,0.0580,200.8105,174.7718,179742.7969,25.3302,0,0,0,0,0,0,0,0,0,0,0,0,0,0.9990,0.0323,4.0018,0.1272,70.0524,2.2246,0.9996,0.0140,3.9856,0.0407,74.7684,1.0587,0.0000,0.0000,1.4283,76.5209,0.0000,0.0000,1.6250,50.4944,37.7250,0.0000,0.0082,0.0000
710,1410,23,272,0.7436,0.0580,198.3010,175.6842,179966.0781,25.3302,0,0,0,0,0,0,0,0,0,0,0,0,0,0.9989,0.0324,4.0018,0.1272,70.0582,2.2278,0.9996,0.0140,3.9856,0.0407,74.7684,1.0587,0.0000,0.0000,1.3538,75.5964,0.0175,0.0000,1.6520,50.4958,37.7350,0.0000,0.0082,0.0000
711,1410,23,272,0.7439,0.0580,198.2957,175.6842,180312.8125,25.3302,0,0,0,0,0,0,0,0,0,0,0,0,0,0.9989,0.0324,4.0018,0.1272,70.0582,2.2278,0.9996,0.0140,3.9856,0.0407,74.7684,1.0587,0.0000,0.0000,1.3538,75.5945,0.0000,0.0000,1.6520,50.4958,37.7350,0.0000,0.0082,0.0000
712,1413,23,272,0.7442,0.0581,198.2903,175.6842,180664.7344,25.3302,0,0,0,0,0,0,0,0,0,0,0,0,0,0.9989,0.0324,4.0020,0.1273,70.0542,2.2272,0.9996,0.0140,3.9856,0.0407,74.7684,1.0587,0.0000,0.0000,1.3538,75.5925,0.0000,0.0000,1.6520,50.4958,37.7350,0.0000,0.0082,0.0000
713,1423,23,272,0.7444,0.0581,198.2848,175.6842,181016.6250,25.3302,0,0,0,0,0,0,0,0,0,0,0,0,0,0.9989,0.0325,4.0028,0.1275,70.0559,2.2315,0.9996,0.0140,3.9856,0.0407,74.7684,1.0587,0.0000,0.0000,1.3538,75.5905,0.0000,0.0000,1.6520,50.4958,37.7350,0.0000,0.0082,0.0000
714,1424,23,272,0.7447,0.0582,198.2793,175.6842,181372.8281,25.3302,0,0,0,0,0,0,0,0,0,0,0,0,0,0.9989,0.0324,4.0028,0.1275,70.0548,2.2311,0.9996,0.0140,3.9856,0.0407,74.7684,1.0587,0.0000,0.0000,1.3538,75.5885,0.0000,0.0000,1.6520,50.4958,37.7350,0.0000,0.0082,0.0000
715,1424,23,272,0.7450,0.0582,198.2741,175.6842,181734.6094,25.3302,0,0,0,0,0,0,0,0,0,0,0,0,0,0.9989,0.0324,4.0028,0.1275,70.0548,2.2311,0.9996,0.0140,3.9856,0.0407,74.7684,1.0587,0.0000,0.0000,1.3538,75.5865,0.0000,0.0000,1.6520,50.4958,37.7350,0.0000,0.0082,0.0000
716,1427,23,272,0.7452,0.0582,198.2684,175.6842,182111.6562,25.3302,0,0,1,0,0,0,0,0,0,0,0,0,0,0.9988,0.0325,4.0034,0.1277,70.0620,2.2327,0.9996,0.0140,3.9856,0.0407,74.7684,1.0587,0.0000,0.0000,1.3538,75.5845,0.0000,0.0000,1.6520,50.4958,37.7350,0.0000,0.0082,0.0000
717,1430,23,272,0.7455,0.0582,198.2633,175.6842,182462.8906,25.3302,0,0,0,0,0,0,0,0,0,0,0,0,0,0.9988,0.0325,4.0034,0.1277,70.0653,2.2323,0.9996,0.0140,3.9856,0.0407,74.7684,1.0587,0.0000,0.0000,1.3538,75.5825,0.0000,0.0000,1.6520,50.4958,37.7350,0.0000,0.0082,0.0000
718,1438,23,272,0.7458,0.0583,198.2578,175.6842,182815.6562,25.3302,0,0,0,0,0,0,0,0,0,0,0,0,0,0.9988,0.0325,4.0034,0.1276,70.0698,2.2315,0.9996,0.0140,3.9856,0.0407,74.7684,1.0587,0.0000,0.0000,1.3538,75.5805,0.0000,0.0000,1.6520,50.4958,37.7350,0.0000,0.0082,0.0000
719,1442,24,272,0.7460,0.0583,198.2527,175.6842,183160.6094,25.3302,0,0,0,0,0,0,0,0,0,0,0,0,0,0.9988,0.0325,4.0037,0.1277,70.0610,2.2371,0.9992,0.0139,3.9789,0.0512,74.7315,1.0514,0.0000,0.0000,1.3538,75.5787,0.0000,0.0000,1.6520,50.4958,37.7350,0.0000,0.0082,0.0000
720,1450,24,272,0.7463,0.0583,195.7362,176.5604,183384.5312,25.3302,0,0,0,0,0,0,0,0,0,0,0,0,0,0.9987,0.0326,4.0042,0.1282,70.0515,2.2393,0.9992,0.0139,3.9789,0.0512,74.7315,1.0514,0.0000,0.0000,1.2893,74.6516,0.0164,0.0000,1.6786,50.4972,37.7448,0.0000,0.0082,0.0000
721,1456,24,272,0.7466,0.0584,195.7310,176.5604,183732.5312,25.3302,0,0,0,0,0,0,0,0,0,0,0,0,0,0.9987,0.0327,4.0041,0.1283,70.0582,2.2470,0.9992,0.0139,3.9789,0.0512,74.7315,1.0514,0.0000,0.0000,1.2893,74.6497,0.0000,0.0000,1.6786,50.4972,37.7448,0.0000,0.0082,0.0000
722,1463,24,272,0.7468,0.0584,195.7257,176.5604,184085.7500,25.3302,0,0,0,0,0,0,0,0,0,0,0,0,0,0.9989,0.0326,4.0042,0.1283,70.0648,2.2474,0.9992,0.0139,3.9789,0.0512,74.7315,1.0514,0.0000,0.0000,1.2893,74.6477,0.0000,0.0000,1.6786,50.4972,37.7448,0.0000,0.0082,0.0000
723,1471,24,272,0.7471,0.0584,195.7204,176.5604,184438.9219,25.3302,0,0,0,0,0,0,0,0,0,0,0,0,0,0.9989,0.0326,4.0046,0.1289,70.0712,2.2530,0.9992,0.0139,3.9789,0.0512,74.7315,1.0514,0.0000,0.0000,1.2893,74.6458,0.0000,0.0000,1.6786,50.4972,37.7448,0.0000,0.0082,0.0000
724,1472,24,272,0.7473,0.0585,195.7150,176.5604,184796.4844,25.3302,0,0,0,0,0,0,0,0,0,0,0,0,0,0.9989,0.0326,4.0045,0.1288,70.0728,2.2530,0.9992,0.0139,3.9789,0.0512,74.7315,1.0514,0.0000,0.0000,1.2893,74.6438,0.0000,0.0000,1.6786,50.4972,37.7448,0.0000,0.0082,0.0000
725,1473,24,272,0.7476,0.0585,195.7099,176.5604,185159.5781,25.3302,0,0,0,0,0,0,0,0,0,0,0,0,0,0.9989,0.0326,4.0046,0.1288,70.0747,2.2534,0.9992,0.0139,3.9789,0.0512,74.7315,1.0514,0.0000,0.0000,1.2893,74.6419,0.0000,0.0000,1.6786,50.4972,37.7448,0.0000,0.0082,0.0000
726,1475,24,272,0.7479,0.0585,195.7043,176.5604,185522.9688,25.3302,0,0,0,0,0,0,0,0,0,0,0,0,0,0.9989,0.0326,4.0046,0.1288,70.0714,2.2538,0.9992,0.0139,3.9789,0.0512,74.7315,1.0514,0.0000,0.0000,1.2893,74.6399,0.0000,0.0000,1.6786,50.4972,37.7448,0.0000,0.0082,0.0000
727,1475,24,272,0.7481,0.0585,195.6993,176.5604,185875.4531,25.3302,0,0,0,0,0,0,0,0,0,0,0,0,0,0.9989,0.0326,4.0046,0.1288,70.0714,2.2538,0.9992,0.0139,3.9789,0.0512,74.7315,1.0514,0.0000,0.0000,1.2893,74.6380,0.0000,0.0000,1.6786,50.4972,37.7448,0.0000,0.0082,0.0000
728,1477,24,272,0.7484,0.0586,195.6939,176.5604,186229.5469,25.3302,0,0,0,0,0,0,0,0,0,0,0,0,0,0.9989,0.0326,4.0046,0.1287,70.0676,2.2546,0.9992,0.0139,3.9789,0.0512,74.7315,1.0514,0.0000,0.0000,1.2893,74.6360,0.0000,0.0000,1.6786,50.4972,37.7448,0.0000,0.0082,0.0000
729,1477,24,272,0.7486,0.0586,195.6890,176.5604,186575.6562,25.3302,0,0,0,0,0,0,0,0,0,0,0,0,0,0.9989,0.0326,4.0046,0.1287,70.0676,2.2546,0.9992,0.0139,3.9789,0.0512,74.7315,1.0514,0.0000,0.0000,1.2893,74.6342,0.0000,0.0000,1.6786,50.4972,37.7448,0.0000,0.0082,0.0000
730,1477,24,272,0.7489,0.0586,193.1655,177.4023,186800.2344,25.3302,0,0,0,0,0,0,0,0,0,0,0,0,0,0.9989,0.0326,4.0046,0.1287,70.0676,2.2546,0.9992,0.0139,3.9789,0.0512,74.7315,1.0514,0.0000,0.0000,1.2359,73.7046,0.0157,0.0000,1.7048,50.4985,37.7544,0.0000,0.0082,0.0000
731,1478,24,272,0.7492,0.0587,193.1604,177.4023,187149.4688,25.3302,0,0,0,0,0,0,0,0,0,0,0,0,0,0.9989,0.0326,4.0045,0.1287,70.0666,2.2542,0.9992,0.0139,3.9789,0.0512,74.7315,1.0514,0.0000,0.0000,1.2359,73.7027,0.0000,0.0000,1.7048,50.4985,37.7544,0.0000,0.0082,0.0000
732,1479,24,272,0.7494,0.0587,193.1552,177.4023,187503.9375,25.3302,0,0,0,0,0,0,0,0,0,0,0,0,0,0.9990,0.0327,4.0046,0.1287,70.0642,2.2553,0.9992,0.0139,3.9789,0.0512,74.7315,1.0514,0.0000,0.0000,1.2359,73.7008,0.0000,0.0000,1.7048,50.4985,37.7544,0.0000,0.0082,0.0000
733,1483,24,272,0.7497,0.0587,193.1499,177.4023,187858.3906,25.3302,0,0,0,0,0,0,0,0,0,0,0,0,0,0.9991,0.0327,4.0044,0.1289,70.0640,2.2602,0.9992,0.0139,3.9789,0.0512,74.7315,1.0514,0.0000,0.0000,1.2359,73.6989,0.0000,0.0000,1.7048,50.4985,37.7544,0.0000,0.0082,0.0000
734,1492,24,272,0.7499,0.0588,193.1447,177.4023,188217.2500,25.3302,0,0,0,0,0,0,0,0,0,0,0,0,0,0.9990,0.0327,4.0038,0.1297,70.0639,2.2651,0.9992,0.0139,3.9789,0.0512,74.7315,1.0514,0.0000,0.0000,1.2359,73.6970,0.0000,0.0000,1.7048,50.4985,37.7544,0.0000,0.0082,0.0000
735,1492,24,272,0.7502,0.0588,193.1397,177.4023,188581.5938,25.3302,0,0,0,0,0,0,0,0,0,0,0,0,0,0.9990,0.0327,4.0038,0.1297,70.0639,2.2651,0.9992,0.0139,3.9789,0.0512,74.7315,1.0514,0.0000,0.0000,1.2359,73.6951,0.0000,0.0000,1.7048,50.4985,37.7544,0.0000,0.0082,0.0000
736,1492,24,272,0.7504,0.0588,193.1343,177.4023,188946.3125,25.3302,0,0,0,0,0,0,0,0,0,0,0,0,0,0.9990,0.0327,4.0038,0.1297,70.0639,2.2651,0.9992,0.0139,3.9789,0.0512,74.7315,1.0514,0.0000,0.0000,1.2359,73.6932,0.0000,0.0000,1.7048,50.4985,37.7544,0.0000,0.0082,0.0000
737,1494,24,272,0.7507,0.0589,193.1294,177.4023,189315.0469,25.3302,0,0,1,0,0,0,0,0,0,0,0,0,0,0.9990,0.0328,4.0039,0.1297,70.0590,2.2683,0.9992,0.0139,3.9789,0.0512,74.7315,1.0514,0.0000,0.0000,1.2359,73.6913,0.0000,0.0000,1.7048,50.4985,37.7544,0.0000,0.0082,0.0000
738,1501,24,272,0.7509,0.0589,193.1241,177.4023,189670.4531,25.3302,0,0,0,0,0,0,0,0,0,0,0,0,0,0.9991,0.0328,4.0040,0.1301,70.0613,2.2709,0.9992,0.0139,3.9789,0.0512,74.7315,1.0514,0.0000,0.0000,1.2359,73.6894,0.0000,0.0000,1.7048,50.4985,37.7544,0.0000,0.0082,0.0000
739,1505,24,272,0.7512,0.0589,193.1193,177.4023,190017.7656,25.3302,0,0,0,0,0,0,0,0,0,0,0,0,0,0.9992,0.0328,4.0034,0.1306,70.0596,2.2698,0.9992,0.0139,3.9789,0.0512,74.7315,1.0514,0.0000,0.0000,1.2359,73.6876,0.0000,0.0000,1.7048,50.4985,37.7544,0.0000,0.0082,0.0000
740,1508,24,272,0.7515,0.0589,190.5896,178.2115,190243.0156,25.3302,0,0,0,0,0,0,0,0,0,0,0,0,0,0.9992,0.0328,4.0036,0.1307,70.0517,2.2771,0.9992,0.0139,3.9789,0.0512,74.7315,1.0514,0.0000,0.0000,1.1892,72.7557,0.0151,0.0000,1.7306,50.4998,37.7638,0.0000,0.0082,0.0000
741,1513,24,272,0.7517,0.0590,190.5846,178.2115,190593.4844,25.3302,0,0,0,0,0,0,0,0,0,0,0,0,0,0.9992,0.0328,4.0037,0.1306,70.0478,2.2802,0.9992,0.0139,3.9789,0.0512,74.7315,1.0514,0.0000,0.0000,1.1892,72.7539,0.0000,0.0000,1.7306,50.4998,37.7638,0.0000,0.0082,0.0000
742,1514,24,272,0.7520,0.0590,190.5795,178.2115,190949.1875,25.3302,0,0,0,0,0,0,0,0,0,0,0,0,0,0.9992,0.0328,4.0037,0.1306,70.0488,2.2798,0.9992,0.0139,3.9789,0.0512,74.7315,1.0514,0.0000,0.0000,1.1892,72.7520,0.0000,0.0000,1.7306,50.4998,37.7638,0.0000,0.0082,0.0000
743,1519,24,272,0.7522,0.0590,190.5744,178.2115,191304.9062,25.3302,0,0,0,0,0,0,0,0,0,0,0,0,0,0.9991,0.0329,4.0037,0.1308,70.0525,2.2815,0.9992,0.0139,3.9789,0.0512,74.7315,1.0514,0.0000,0.0000,1.1892,72.7501,0.0000,0.0000,1.7306,50.4998,37.7638,0.0000,0.0082,0.0000
744,1521,24,272,0.7525,0.0591,190.5693,178.2115,191665.0312,25.3302,0,0,0,0,0,0,0,0,0,0,0,0,0,0.9991,0.0329,4.0036,0.1308,70.0478,2.2844,0.9992,0.0139,3.9789,0.0512,74.7315,1.0514,0.0000,0.0000,1.1892,72.7482,0.0000,0.0000,1.7306,50.4998,37.7638,0.0000,0.0082,0.0000
745,1523,24,272,0.7527,0.0591,190.5644,178.2115,192030.5781,25.3302,0,0,0,0,0,0,0,0,0,0,0,0,0,0.9991,0.0329,4.0033,0.1310,70.0463,2.2847,0.9992,0.0139,3.9789,0.0512,74.7315,1.0514,0.0000,0.0000,1.1892,72.7464,0.0000,0.0000,1.7306,50.4998,37.7638,0.0000,0.0082,0.0000
746,1527,24,272,0.7530,0.0591,190.5591,178.2115,192396.6094,25.3302,0,0,0,0,0,0,0,0,0,0,0,0,0,0.9990,0.0329,4.0031,0.1308,70.0438,2.2886,0.9992,0.0139,3.9789,0.0512,74.7315,1.0514,0.0000,0.0000,1.1892,72.7445,0.0000,0.0000,1.7306,50.4998,37.7638,0.0000,0.0082,0.0000
747,1531,24,272,0.7532,0.0592,190.5543,178.2115,192751.5156,25.3302,0,0,0,0,0,0,0,0,0,0,0,0,0,0.9990,0.0330,4.0033,0.1307,70.0381,2.2929,0.9992,0.0139,3.9789,0.0512,74.7315,1.0514,0.0000,0.0000,1.1892,72.7427,0.0000,0.0000,1.7306,50.4998,37.7638,0.0000,0.0082,0.0000
748,1534,24,272,0.7534,0.0592,190.5491,178.2115,193108.1875,25.3302,0,0,0,0,0,0,0,0,0,0,0,0,0,0.9990,0.0330,4.0032,0.1307,70.0379,2.2976,0.9992,0.0139,3.9789,0.0512,74.7315,1.0514,0.0000,0.0000,1.1892,72.7408,0.0000,0.0000,1.7306,50.4998,37.7638,0.0000,0.0082,0.0000
749,1535,24,272,0.7537,0.0592,190.5444,178.2115,193456.6875,25.3302,0,0,0,0,0,0,0,0,0,0,0,0,0,0.9990,0.0330,4.0033,0.1307,70.0370,2.2971,0.9992,0.0139,3.9789,0.0512,74.7315,1.0514,0.0000,0.0000,1.1892,72.7391,0.0000,0.0000,1.7306,50.4998,37.7638,0.0000,0.0082,0.0000
750,1543,22,282,0.7539,0.0592,187.9588,178.8188,193732.6719,25.3302,0,0,0,0,0,0,2,0,0,0,0,0,0,0.9990,0.0330,4.0035,0.1315,70.0367,2.2981,0.9991,0.0145,3.9769,0.0530,74.7071,1.0949,0.0000,0.0000,1.1481,71.7855,0.0148,0.0000,1.7551,50.5008,37.7704,0.0000,0.0082,0.0000
751,1543,22,282,0.7542,0.0593,187.9540,178.8188,194084.3438,25.3302,0,0,0,0,0,0,0,0,0,0,0,0,0,0.9990,0.0330,4.0035,0.1315,70.0367,2.2981,0.9991,0.0145,3.9769,0.0530,74.7071,1.0949,0.0000,0.0000,1.1481,71.7838,0.0000,0.0000,1.7551,50.5008,37.7704,0.0000,0.0082,0.0000
752,1545,22,282,0.7544,0.0593,187.9490,178.8188,194441.2656,25.3302,0,0,0,0,0,0,0,0,0,0,0,0,0,0.9991,0.0330,4.0034,0.1314,70.0390,2.2996,0.9991,0.0145,3.9769,0.0530,74.7071,1.0949,0.0000,0.0000,1.1481,71.7819,0.0000,0.0000,1.7551,50.5008,37.7704,0.0000,0.0082,0.0000
753,1547,22,282,0.7547,0.0594,187.9440,178.8188,194798.2344,25.3302,0,0,0,0,0,0,0,0,0,0,0,0,0,0.9990,0.0331,4.0033,0.1315,70.0416,2.2999,0.9991,0.0145,3.9769,0.0530,74.7071,1.0949,0.0000,0.0000,1.1481,71.7801,0.0000,0.0000,1.7551,50.5008,37.7704,0.0000,0.0082,0.0000
754,1551,22,282,0.7549,0.0594,187.9390,178.8188,195159.5625,25.3302,0,0,0,0,0,0,0,0,0,0,0,0,0,0.9991,0.0331,4.0032,0.1315,70.0454,2.3020,0.9991,0.0145,3.9769,0.0530,74.7071,1.0949,0.0000,0.0000,1.1481,71.7783,0.0000,0.0000,1.7551,50.5008,37.7704,0.0000,0.0082,0.0000
755,1551,22,282,0.7551,0.0594,187.9342,178.8188,195526.3281,25.3302,0,0,0,0,0,0,0,0,0,0,0,0,0,0.9991,0.0331,4.0032,0.1315,70.0454,2.3020,0.9991,0.0145,3.9769,0.0530,74.7071,1.0949,0.0000,0.0000,1.1481,71.7765,0.0000,0.0000,1.7551,50.5008,37.7704,0.0000,0.0082,0.0000
756,1553,22,282,0.7554,0.0595,187.9290,178.8188,195893.5781,25.3302,0,0,0,0,0,0,0,0,0,0,0,0,0,0.9991,0.0331,4.0033,0.1316,70.0477,2.3018,0.9991,0.0145,3.9769,0.0530,74.7071,1.0949,0.0000,0.0000,1.1481,71.7746,0.0000,0.0000,1.7551,50.5008,37.7704,0.0000,0.0082,0.0000
757,1553,22,282,0.7556,0.0595,187.9243,178.8188,196249.6562,25.3302,0,0,0,0,0,0,0,0,0,0,0,0,0,0.9991,0.0331,4.0033,0.1316,70.0477,2.3018,0.9991,0.0145,3.9769,0.0530,74.7071,1.0949,0.0000,0.0000,1.1481,71.7728,0.0000,0.0000,1.7551,50.5008,37.7704,0.0000,0.0082,0.0000
758,1567,22,282,0.7559,0.0595,187.9193,178.8188,196607.5625,25.3302,0,0,0,0,0,0,0,0,0,0,0,0,0,0.9988,0.0331,4.0034,0.1316,70.0408,2.2975,0.9991,0.0145,3.9769,0.0530,74.7071,1.0949,0.0000,0.0000,1.1481,71.7710,0.0000,0.0000,1.7551,50.5008,37.7704,0.0000,0.0082,0.0000
759,1568,22,282,0.7561,0.0595,187.9147,178.8188,196957.2188,25.3302,0,0,0,0,0,0,0,0,0,0,0,0,0,0.9988,0.0331,4.0036,0.1319,70.0432,2.2986,0.9991,0.0145,3.9769,0.0530,74.7071,1.0949,0.0000,0.0000,1.1481,71.7693,0.0000,0.0000,1.7551,50.5008,37.7704,0.0000,0.0082,0.0000
760,1569,22,282,0.7564,0.0596,185.3729,179.5733,197183.9531,25.3302,0,0,0,0,0,0,0,0,0,0,0,0,0,0.9988,0.0331,4.0036,0.1319,70.0432,2.2979,0.9991,0.0145,3.9769,0.0530,74.7071,1.0949,0.0000,0.0000,1.1124,70.8328,0.0143,0.0000,1.7801,50.5020,37.7793,0.0000,0.0082,0.0000
761,1572,22,282,0.7566,0.0596,185.3681,179.5733,197536.8125,25.3302,0,0,0,0,0,0,0,0,0,0,0,0,0,0.9988,0.0331,4.0038,0.1320,70.0442,2.2966,0.9991,0.0145,3.9769,0.0530,74.7071,1.0949,0.0000,0.0000,1.1124,70.8311,0.0000,0.0000,1.7801,50.5020,37.7793,0.0000,0.0082,0.0000
762,1573,22,282,0.7568,0.0596,185.3633,179.5733,197894.9375,25.3302,0,0,0,0,0,0,0,0,0,0,0,0,0,0.9988,0.0331,4.0038,0.1319,70.0465,2.2978,0.9991,0.0145,3.9769,0.0530,74.7071,1.0949,0.0000,0.0000,1.1124,70.8293,0.0000,0.0000,1.7801,50.5020,37.7793,0.0000,0.0082,0.0000
763,1579,22,282,0.7571,0.0597,185.3584,179.5733,198253.1094,25.3302,0,0,0,0,0,0,0,0,0,0,0,0,0,0.9988,0.0332,4.0035,0.1319,70.0422,2.3014,0.9991,0.0145,3.9769,0.0530,74.7071,1.0949,0.0000,0.0000,1.1124,70.8275,0.0000,0.0000,1.7801,50.5020,37.7793,0.0000,0.0082,0.0000
764,1580,22,282,0.7573,0.0597,185.3535,179.5733,198615.6406,25.3302,0,0,0,0,0,0,0,0,0,0,0,0,0,0.9988,0.0332,4.0036,0.1319,70.0408,2.3014,0.9991,0.0145,3.9769,0.0530,74.7071,1.0949,0.0000,0.0000,1.1124,70.8257,0.0000,0.0000,1.7801,50.5020,37.7793,0.0000,0.0082,0.0000
765,1580,22,282,0.7575,0.0597,185.3488,179.5733,198983.5625,25.3302,0,0,0,0,0,0,0,0,0,0,0,0,0,0.9988,0.0332,4.0036,0.1319,70.0408,2.3014,0.9991,0.0145,3.9769,0.0530,74.7071,1.0949,0.0000,0.0000,1.1124,70.8240,0.0000,0.0000,1.7801,50.5020,37.7793,0.0000,0.0082,0.0000
766,1580,22,282,0.7578,0.0598,185.3437,179.5733,199352.0156,25.3302,0,0,0,0,0,0,0,0,0,0,0,0,0,0.9988,0.0332,4.0036,0.1319,70.0408,2.3014,0.9991,0.0145,3.9769,0.0530,74.7071,1.0949,0.0000,0.0000,1.1124,70.8221,0.0000,0.0000,1.7801,50.5020,37.7793,0.0000,0.0082,0.0000
767,1582,22,282,0.7580,0.0598,185.3391,179.5733,199724.2031,25.3302,0,0,1,0,0,0,0,0,0,0,0,0,0,0.9988,0.0333,4.0033,0.1320,70.0325,2.3119,0.9991,0.0145,3.9769,0.0530,74.7071,1.0949,0.0000,0.0000,1.1124,70.8204,0.0000,0.0000,1.7801,50.5020,37.7793,0.0000,0.0082,0.0000
768,1585,22,282,0.7582,0.0598,185.3342,179.5733,200083.3125,25.3302,0,0,0,0,0,0,0,0,0,0,0,0,0,0.9988,0.0333,4.0031,0.1320,70.0330,2.3117,0.9991,0.0145,3.9769,0.0530,74.7071,1.0949,0.0000,0.0000,1.1124,70.8186,0.0000,0.0000,1.7801,50.5020,37.7793,0.0000,0.0082,0.0000
769,1593,22,282,0.7585,0.0598,185.3297,179.5733,200434.1094,25.3302,0,0,0,0,0,0,0,0,0,0,0,0,0,0.9987,0.0333,4.0034,0.1321,70.0346,2.3096,0.9991,0.0145,3.9769,0.0530,74.7071,1.0949,0.0000,0.0000,1.1124,70.8169,0.0000,0.0000,1.7801,50.5020,37.7793,0.0000,0.0082,0.0000
770,1598,22,282,0.7587,0.0599,182.7824,180.2988,200661.6094,25.3302,0,0,0,0,0,0,0,0,0,0,0,0,0,0.9988,0.0332,4.0035,0.1323,70.0364,2.3122,0.9991,0.0145,3.9769,0.0530,74.7071,1.0949,0.0000,0.0000,1.0804,69.8784,0.0140,0.0000,1.8047,50.5032,37.7880,0.0000,0.0082,0.0000
771,1601,22,282,0.7589,0.0599,182.7778,180.2988,201015.6406,25.3302,0,0,0,0,0,0,0,0,0,0,0,0,0,0.9987,0.0333,4.0034,0.1322,70.0305,2.3144,0.9991,0.0145,3.9769,0.0530,74.7071,1.0949,0.0000,0.0000,1.0804,69.8767,0.0000,0.0000,1.8047,50.5032,37.7880,0.0000,0.0082,0.0000
772,1601,22,282,0.7592,0.0599,182.7730,180.2988,201374.9688,25.3302,0,0,0,0,0,0,0,0,0,0,0,0,0,0.9987,0.0333,4.0034,0.1322,70.0305,2.3144,0.9991,0.0145,3.9769,0.0530,74.7071,1.0949,0.0000,0.0000,1.0804,69.8749,0.0000,0.0000,1.8047,50.5032,37.7880,0.0000,0.0082,0.0000
773,1604,22,282,0.7594,0.0600,182.7682,180.2988,201734.2969,25.3302,0,0,0,0,0,0,0,0,0,0,0,0,0,0.9988,0.0333,4.0034,0.1321,70.0331,2.3137,0.9991,0.0145,3.9769,0.0530,74.7071,1.0949,0.0000,0.0000,1.0804,69.8732,0.0000,0.0000,1.8047,50.5032,37.7880,0.0000,0.0082,0.0000
774,1609,22,282,0.7596,0.0600,182.7634,180.2988,202098.0000,25.3302,0,0,0,0,0,0,0,0,0,0,0,0,0,0.9988,0.0333,4.0036,0.1320,70.0351,2.3157,0.9991,0.0145,3.9769,0.0530,74.7071,1.0949,0.0000,0.0000,1.0804,69.8714,0.0000,0.0000,1.8047,50.5032,37.7880,0.0000,0.0082,0.0000
775,1611,22,282,0.7598,0.0600,182.7589,180.2988,202467.0625,25.3302,0,0,0,0,0,0,0,0,0,0,0,0,0,0.9988,0.0333,4.0038,0.1321,70.0336,2.3180,0.9991,0.0145,3.9769,0.0530,74.7071,1.0949,0.0000,0.0000,1.0804,69.8697,0.0000,0.0000,1.8047,50.5032,37.7880,0.0000,0.0082,0.0000
776,1611,22,282,0.7601,0.0601,182.7540,180.2988,202836.7031,25.3302,0,0,0,0,0,0,0,0,0,0,0,0,0,0.9988,0.0333,4.0038,0.1321,70.0336,2.3180,0.9991,0.0145,3.9769,0.0530,74.7071,1.0949,0.0000,0.0000,1.0804,69.8679,0.0000,0.0000,1.8047,50.5032,37.7880,0.0000,0.0082,0.0000
777,1610,22,282,0.7603,0.0601,182.7495,180.2988,203209.9688,25.3302,0,0,1,0,0,0,0,0,0,0,0,0,0,0.9988,0.0333,4.0037,0.1321,70.0359,2.3171,0.9991,0.0145,3.9769,0.0530,74.7071,1.0949,0.0000,0.0000,1.0804,69.8662,0.0000,0.0000,1.8047,50.5032,37.7880,0.0000,0.0082,0.0000
778,1610,22,282,0.7605,0.0601,182.7447,180.2988,203570.2656,25.3302,0,0,0,0,0,0,0,0,0,0,0,0,0,0.9988,0.0333,4.0037,0.1321,70.0359,2.3171,0.9991,0.0145,3.9769,0.0530,74.7071,1.0949,0.0000,0.0000,1.0804,69.8645,0.0000,0.0000,1.8047,50.5032,37.7880,0.0000,0.0082,0.0000
779,1614,22,282,0.7607,0.0602,182.7403,180.2988,203922.1719,25.3302,0,0,0,0,0,0,0,0,0,0,0,0,0,0.9989,0.0334,4.0036,0.1320,70.0311,2.3169,0.9991,0.0145,3.9769,0.0530,74.7071,1.0949,0.0000,0.0000,1.0804,69.8629,0.0000,0.0000,1.8047,50.5032,37.7880,0.0000,0.0082,0.0000
780,1616,22,282,0.7610,0.0602,180.1874,180.9965,204150.4844,25.3302,0,0,0,0,0,0,0,0,0,0,0,0,0,0.9990,0.0334,4.0033,0.1323,70.0328,2.3173,0.9991,0.0145,3.9769,0.0530,74.7071,1.0949,0.0000,0.0000,1.0513,68.9222,0.0137,0.0000,1.8289,50.5044,37.7964,0.0000,0.0082,0.0000
781,1620,22,282,0.7612,0.0602,180.1830,180.9965,204505.6406,25.3302,0,0,0,0,0,0,0,0,0,0,0,0,0,0.9990,0.0334,4.0032,0.1322,70.0277,2.3174,0.9991,0.0145,3.9769,0.0530,74.7071,1.0949,0.0000,0.0000,1.0513,68.9206,0.0000,0.0000,1.8289,50.5044,37.7964,0.0000,0.0082,0.0000
782,1631,22,282,0.7614,0.0603,180.1783,180.9965,204866.1250,25.3302,0,0,0,0,0,0,0,0,0,0,0,0,0,0.9991,0.0335,4.0026,0.1325,70.0284,2.3214,0.9991,0.0145,3.9769,0.0530,74.7071,1.0949,0.0000,0.0000,1.0513,68.9188,0.0000,0.0000,1.8289,50.5044,37.7964,0.0000,0.0082,0.0000
783,1634,22,282,0.7617,0.0603,180.1736,180.9965,205226.5781,25.3302,0,0,0,0,0,0,0,0,0,0,0,0,0,0.9991,0.0335,4.0026,0.1325,70.0291,2.3207,0.9991,0.0145,3.9769,0.0530,74.7071,1.0949,0.0000,0.0000,1.0513,68.9171,0.0000,0.0000,1.8289,50.5044,37.7964,0.0000,0.0082,0.0000
784,1639,22,282,0.7619,0.0603,180.1689,180.9965,205591.3906,25.3302,0,0,0,0,0,0,0,0,0,0,0,0,0,0.9990,0.0335,4.0028,0.1325,70.0262,2.3235,0.9991,0.0145,3.9769,0.0530,74.7071,1.0949,0.0000,0.0000,1.0513,68.9154,0.0000,0.0000,1.8289,50.5044,37.7964,0.0000,0.0082,0.0000
785,1640,22,282,0.7621,0.0604,180.1645,180.9965,205961.5625,25.3302,0,0,0,0,0,0,0,0,0,0,0,0,0,0.9991,0.0335,4.0030,0.1326,70.0257,2.3229,0.9991,0.0145,3.9769,0.0530,74.7071,1.0949,0.0000,0.0000,1.0513,68.9138,0.0000,0.0000,1.8289,50.5044,37.7964,0.0000,0.0082,0.0000
786,1639,22,282,0.7623,0.0604,180.1597,180.9965,206347.3750,25.3302,0,0,1,0,0,0,0,0,0,0,0,0,0,0.9991,0.0335,4.0031,0.1326,70.0276,2.3223,0.9991,0.0145,3.9769,0.0530,74.7071,1.0949,0.0000,0.0000,1.0513,68.9120,0.0000,0.0000,1.8289,50.5044,37.7964,0.0000,0.0082,0.0000
787,1649,22,282,0.7625,0.0604,180.1553,180.9965,206706.7188,25.3302,0,0,0,0,0,0,0,0,0,0,0,0,0,0.9991,0.0335,4.0027,0.1329,70.0338,2.3263,0.9991,0.0145,3.9769,0.0530,74.7071,1.0949,0.0000,0.0000,1.0513,68.9104,0.0000,0.0000,1.8289,50.5044,37.7964,0.0000,0.0082,0.0000
788,1662,22,282,0.7628,0.0604,180.1506,180.9965,207068.1562,25.3302,0,0,0,0,0,0,0,0,0,0,0,0,0,0.9990,0.0336,4.0031,0.1330,70.0245,2.3297,0.9991,0.0145,3.9769,0.0530,74.7071,1.0949,0.0000,0.0000,1.0513,68.9086,0.0000,0.0000,1.8289,50.5044,37.7964,0.0000,0.0082,0.0000
789,1670,22,282,0.7630,0.0605,180.1463,180.9965,207421.1250,25.3302,0,0,0,0,0,0,0,0,0,0,0,0,0,0.9990,0.0335,4.0029,0.1330,70.0268,2.3262,0.9991,0.0145,3.9769,0.0530,74.7071,1.0949,0.0000,0.0000,1.0513,68.9071,0.0000,0.0000,1.8289,50.5044,37.7964,0.0000,0.0082,0.0000
790,1677,22,282,0.7632,0.0605,177.5882,181.6676,207650.3125,25.3302,0,0,0,0,0,0,0,0,0,0,0,0,0,0.9989,0.0336,4.0033,0.1333,70.0213,2.3270,0.9991,0.0145,3.9769,0.0530,74.7071,1.0949,0.0000,0.0000,1.0247,67.9644,0.0134,0.0000,1.8527,50.5055,37.8047,0.0000,0.0082,0.0000
791,1682,22,282,0.7634,0.0605,177.5838,181.6676,208006.5312,25.3302,0,0,0,0,0,0,0,0,0,0,0,0,0,0.9990,0.0336,4.0031,0.1333,70.0195,2.3267,0.9991,0.0145,3.9769,0.0530,74.7071,1.0949,0.0000,0.0000,1.0247,67.9628,0.0000,0.0000,1.8527,50.5055,37.8047,0.0000,0.0082,0.0000
792,1683,22,282,0.7636,0.0606,177.5792,181.6676,208368.0781,25.3302,0,0,0,0,0,0,0,0,0,0,0,0,0,0.9990,0.0336,4.0032,0.1333,70.0175,2.3275,0.9991,0.0145,3.9769,0.0530,74.7071,1.0949,0.0000,0.0000,1.0247,67.9611,0.0000,0.0000,1.8527,50.5055,37.8047,0.0000,0.0082,0.0000
793,1684,22,282,0.7638,0.0606,177.5746,181.6676,208729.6250,25.3302,0,0,0,0,0,0,0,0,0,0,0,0,0,0.9990,0.0336,4.0033,0.1333,70.0156,2.3281,0.9991,0.0145,3.9769,0.0530,74.7071,1.0949,0.0000,0.0000,1.0247,67.9594,0.0000,0.0000,1.8527,50.5055,37.8047,0.0000,0.0082,0.0000
794,1684,22,282,0.7640,0.0606,177.5700,181.6676,209095.5156,25.3302,0,0,0,0,0,0,0,0,0,0,0,0,0,0.9990,0.0336,4.0033,0.1333,70.0156,2.3281,0.9991,0.0145,3.9769,0.0530,74.7071,1.0949,0.0000,0.0000,1.0247,67.9577,0.0000,0.0000,1.8527,50.5055,37.8047,0.0000,0.0082,0.0000
795,1688,22,282,0.7642,0.0607,177.5657,181.6676,209466.6875,25.3302,0,0,0,0,0,0,0,0,0,0,0,0,0,0.9991,0.0336,4.0033,0.1332,70.0198,2.3297,0.9991,0.0145,3.9769,0.0530,74.7071,1.0949,0.0000,0.0000,1.0247,67.9561,0.0000,0.0000,1.8527,50.5055,37.8047,0.0000,0.0082,0.0000
796,1688,22,282,0.7645,0.0607,177.5610,181.6676,209838.6250,25.3302,0,0,0,0,0,0,0,0,0,0,0,0,0,0.9991,0.0336,4.0033,0.1332,70.0198,2.3297,0.9991,0.0145,3.9769,0.0530,74.7071,1.0949,0.0000,0.0000,1.0247,67.9544,0.0000,0.0000,1.8527,50.5055,37.8047,0.0000,0.0082,0.0000
797,1696,22,282,0.7647,0.0607,177.5567,181.6676,210199.0000,25.3302,0,0,0,0,0,0,0,0,0,0,0,0,0,0.9990,0.0336,4.0028,0.1337,70.0144,2.3401,0.9991,0.0145,3.9769,0.0530,74.7071,1.0949,0.0000,0.0000,1.0247,67.9528,0.0000,0.0000,1.8527,50.5055,37.8047,0.0000,0.0082,0.0000
798,1697,22,282,0.7649,0.0608,177.5521,181.6676,210561.5781,25.3302,0,0,0,0,0,0,0,0,0,0,0,0,0,0.9989,0.0336,4.0028,0.1336,70.0121,2.3414,0.9991,0.0145,3.9769,0.0530,74.7071,1.0949,0.0000,0.0000,1.0247,67.9511,0.0000,0.0000,1.8527,50.5055,37.8047,0.0000,0.0082,0.0000
799,1700,22,282,0.7651,0.0608,177.5479,181.6676,210915.5625,25.3302,0,0,0,0,0,0,0,0,0,0,0,0,0,0.9990,0.0336,4.0025,0.1338,70.0133,2.3407,0.9991,0.0145,3.9769,0.0530,74.7071,1.0949,0.0000,0.0000,1.0247,67.9496,0.0000,0.0000,1.8527,50.5055,37.8047,0.0000,0.0082,0.0000
800,1703,22,303,0.7653,0.0608,174.9362,182.1528,211145.6406,26.2298,0,0,0,0,0,0,0,0,0,0,0,0,0,0.9990,0.0337,4.0024,0.1337,70.0139,2.3400,0.9991,0.0145,3.9769,0.0530,74.7071,1.0949,0.0000,0.0000,0.9998,66.9857,0.0134,0.0000,1.8753,50.5064,37.8101,0.0000,0.0082,0.0000
801,1705,22,303,0.7655,0.0608,174.9320,182.1528,211517.8906,26.2298,0,0,1,0,0,0,0,0,0,0,0,0,0,0.9991,0.0338,4.0023,0.1337,70.0105,2.3429,0.9991,0.0145,3.9769,0.0530,74.7071,1.0949,0.0000,0.0000,0.9998,66.9841,0.0000,0.0000,1.8753,50.5064,37.8101,0.0000,0.0082,0.0000
802,1709,22,303,0.7657,0.0609,174.9275,182.1528,211880.4844,26.2298,0,0,0,0,0,0,0,0,0,0,0,0,0,0.9990,0.0338,4.0024,0.1339,70.0105,2.3447,0.9991,0.0145,3.9769,0.0530,74.7071,1.0949,0.0000,0.0000,0.9998,66.9825,0.0000,0.0000,1.8753,50.5064,37.8101,0.0000,0.0082,0.0000
803,1709,22,303,0.7659,0.0609,174.9230,182.1528,212258.1250,26.2298,0,0,1,0,0,0,0,0,0,0,0,0,0,0.9991,0.0338,4.0024,0.1340,70.0149,2.3462,0.9991,0.0145,3.9769,0.0530,74.7071,1.0949,0.0000,0.0000,0.9998,66.9809,0.0000,0.0000,1.8753,50.5064,37.8101,0.0000,0.0082,0.0000
804,1708,22,303,0.7661,0.0610,174.9186,182.1528,212640.0781,26.2298,0,0,1,0,0,0,0,0,0,0,0,0,0,0.9991,0.0339,4.0024,0.1340,70.0149,2.3469,0.9991,0.0145,3.9769,0.0530,74.7071,1.0949,0.0000,0.0000,0.9998,66.9792,0.0000,0.0000,1.8753,50.5064,37.8101,0.0000,0.0082,0.0000
805,1711,22,303,0.7663,0.0610,174.9144,182.1528,213012.2344,26.2298,0,0,0,0,0,0,0,0,0,0,0,0,0,0.9991,0.0339,4.0025,0.1340,70.0110,2.3497,0.9991,0.0145,3.9769,0.0530,74.7071,1.0949,0.0000,0.0000,0.9998,66.9777,0.0000,0.0000,1.8753,50.5064,37.8101,0.0000,0.0082,0.0000
806,1712,22,303,0.7665,0.0610,174.9098,182.1528,213385.2500,26.2298,0,0,0,0,0,0,0,0,0,0,0,0,0,0.9991,0.0339,4.0024,0.1340,70.0129,2.3502,0.9991,0.0145,3.9769,0.0530,74.7071,1.0949,0.0000,0.0000,0.9998,66.9760,0.0000,0.0000,1.8753,50.5064,37.8101,0.0000,0.0082,0.0000
807,1711,22,303,0.7667,0.0610,174.9056,182.1528,213761.6562,26.2298,0,0,1,0,0,0,0,0,0,0,0,0,0,0.9991,0.0339,4.0024,0.1341,70.0126,2.3509,0.9991,0.0145,3.9769,0.0530,74.7071,1.0949,0.0000,0.0000,0.9998,66.9744,0.0000,0.0000,1.8753,50.5064,37.8101,0.0000,0.0082,0.0000
808,1714,22,303,0.7669,0.0611,174.9011,182.1528,214125.3438,26.2298,0,0,0,0,0,0,0,0,0,0,0,0,0,0.9992,0.0339,4.0021,0.1342,70.0069,2.3541,0.9991,0.0145,3.9769,0.0530,74.7071,1.0949,0.0000,0.0000,0.9998,66.9728,0.0000,0.0000,1.8753,50.5064,37.8101,0.0000,0.0082,0.0000
809,1713,22,303,0.7671,0.0611,174.8971,182.1528,214495.3125,26.2298,0,0,1,0,0,0,0,0,0,0,0,0,0,0.9992,0.0339,4.0020,0.1342,70.0074,2.3547,0.9991,0.0145,3.9769,0.0530,74.7071,1.0949,0.0000,0.0000,0.9998,66.9713,0.0000,0.0000,1.8753,50.5064,37.8101,0.0000,0.0082,0.0000
810,1717,22,303,0.7674,0.0611,172.2802,182.8142,214721.5000,26.2298,0,0,0,0,0,0,0,0,0,0,0,0,0,0.9991,0.0340,4.0020,0.1341,70.0060,2.3594,0.9991,0.0145,3.9769,0.0530,74.7071,1.0949,0.0000,0.0000,0.9763,66.0057,0.0133,0.0000,1.8995,50.5076,37.8186,0.0000,0.0082,0.0000
811,1717,22,303,0.7676,0.0612,172.2761,182.8142,215079.7188,26.2298,0,0,0,0,0,0,0,0,0,0,0,0,0,0.9991,0.0340,4.0020,0.1341,70.0060,2.3594,0.9991,0.0145,3.9769,0.0530,74.7071,1.0949,0.0000,0.0000,0.9763,66.0041,0.0000,0.0000,1.8995,50.5076,37.8186,0.0000,0.0082,0.0000
812,1722,22,303,0.7678,0.0612,172.2717,182.8142,215443.3594,26.2298,0,0,0,0,0,0,0,0,0,0,0,0,0,0.9992,0.0339,4.0021,0.1344,70.0096,2.3595,0.9991,0.0145,3.9769,0.0530,74.7071,1.0949,0.0000,0.0000,0.9763,66.0025,0.0000,0.0000,1.8995,50.5076,37.8186,0.0000,0.0082,0.0000
813,1730,22,303,0.7680,0.0612,172.2673,182.8142,215807.0938,26.2298,0,0,0,0,0,0,0,0,0,0,0,0,0,0.9991,0.0339,4.0021,0.1344,70.0115,2.3572,0.9991,0.0145,3.9769,0.0530,74.7071,1.0949,0.0000,0.0000,0.9763,66.0009,0.0000,0.0000,1.8995,50.5076,37.8186,0.0000,0.0082,0.0000
814,1738,22,303,0.7682,0.0613,172.2630,182.8142,216175.1094,26.2298,0,0,0,0,0,0,0,0,0,0,0,0,0,0.9991,0.0339,4.0018,0.1349,70.0056,2.3648,0.9991,0.0145,3.9769,0.0530,74.7071,1.0949,0.0000,0.0000,0.9763,65.9993,0.0000,0.0000,1.8995,50.5076,37.8186,0.0000,0.0082,0.0000
815,1738,22,303,0.7684,0.0613,172.2589,182.8142,216548.2344,26.2298,0,0,0,0,0,0,0,0,0,0,0,0,0,0.9991,0.0339,4.0018,0.1349,70.0056,2.3648,0.9991,0.0145,3.9769,0.0530,74.7071,1.0949,0.0000,0.0000,0.9763,65.9978,0.0000,0.0000,1.8995,50.5076,37.8186,0.0000,0.0082,0.0000
816,1742,22,303,0.7686,0.0613,172.2544,182.8142,216922.3281,26.2298,0,0,0,0,0,0,0,0,0,0,0,0,0,0.9991,0.0339,4.0017,0.1348,70.0062,2.3667,0.9991,0.0145,3.9769,0.0530,74.7071,1.0949,0.0000,0.0000,0.9763,65.9962,0.0000,0.0000,1.8995,50.5076,37.8186,0.0000,0.0082,0.0000
817,1743,22,303,0.7688,0.0613,172.2504,182.8142,217284.7188,26.2298,0,0,0,0,0,0,0,0,0,0,0,0,0,0.9991,0.0339,4.0017,0.1348,70.0043,2.3673,0.9991,0.0145,3.9769,0.0530,74.7071,1.0949,0.0000,0.0000,0.9763,65.9946,0.0000,0.0000,1.8995,50.5076,37.8186,0.0000,0.0082,0.0000
818,1749,22,303,0.7690,0.0614,172.2460,182.8142,217649.4688,26.2298,0,0,0,0,0,0,0,0,0,0,0,0,0,0.9991,0.0340,4.0014,0.1349,70.0081,2.3767,0.9991,0.0145,3.9769,0.0530,74.7071,1.0949,0.0000,0.0000,0.9763,65.9930,0.0000,0.0000,1.8995,50.5076,37.8186,0.0000,0.0082,0.0000
819,1761,22,303,0.7692,0.0614,172.2420,182.8142,218005.4219,26.2298,0,0,0,0,0,0,0,0,0,0,0,0,0,0.9992,0.0340,4.0009,0.1348,70.0066,2.3901,0.9991,0.0145,3.9769,0.0530,74.7071,1.0949,0.0000,0.0000,0.9763,65.9916,0.0000,0.0000,1.8995,50.5076,37.8186,0.0000,0.0082,0.0000
820,1767,22,303,0.7694,0.0614,169.6219,183.4496,218232.6406,26.2298,0,0,0,0,0,0,0,0,0,0,0,0,0,0.9993,0.0340,4.0015,0.1351,70.0011,2.3995,0.9991,0.0145,3.9769,0.0530,74.7071,1.0949,0.0000,0.0000,0.9544,65.0244,0.0128,0.0000,1.9233,50.5087,37.8269,0.0000,0.0082,0.0000
821,1776,22,303,0.7696,0.0615,169.6178,183.4496,218591.8594,26.2298,0,0,0,0,0,0,0,0,0,0,0,0,0,0.9994,0.0341,4.0013,0.1354,69.9933,2.3980,0.9991,0.0145,3.9769,0.0530,74.7071,1.0949,0.0000,0.0000,0.9544,65.0229,0.0000,0.0000,1.9233,50.5087,37.8269,0.0000,0.0082,0.0000
822,1777,22,303,0.7698,0.0615,169.6135,183.4496,218956.5156,26.2298,0,0,0,0,0,0,0,0,0,0,0,0,0,0.9994,0.0341,4.0013,0.1354,69.9922,2.3978,0.9991,0.0145,3.9769,0.0530,74.7071,1.0949,0.0000,0.0000,0.9544,65.0213,0.0000,0.0000,1.9233,50.5087,37.8269,0.0000,0.0082,0.0000
823,1781,22,303,0.7699,0.0615,169.6093,183.4496,219321.2969,26.2298,0,0,0,0,0,0,0,0,0,0,0,0,0,0.9993,0.0342,4.0014,0.1356,69.9908,2.3989,0.9991,0.0145,3.9769,0.0530,74.7071,1.0949,0.0000,0.0000,0.9544,65.0198,0.0000,0.0000,1.9233,50.5087,37.8269,0.0000,0.0082,0.0000
824,1787,22,303,0.7701,0.0616,169.6050,183.4496,219690.2812,26.2298,0,0,0,0,0,0,0,0,0,0,0,0,0,0.9993,0.0342,4.0014,0.1356,69.9873,2.3967,0.9991,0.0145,3.9769,0.0530,74.7071,1.0949,0.0000,0.0000,0.9544,65.0182,0.0000,0.0000,1.9233,50.5087,37.8269,0.0000,0.0082,0.0000
825,1790,22,303,0.7703,0.0616,169.6011,183.4496,220064.3438,26.2298,0,0,0,0,0,0,0,0,0,0,0,0,0,0.9992,0.0342,4.0014,0.1358,69.9881,2.3991,0.9991,0.0145,3.9769,0.0530,74.7071,1.0949,0.0000,0.0000,0.9544,65.0167,0.0000,0.0000,1.9233,50.5087,37.8269,0.0000,0.0082,0.0000
826,1793,22,303,0.7705,0.0616,169.5966,183.4496,220439.4375,26.2298,0,0,0,0,0,0,0,0,0,0,0,0,0,0.9992,0.0342,4.0016,0.1359,69.9847,2.4009,0.9991,0.0145,3.9769,0.0530,74.7071,1.0949,0.0000,0.0000,0.9544,65.0151,0.0000,0.0000,1.9233,50.5087,37.8269,0.0000,0.0082,0.0000
827,1794,22,303,0.7707,0.0617,169.5927,183.4496,220802.7656,26.2298,0,0,0,0,0,0,0,0,0,0,0,0,0,0.9992,0.0342,4.0017,0.1359,69.9853,2.4003,0.9991,0.0145,3.9769,0.0530,74.7071,1.0949,0.0000,0.0000,0.9544,65.0136,0.0000,0.0000,1.9233,50.5087,37.8269,0.0000,0.0082,0.0000
828,1795,22,303,0.7709,0.0617,169.5884,183.4496,221168.5781,26.2298,0,0,0,0,0,0,0,0,0,0,0,0,0,0.9992,0.0342,4.0018,0.1359,69.9844,2.3999,0.9991,0.0145,3.9769,0.0530,74.7071,1.0949,0.0000,0.0000,0.9544,65.0121,0.0000,0.0000,1.9233,50.5087,37.8269,0.0000,0.0082,0.0000
829,1796,22,303,0.7711,0.0617,169.5845,183.4496,221525.4688,26.2298,0,0,0,0,0,0,0,0,0,0,0,0,0,0.9992,0.0342,4.0016,0.1360,69.9822,2.4011,0.9991,0.0145,3.9769,0.0530,74.7071,1.0949,0.0000,0.0000,0.9544,65.0106,0.0000,0.0000,1.9233,50.5087,37.8269,0.0000,0.0082,0.0000
830,1799,22,303,0.7713,0.0617,166.9623,184.0597,221753.7188,26.2298,0,0,0,0,0,0,0,0,0,0,0,0,0,0.9993,0.0342,4.0019,0.1361,69.9810,2.4001,0.9991,0.0145,3.9769,0.0530,74.7071,1.0949,0.0000,0.0000,0.9334,64.0423,0.0128,0.0000,1.9466,50.5098,37.8349,0.0000,0.0082,0.0000
831,1801,22,303,0.7715,0.0618,166.9583,184.0597,222113.8594,26.2298,0,0,0,0,0,0,0,0,0,0,0,0,0,0.9993,0.0342,4.0018,0.1361,69.9827,2.3994,0.9991,0.0145,3.9769,0.0530,74.7071,1.0949,0.0000,0.0000,0.9334,64.0408,0.0000,0.0000,1.9466,50.5098,37.8349,0.0000,0.0082,0.0000
832,1814,22,303,0.7717,0.0618,166.9542,184.0597,222479.5000,26.2298,0,0,0,0,0,0,0,0,0,0,0,0,0,0.9993,0.0342,4.0020,0.1361,69.9915,2.4003,0.9991,0.0145,3.9769,0.0530,74.7071,1.0949,0.0000,0.0000,0.9334,64.0393,0.0000,0.0000,1.9466,50.5098,37.8349,0.0000,0.0082,0.0000
833,1815,22,303,0.7718,0.0619,166.9500,184.0597,222845.2656,26.2298,0,0,0,0,0,0,0,0,0,0,0,0,0,0.9993,0.0342,4.0020,0.1361,69.9920,2.3997,0.9991,0.0145,3.9769,0.0530,74.7071,1.0949,0.0000,0.0000,0.9334,64.0377,0.0000,0.0000,1.9466,50.5098,37.8349,0.0000,0.0082,0.0000
834,1819,22,303,0.7720,0.0619,166.9459,184.0597,223215.1719,26.2298,0,0,0,0,0,0,0,0,0,0,0,0,0,0.9993,0.0342,4.0021,0.1362,69.9911,2.4026,0.9991,0.0145,3.9769,0.0530,74.7071,1.0949,0.0000,0.0000,0.9334,64.0362,0.0000,0.0000,1.9466,50.5098,37.8349,0.0000,0.0082,0.0000
835,1824,22,303,0.7722,0.0619,166.9420,184.0597,223590.1562,26.2298,0,0,0,0,0,0,0,0,0,0,0,0,0,0.9993,0.0342,4.0019,0.1361,69.9890,2.4012,0.9991,0.0145,3.9769,0.0530,74.7071,1.0949,0.0000,0.0000,0.9334,64.0348,0.0000,0.0000,1.9466,50.5098,37.8349,0.0000,0.0082,0.0000
836,1824,22,303,0.7724,0.0619,166.9377,184.0597,223966.2188,26.2298,0,0,0,0,0,0,0,0,0,0,0,0,0,0.9993,0.0342,4.0019,0.1361,69.9890,2.4012,0.9991,0.0145,3.9769,0.0530,74.7071,1.0949,0.0000,0.0000,0.9334,64.0332,0.0000,0.0000,1.9466,50.5098,37.8349,0.0000,0.0082,0.0000
837,1825,22,303,0.7726,0.0620,166.9338,184.0597,224345.4844,26.2298,0,0,1,0,0,0,0,0,0,0,0,0,0,0.9992,0.0342,4.0019,0.1361,69.9891,2.4011,0.9991,0.0145,3.9769,0.0530,74.7071,1.0949,0.0000,0.0000,0.9334,64.0317,0.0000,0.0000,1.9466,50.5098,37.8349,0.0000,0.0082,0.0000
838,1829,22,303,0.7728,0.0620,166.9296,184.0597,224712.2812,26.2298,0,0,0,0,0,0,0,0,0,0,0,0,0,0.9991,0.0343,4.0019,0.1360,69.9983,2.4101,0.9991,0.0145,3.9769,0.0530,74.7071,1.0949,0.0000,0.0000,0.9334,64.0302,0.0000,0.0000,1.9466,50.5098,37.8349,0.0000,0.0082,0.0000
839,1831,22,303,0.7729,0.0620,166.9259,184.0597,225085.0938,26.2298,0,0,1,0,0,0,0,0,0,0,0,0,0,0.9991,0.0343,4.0019,0.1360,69.9997,2.4094,0.9991,0.0145,3.9769,0.0530,74.7071,1.0949,0.0000,0.0000,0.9334,64.0288,0.0000,0.0000,1.9466,50.5098,37.8349,0.0000,0.0082,0.0000
840,1840,22,303,0.7731,0.0621,164.3008,184.6456,225314.4219,26.2298,0,0,0,0,0,0,0,0,0,0,0,0,0,0.9992,0.0343,4.0024,0.1360,69.9983,2.4139,0.9991,0.0145,3.9769,0.0530,74.7071,1.0949,0.0000,0.0000,0.9134,63.0591,0.0128,0.0000,1.9694,50.5109,37.8427,0.0000,0.0082,0.0000
841,1843,22,303,0.7733,0.0621,164.2969,184.6456,225675.4688,26.2298,0,0,0,0,0,0,0,0,0,0,0,0,0,0.9992,0.0343,4.0024,0.1359,69.9947,2.4137,0.9991,0.0145,3.9769,0.0530,74.7071,1.0949,0.0000,0.0000,0.9134,63.0576,0.0000,0.0000,1.9694,50.5109,37.8427,0.0000,0.0082,0.0000
842,1843,23,303,0.7735,0.0621,164.2928,184.6456,226042.0312,26.2298,0,0,0,0,0,0,0,0,0,0,0,0,0,0.9992,0.0343,4.0024,0.1359,69.9947,2.4137,0.9973,0.0164,3.9736,0.0542,74.8817,1.3483,0.0000,0.0000,0.9134,63.0561,0.0000,0.0000,1.9694,50.5109,37.8427,0.0000,0.0082,0.0000
843,1850,23,303,0.7737,0.0622,164.2888,184.6456,226408.7656,26.2298,0,0,0,0,0,0,0,0,0,0,0,0,0,0.9993,0.0344,4.0021,0.1360,69.9948,2.4189,0.9973,0.0164,3.9736,0.0542,74.8817,1.3483,0.0000,0.0000,0.9134,63.0546,0.0000,0.0000,1.9694,50.5109,37.8427,0.0000,0.0082,0.0000
844,1850,23,303,0.7739,0.0622,164.2847,184.6456,226779.5781,26.2298,0,0,0,0,0,0,0,0,0,0,0,0,0,0.9993,0.0344,4.0021,0.1360,69.9948,2.4189,0.9973,0.0164,3.9736,0.0542,74.8817,1.3483,0.0000,0.0000,0.9134,63.0532,0.0000,0.0000,1.9694,50.5109,37.8427,0.0000,0.0082,0.0000
845,1854,23,303,0.7740,0.0622,164.2810,184.6456,227155.4531,26.2298,0,0,0,0,0,0,0,0,0,0,0,0,0,0.9993,0.0344,4.0020,0.1360,69.9976,2.4197,0.9973,0.0164,3.9736,0.0542,74.8817,1.3483,0.0000,0.0000,0.9134,63.0517,0.0000,0.0000,1.9694,50.5109,37.8427,0.0000,0.0082,0.0000
846,1862,23,303,0.7742,0.0623,164.2767,184.6456,227532.5156,26.2298,0,0,0,0,0,0,0,0,0,0,0,0,0,0.9992,0.0345,4.0021,0.1358,69.9963,2.4220,0.9973,0.0164,3.9736,0.0542,74.8817,1.3483,0.0000,0.0000,0.9134,63.0502,0.0000,0.0000,1.9694,50.5109,37.8427,0.0000,0.0082,0.0000
847,1870,23,303,0.7744,0.0623,164.2730,184.6456,227897.6719,26.2298,0,0,0,0,0,0,0,0,0,0,0,0,0,0.9991,0.0344,4.0020,0.1358,69.9965,2.4267,0.9973,0.0164,3.9736,0.0542,74.8817,1.3483,0.0000,0.0000,0.9134,63.0488,0.0000,0.0000,1.9694,50.5109,37.8427,0.0000,0.0082,0.0000
848,1877,23,303,0.7746,0.0623,164.2689,184.6456,228265.4688,26.2298,0,0,0,0,0,0,0,0,0,0,0,0,0,0.9990,0.0344,4.0025,0.1362,70.0023,2.4263,0.9973,0.0164,3.9736,0.0542,74.8817,1.3483,0.0000,0.0000,0.9134,63.0473,0.0000,0.0000,1.9694,50.5109,37.8427,0.0000,0.0082,0.0000
849,1881,23,303,0.7748,0.0623,164.2652,184.6456,228624.1875,26.2298,0,0,0,0,0,0,0,0,0,0,0,0,0,0.9989,0.0345,4.0024,0.1362,70.0015,2.4280,0.9973,0.0164,3.9736,0.0542,74.8817,1.3483,0.0000,0.0000,0.9134,63.0459,0.0000,0.0000,1.9694,50.5109,37.8427,0.0000,0.0082,0.0000
850,1887,23,316,0.7749,0.0624,161.5814,185.0522,228854.6875,26.2298,0,0,0,0,0,0,0,0,0,0,0,0,0,0.9989,0.0345,4.0022,0.1363,70.0018,2.4324,0.9973,0.0164,3.9736,0.0542,74.8817,1.3483,0.0000,0.0000,0.8943,62.0534,0.0127,0.0000,1.9910,50.5117,37.8475,0.0000,0.0082,0.0000
851,1890,23,316,0.7751,0.0624,161.5776,185.0522,229216.5938,26.2298,0,0,0,0,0,0,0,0,0,0,0,0,0,0.9988,0.0345,4.0021,0.1362,70.0000,2.4321,0.9973,0.0164,3.9736,0.0542,74.8817,1.3483,0.0000,0.0000,0.8943,62.0520,0.0000,0.0000,1.9910,50.5117,37.8475,0.0000,0.0082,0.0000
852,1893,23,316,0.7753,0.0624,161.5736,185.0522,229584.0469,26.2298,0,0,0,0,0,0,0,0,0,0,0,0,0,0.9988,0.0345,4.0019,0.1364,69.9973,2.4328,0.9973,0.0164,3.9736,0.0542,74.8817,1.3483,0.0000,0.0000,0.8943,62.0505,0.0000,0.0000,1.9910,50.5117,37.8475,0.0000,0.0082,0.0000
853,1894,23,316,0.7754,0.0625,161.5696,185.0522,229951.7188,26.2298,0,0,0,0,0,0,0,0,0,0,0,0,0,0.9988,0.0345,4.0019,0.1363,69.9954,2.4335,0.9973,0.0164,3.9736,0.0542,74.8817,1.3483,0.0000,0.0000,0.8943,62.0490,0.0000,0.0000,1.9910,50.5117,37.8475,0.0000,0.0082,0.0000
854,1895,23,316,0.7756,0.0625,161.5657,185.0522,230323.4375,26.2298,0,0,0,0,0,0,0,0,0,0,0,0,0,0.9988,0.0345,4.0020,0.1363,69.9933,2.4345,0.9973,0.0164,3.9736,0.0542,74.8817,1.3483,0.0000,0.0000,0.8943,62.0476,0.0000,0.0000,1.9910,50.5117,37.8475,0.0000,0.0082,0.0000
855,1897,23,316,0.7758,0.0625,161.5620,185.0522,230700.1719,26.2298,0,0,0,0,0,0,0,0,0,0,0,0,0,0.9988,0.0345,4.0019,0.1364,69.9906,2.4346,0.9973,0.0164,3.9736,0.0542,74.8817,1.3483,0.0000,0.0000,0.8943,62.0462,0.0000,0.0000,1.9910,50.5117,37.8475,0.0000,0.0082,0.0000
856,1898,23,316,0.7760,0.0626,161.5579,185.0522,231093.2188,26.2298,0,0,1,0,0,0,0,0,0,0,0,0,0,0.9988,0.0345,4.0020,0.1365,69.9885,2.4370,0.9973,0.0164,3.9736,0.0542,74.8817,1.3483,0.0000,0.0000,0.8943,62.0447,0.0000,0.0000,1.9910,50.5117,37.8475,0.0000,0.0082,0.0000
857,1901,23,316,0.7761,0.0626,161.5542,185.0522,231459.2500,26.2298,0,0,0,0,0,0,0,0,0,0,0,0,0,0.9988,0.0345,4.0020,0.1367,69.9846,2.4391,0.9973,0.0164,3.9736,0.0542,74.8817,1.3483,0.0000,0.0000,0.8943,62.0433,0.0000,0.0000,1.9910,50.5117,37.8475,0.0000,0.0082,0.0000
858,1901,23,316,0.7763,0.0626,161.5502,185.0522,231827.9531,26.2298,0,0,0,0,0,0,0,0,0,0,0,0,0,0.9988,0.0345,4.0020,0.1367,69.9846,2.4391,0.9973,0.0164,3.9736,0.0542,74.8817,1.3483,0.0000,0.0000,0.8943,62.0418,0.0000,0.0000,1.9910,50.5117,37.8475,0.0000,0.0082,0.0000
859,1909,23,316,0.7765,0.0626,161.5466,185.0522,232187.5156,26.2298,0,0,0,0,0,0,0,0,0,0,0,0,0,0.9989,0.0345,4.0023,0.1370,69.9784,2.4427,0.9973,0.0164,3.9736,0.0542,74.8817,1.3483,0.0000,0.0000,0.8943,62.0405,0.0000,0.0000,1.9910,50.5117,37.8475,0.0000,0.0082,0.0000
860,1917,23,316,0.7767,0.0627,158.9137,185.5974,232419.1875,26.2298,0,0,0,0,0,0,0,0,0,0,0,0,0,0.9990,0.0345,4.0023,0.1370,69.9800,2.4433,0.9973,0.0164,3.9736,0.0542,74.8817,1.3483,0.0000,0.0000,0.8762,61.0677,0.0123,0.0000,2.0129,50.5127,37.8547,0.0000,0.0082,0.0000
861,1921,23,316,0.7768,0.0627,158.9100,185.5974,232781.9375,26.2298,0,0,0,0,0,0,0,0,0,0,0,0,0,0.9989,0.0345,4.0024,0.1371,69.9869,2.4511,0.9973,0.0164,3.9736,0.0542,74.8817,1.3483,0.0000,0.0000,0.8762,61.0664,0.0000,0.0000,2.0129,50.5127,37.8547,0.0000,0.0082,0.0000
862,1927,23,316,0.7770,0.0627,158.9061,185.5974,233150.2969,26.2298,0,0,0,0,0,0,0,0,0,0,0,0,0,0.9990,0.0345,4.0023,0.1371,69.9869,2.4530,0.9973,0.0164,3.9736,0.0542,74.8817,1.3483,0.0000,0.0000,0.8762,61.0649,0.0000,0.0000,2.0129,50.5127,37.8547,0.0000,0.0082,0.0000
863,1929,23,316,0.7772,0.0628,158.9023,185.5974,233518.8750,26.2298,0,0,0,0,0,0,0,0,0,0,0,0,0,0.9990,0.0345,4.0025,0.1371,69.9861,2.4547,0.9973,0.0164,3.9736,0.0542,74.8817,1.3483,0.0000,0.0000,0.8762,61.0635,0.0000,0.0000,2.0129,50.5127,37.8547,0.0000,0.0082,0.0000
864,1933,23,316,0.7773,0.0628,158.8985,185.5974,233891.4688,26.2298,0,0,0,0,0,0,0,0,0,0,0,0,0,0.9990,0.0345,4.0022,0.1372,69.9838,2.4533,0.9973,0.0164,3.9736,0.0542,74.8817,1.3483,0.0000,0.0000,0.8762,61.0621,0.0000,0.0000,2.0129,50.5127,37.8547,0.0000,0.0082,0.0000
865,1933,23,316,0.7775,0.0628,158.8948,185.5974,234269.0625,26.2298,0,0,0,0,0,0,0,0,0,0,0,0,0,0.9990,0.0345,4.0022,0.1372,69.9838,2.4533,0.9973,0.0164,3.9736,0.0542,74.8817,1.3483,0.0000,0.0000,0.8762,61.0607,0.0000,0.0000,2.0129,50.5127,37.8547,0.0000,0.0082,0.0000
866,1937,23,316,0.7777,0.0629,158.8908,185.5974,234648.0625,26.2298,0,0,0,0,0,0,0,0,0,0,0,0,0,0.9990,0.0345,4.0023,0.1372,69.9838,2.4556,0.9973,0.0164,3.9736,0.0542,74.8817,1.3483,0.0000,0.0000,0.8762,61.0593,0.0000,0.0000,2.0129,50.5127,37.8547,0.0000,0.0082,0.0000
867,1943,23,316,0.7778,0.0629,158.8872,185.5974,235014.9375,26.2298,0,0,0,0,0,0,0,0,0,0,0,0,0,0.9990,0.0345,4.0019,0.1374,69.9761,2.4582,0.9973,0.0164,3.9736,0.0542,74.8817,1.3483,0.0000,0.0000,0.8762,61.0579,0.0000,0.0000,2.0129,50.5127,37.8547,0.0000,0.0082,0.0000
868,1944,23,316,0.7780,0.0629,158.8833,185.5974,235384.5312,26.2298,0,0,0,0,0,0,0,0,0,0,0,0,0,0.9991,0.0345,4.0018,0.1374,69.9743,2.4588,0.9973,0.0164,3.9736,0.0542,74.8817,1.3483,0.0000,0.0000,0.8762,61.0565,0.0000,0.0000,2.0129,50.5127,37.8547,0.0000,0.0082,0.0000
869,1944,23,316,0.7782,0.0630,158.8798,185.5974,235744.9219,26.2298,0,0,0,0,0,0,0,0,0,0,0,0,0,0.9991,0.0345,4.0018,0.1374,69.9743,2.4588,0.9973,0.0164,3.9736,0.0542,74.8817,1.3483,0.0000,0.0000,0.8762,61.0552,0.0000,0.0000,2.0129,50.5127,37.8547,0.0000,0.0082,0.0000
870,1944,23,316,0.7784,0.0630,156.2434,186.1207,235977.7969,26.2298,0,0,0,0,0,0,0,0,0,0,0,0,0,0.9991,0.0345,4.0018,0.1374,69.9743,2.4588,0.9973,0.0164,3.9736,0.0542,74.8817,1.3483,0.0000,0.0000,0.8585,60.0810,0.0123,0.0000,2.0345,50.5137,37.8616,0.0000,0.0082,0.0000
871,1946,23,316,0.7785,0.0630,156.2398,186.1207,236356.3906,26.2298,0,0,1,0,0,0,0,0,0,0,0,0,0,0.9990,0.0345,4.0018,0.1373,69.9808,2.4572,0.9973,0.0164,3.9736,0.0542,74.8817,1.3483,0.0000,0.0000,0.8585,60.0797,0.0000,0.0000,2.0345,50.5137,37.8616,0.0000,0.0082,0.0000
872,1952,23,316,0.7787,0.0631,156.2360,186.1207,236725.6250,26.2298,0,0,0,0,0,0,0,0,0,0,0,0,0,0.9990,0.0345,4.0015,0.1374,69.9813,2.4561,0.9973,0.0164,3.9736,0.0542,74.8817,1.3483,0.0000,0.0000,0.8585,60.0783,0.0000,0.0000,2.0345,50.5137,37.8616,0.0000,0.0082,0.0000
873,1953,23,316,0.7788,0.0631,156.2323,186.1207,237095.0938,26.2298,0,0,0,0,0,0,0,0,0,0,0,0,0,0.9990,0.0345,4.0016,0.1373,69.9820,2.4557,0.9973,0.0164,3.9736,0.0542,74.8817,1.3483,0.0000,0.0000,0.8585,60.0769,0.0000,0.0000,2.0345,50.5137,37.8616,0.0000,0.0082,0.0000
874,1957,23,316,0.7790,0.0631,156.2285,186.1207,237468.5312,26.2298,0,0,0,0,0,0,0,0,0,0,0,0,0,0.9991,0.0345,4.0019,0.1375,69.9845,2.4556,0.9973,0.0164,3.9736,0.0542,74.8817,1.3483,0.0000,0.0000,0.8585,60.0755,0.0000,0.0000,2.0345,50.5137,37.8616,0.0000,0.0082,0.0000
875,1958,23,316,0.7792,0.0631,156.2250,186.1207,237846.9688,26.2298,0,0,0,0,0,0,0,0,0,0,0,0,0,0.9991,0.0345,4.0020,0.1374,69.9830,2.4559,0.9973,0.0164,3.9736,0.0542,74.8817,1.3483,0.0000,0.0000,0.8585,60.0742,0.0000,0.0000,2.0345,50.5137,37.8616,0.0000,0.0082,0.0000
876,1960,23,316,0.7793,0.0632,156.2211,186.1207,238226.9062,26.2298,0,0,0,0,0,0,0,0,0,0,0,0,0,0.9990,0.0346,4.0019,0.1375,69.9839,2.4553,0.9973,0.0164,3.9736,0.0542,74.8817,1.3483,0.0000,0.0000,0.8585,60.0727,0.0000,0.0000,2.0345,50.5137,37.8616,0.0000,0.0082,0.0000
877,1964,23,316,0.7795,0.0632,156.2175,186.1207,238594.5938,26.2298,0,0,0,0,0,0,0,0,0,0,0,0,0,0.9991,0.0346,4.0018,0.1378,69.9854,2.4544,0.9973,0.0164,3.9736,0.0542,74.8817,1.3483,0.0000,0.0000,0.8585,60.0714,0.0000,0.0000,2.0345,50.5137,37.8616,0.0000,0.0082,0.0000
878,1970,23,316,0.7797,0.0632,156.2137,186.1207,238965.1094,26.2298,0,0,0,0,0,0,0,0,0,0,0,0,0,0.9991,0.0346,4.0023,0.1382,69.9929,2.4610,0.9973,0.0164,3.9736,0.0542,74.8817,1.3483,0.0000,0.0000,0.8585,60.0700,0.0000,0.0000,2.0345,50.5137,37.8616,0.0000,0.0082,0.0000
879,1974,23,316,0.7798,0.0633,156.2103,186.1207,239326.2969,26.2298,0,0,0,0,0,0,0,0,0,0,0,0,0,0.9991,0.0346,4.0021,0.1382,69.9908,2.4604,0.9973,0.0164,3.9736,0.0542,74.8817,1.3483,0.0000,0.0000,0.8585,60.0687,0.0000,0.0000,2.0345,50.5137,37.8616,0.0000,0.0082,0.0000
880,1974,23,316,0.7800,0.0633,153.5712,186.6230,239560.4375,26.2298,0,0,0,0,0,0,0,0,0,0,0,0,0,0.9991,0.0346,4.0021,0.1382,69.9908,2.4604,0.9973,0.0164,3.9736,0.0542,74.8817,1.3483,0.0000,0.0000,0.8415,59.0933,0.0122,0.0000,2.0555,50.5147,37.8683,0.0000,0.0082,0.0000
881,1974,23,316,0.7802,0.0633,153.5677,186.6230,239924.8438,26.2298,0,0,0,0,0,0,0,0,0,0,0,0,0,0.9991,0.0346,4.0021,0.1382,69.9908,2.4604,0.9973,0.0164,3.9736,0.0542,74.8817,1.3483,0.0000,0.0000,0.8415,59.0920,0.0000,0.0000,2.0555,50.5147,37.8683,0.0000,0.0082,0.0000
882,1974,23,316,0.7803,0.0634,153.5640,186.6230,240294.9844,26.2298,0,0,0,0,0,0,0,0,0,0,0,0,0,0.9991,0.0346,4.0021,0.1382,69.9908,2.4604,0.9973,0.0164,3.9736,0.0542,74.8817,1.3483,0.0000,0.0000,0.8415,59.0906,0.0000,0.0000,2.0555,50.5147,37.8683,0.0000,0.0082,0.0000
883,1982,23,316,0.7805,0.0634,153.5603,186.6230,240665.3281,26.2298,0,0,0,0,0,0,0,0,0,0,0,0,0,0.9991,0.0346,4.0021,0.1381,69.9939,2.4598,0.9973,0.0164,3.9736,0.0542,74.8817,1.3483,0.0000,0.0000,0.8415,59.0893,0.0000,0.0000,2.0555,50.5147,37.8683,0.0000,0.0082,0.0000
884,1985,23,316,0.7806,0.0634,153.5567,186.6230,241039.6250,26.2298,0,0,0,0,0,0,0,0,0,0,0,0,0,0.9991,0.0346,4.0020,0.1384,69.9992,2.4631,0.9973,0.0164,3.9736,0.0542,74.8817,1.3483,0.0000,0.0000,0.8415,59.0880,0.0000,0.0000,2.0555,50.5147,37.8683,0.0000,0.0082,0.0000
885,1986,23,316,0.7808,0.0635,153.5532,186.6230,241418.8594,26.2298,0,0,0,0,0,0,0,0,0,0,0,0,0,0.9991,0.0346,4.0020,0.1384,70.0023,2.4664,0.9973,0.0164,3.9736,0.0542,74.8817,1.3483,0.0000,0.0000,0.8415,59.0867,0.0000,0.0000,2.0555,50.5147,37.8683,0.0000,0.0082,0.0000
886,1990,23,316,0.7810,0.0635,153.5494,186.6230,241799.6719,26.2298,0,0,0,0,0,0,0,0,0,0,0,0,0,0.9991,0.0346,4.0021,0.1384,70.0039,2.4651,0.9973,0.0164,3.9736,0.0542,74.8817,1.3483,0.0000,0.0000,0.8415,59.0853,0.0000,0.0000,2.0555,50.5147,37.8683,0.0000,0.0082,0.0000
887,1991,23,316,0.7811,0.0635,153.5460,186.6230,242168.2188,26.2298,0,0,0,0,0,0,0,0,0,0,0,0,0,0.9990,0.0346,4.0022,0.1384,70.0063,2.4668,0.9973,0.0164,3.9736,0.0542,74.8817,1.3483,0.0000,0.0000,0.8415,59.0840,0.0000,0.0000,2.0555,50.5147,37.8683,0.0000,0.0082,0.0000
888,1994,23,316,0.7813,0.0635,153.5423,186.6230,242539.6406,26.2298,0,0,0,0,0,0,0,0,0,0,0,0,0,0.9991,0.0346,4.0020,0.1385,70.0065,2.4665,0.9973,0.0164,3.9736,0.0542,74.8817,1.3483,0.0000,0.0000,0.8415,59.0826,0.0000,0.0000,2.0555,50.5147,37.8683,0.0000,0.0082,0.0000
889,2001,23,316,0.7814,0.0636,153.5390,186.6230,242901.6094,26.2298,0,0,0,0,0,0,0,0,0,0,0,0,0,0.9990,0.0346,4.0020,0.1386,70.0066,2.4671,0.9973,0.0164,3.9736,0.0542,74.8817,1.3483,0.0000,0.0000,0.8415,59.0814,0.0000,0.0000,2.0555,50.5147,37.8683,0.0000,0.0082,0.0000
890,2017,23,316,0.7816,0.0636,150.8983,187.1052,243137.0469,26.2298,0,0,0,0,0,0,0,0,0,0,0,0,0,0.9989,0.0346,4.0020,0.1389,70.0039,2.4714,0.9973,0.0164,3.9736,0.0542,74.8817,1.3483,0.0000,0.0000,0.8251,58.1050,0.0119,0.0000,2.0762,50.5156,37.8747,0.0000,0.0082,0.0000
891,2022,23,316,0.7818,0.0636,150.8949,187.1052,243502.2656,26.2298,0,0,0,0,0,0,0,0,0,0,0,0,0,0.9989,0.0346,4.0019,0.1390,70.0082,2.4720,0.9973,0.0164,3.9736,0.0542,74.8817,1.3483,0.0000,0.0000,0.8251,58.1037,0.0000,0.0000,2.0762,50.5156,37.8747,0.0000,0.0082,0.0000
892,2035,23,316,0.7819,0.0637,150.8913,187.1052,243873.2500,26.2298,0,0,0,0,0,0,0,0,0,0,0,0,0,0.9989,0.0346,4.0020,0.1394,70.0162,2.4733,0.9973,0.0164,3.9736,0.0542,74.8817,1.3483,0.0000,0.0000,0.8251,58.1024,0.0000,0.0000,2.0762,50.5156,37.8747,0.0000,0.0082,0.0000
893,2041,23,316,0.7820,0.0637,150.8877,187.1052,244244.4219,26.2298,0,0,0,0,0,0,0,0,0,0,0,0,0,0.9988,0.0347,4.0020,0.1394,70.0152,2.4734,0.9973,0.0164,3.9736,0.0542,74.8817,1.3483,0.0000,0.0000,0.8251,58.1010,0.0000,0.0000,2.0762,50.5156,37.8747,0.0000,0.0082,0.0000
894,2048,23,316,0.7822,0.0637,150.8841,187.1052,244634.5469,26.2298,0,0,1,0,0,0,0,0,0,0,0,0,0,0.9990,0.0347,4.0022,0.1398,70.0104,2.4743,0.9973,0.0164,3.9736,0.0542,74.8817,1.3483,0.0000,0.0000,0.8251,58.0997,0.0000,0.0000,2.0762,50.5156,37.8747,0.0000,0.0082,0.0000
895,2050,23,316,0.7823,0.0638,150.8808,187.1052,245014.5312,26.2298,0,0,0,0,0,0,0,0,0,0,0,0,0,0.9990,0.0347,4.0023,0.1397,70.0114,2.4747,0.9973,0.0164,3.9736,0.0542,74.8817,1.3483,0.0000,0.0000,0.8251,58.0985,0.0000,0.0000,2.0762,50.5156,37.8747,0.0000,0.0082,0.0000
896,2054,23,316,0.7825,0.0638,150.8770,187.1052,245396.1875,26.2298,0,0,0,0,0,0,0,0,0,0,0,0,0,0.9991,0.0347,4.0026,0.1399,70.0134,2.4772,0.9973,0.0164,3.9736,0.0542,74.8817,1.3483,0.0000,0.0000,0.8251,58.0971,0.0000,0.0000,2.0762,50.5156,37.8747,0.0000,0.0082,0.0000
897,2060,23,316,0.7826,0.0638,150.8737,187.1052,245765.5469,26.2298,0,0,0,0,0,0,0,0,0,0,0,0,0,0.9991,0.0348,4.0028,0.1399,70.0115,2.4780,0.9973,0.0164,3.9736,0.0542,74.8817,1.3483,0.0000,0.0000,0.8251,58.0958,0.0000,0.0000,2.0762,50.5156,37.8747,0.0000,0.0082,0.0000
898,2067,23,316,0.7828,0.0639,150.8701,187.1052,246137.8281,26.2298,0,0,0,0,0,0,0,0,0,0,0,0,0,0.9991,0.0348,4.0029,0.1398,70.0115,2.4855,0.9973,0.0164,3.9736,0.0542,74.8817,1.3483,0.0000,0.0000,0.8251,58.0945,0.0000,0.0000,2.0762,50.5156,37.8747,0.0000,0.0082,0.0000
899,2072,23,316,0.7829,0.0639,150.8669,187.1052,246500.5469,26.2298,0,0,0,0,0,0,0,0,0,0,0,0,0,0.9991,0.0348,4.0031,0.1401,70.0120,2.4866,0.9973,0.0164,3.9736,0.0542,74.8817,1.3483,0.0000,0.0000,0.8251,58.0933,0.0000,0.0000,2.0762,50.5156,37.8747,0.0000,0.0082,0.0000
900,2073,23,325,0.7831,0.0639,148.1764,187.4175,246752.3750,26.7779,0,0,1,0,0,0,0,0,0,0,0,0,0,0.9990,0.0348,4.0031,0.1402,70.0088,2.4882,0.9973,0.0164,3.9736,0.0542,74.8817,1.3483,0.0000,0.0000,0.8089,57.0974,0.0119,0.0000,2.0955,50.5162,37.8781,0.0000,0.0082,0.0000
901,2076,23,325,0.7832,0.0639,148.1731,187.4175,247118.2969,26.7779,0,0,0,0,0,0,0,0,0,0,0,0,0,0.9990,0.0348,4.0030,0.1401,70.0080,2.4877,0.9973,0.0164,3.9736,0.0542,74.8817,1.3483,0.0000,0.0000,0.8089,57.0961,0.0000,0.0000,2.0955,50.5162,37.8781,0.0000,0.0082,0.0000
902,2079,23,325,0.7834,0.0640,148.1695,187.4175,247490.0781,26.7779,0,0,0,0,0,0,0,0,0,0,0,0,0,0.9990,0.0348,4.0033,0.1404,70.0047,2.4898,0.9973,0.0164,3.9736,0.0542,74.8817,1.3483,0.0000,0.0000,0.8089,57.0948,0.0000,0.0000,2.0955,50.5162,37.8781,0.0000,0.0082,0.0000
903,2078,23,325,0.7835,0.0640,148.1661,187.4175,247876.9688,26.7779,0,0,1,0,0,0,0,0,0,0,0,0,0,0.9990,0.0348,4.0034,0.1404,70.0047,2.4904,0.9973,0.0164,3.9736,0.0542,74.8817,1.3483,0.0000,0.0000,0.8089,57.0935,0.0000,0.0000,2.0955,50.5162,37.8781,0.0000,0.0082,0.0000
904,2081,23,325,0.7836,0.0641,148.1626,187.4175,248252.8281,26.7779,0,0,0,0,0,0,0,0,0,0,0,0,0,0.9990,0.0348,4.0036,0.1404,70.0094,2.4921,0.9973,0.0164,3.9736,0.0542,74.8817,1.3483,0.0000,0.0000,0.8089,57.0923,0.0000,0.0000,2.0955,50.5162,37.8781,0.0000,0.0082,0.0000
905,2081,23,325,0.7838,0.0641,148.1593,187.4175,248633.4844,26.7779,0,0,0,0,0,0,0,0,0,0,0,0,0,0.9990,0.0348,4.0036,0.1404,70.0094,2.4921,0.9973,0.0164,3.9736,0.0542,74.8817,1.3483,0.0000,0.0000,0.8089,57.0910,0.0000,0.0000,2.0955,50.5162,37.8781,0.0000,0.0082,0.0000
906,2088,23,325,0.7839,0.0641,148.1557,187.4175,249015.9688,26.7779,0,0,0,0,0,0,0,0,0,0,0,0,0,0.9990,0.0350,4.0032,0.1405,70.0174,2.4953,0.9973,0.0164,3.9736,0.0542,74.8817,1.3483,0.0000,0.0000,0.8089,57.0897,0.0000,0.0000,2.0955,50.5162,37.8781,0.0000,0.0082,0.0000
907,2089,23,325,0.7841,0.0641,148.1524,187.4175,249386.0469,26.7779,0,0,0,0,0,0,0,0,0,0,0,0,0,0.9990,0.0350,4.0032,0.1404,70.0182,2.4950,0.9973,0.0164,3.9736,0.0542,74.8817,1.3483,0.0000,0.0000,0.8089,57.0885,0.0000,0.0000,2.0955,50.5162,37.8781,0.0000,0.0082,0.0000
908,2089,23,325,0.7842,0.0642,148.1489,187.4175,249759.1562,26.7779,0,0,0,0,0,0,0,0,0,0,0,0,0,0.9990,0.0350,4.0032,0.1404,70.0182,2.4950,0.9973,0.0164,3.9736,0.0542,74.8817,1.3483,0.0000,0.0000,0.8089,57.0872,0.0000,0.0000,2.0955,50.5162,37.8781,0.0000,0.0082,0.0000
909,2091,23,325,0.7843,0.0642,148.1458,187.4175,250122.5781,26.7779,0,0,0,0,0,0,0,0,0,0,0,0,0,0.9989,0.0350,4.0032,0.1404,70.0179,2.4946,0.9973,0.0164,3.9736,0.0542,74.8817,1.3483,0.0000,0.0000,0.8089,57.0860,0.0000,0.0000,2.0955,50.5162,37.8781,0.0000,0.0082,0.0000
910,2092,23,325,0.7845,0.0642,145.4724,187.8801,250357.9844,26.7779,0,0,0,0,0,0,0,0,0,0,0,0,0,0.9989,0.0350,4.0030,0.1405,70.0180,2.4940,0.9973,0.0164,3.9736,0.0542,74.8817,1.3483,0.0000,0.0000,0.7930,56.0970,0.0119,0.0000,2.1158,50.5171,37.8844,0.0000,0.0082,0.0000
911,2093,23,325,0.7846,0.0642,145.4691,187.8801,250724.6406,26.7779,0,0,0,0,0,0,0,0,0,0,0,0,0,0.9990,0.0350,4.0031,0.1405,70.0174,2.4936,0.9973,0.0164,3.9736,0.0542,74.8817,1.3483,0.0000,0.0000,0.7930,56.0958,0.0000,0.0000,2.1158,50.5171,37.8844,0.0000,0.0082,0.0000
912,2096,23,325,0.7848,0.0643,145.4657,187.8801,251097.2344,26.7779,0,0,0,0,0,0,0,0,0,0,0,0,0,0.9989,0.0350,4.0031,0.1404,70.0199,2.4953,0.9973,0.0164,3.9736,0.0542,74.8817,1.3483,0.0000,0.0000,0.7930,56.0945,0.0000,0.0000,2.1158,50.5171,37.8844,0.0000,0.0082,0.0000
913,2103,23,325,0.7849,0.0643,145.4623,187.8801,251469.8750,26.7779,0,0,0,0,0,0,0,0,0,0,0,0,0,0.9988,0.0350,4.0032,0.1405,70.0237,2.4946,0.9973,0.0164,3.9736,0.0542,74.8817,1.3483,0.0000,0.0000,0.7930,56.0932,0.0000,0.0000,2.1158,50.5171,37.8844,0.0000,0.0082,0.0000
914,2108,23,325,0.7851,0.0644,145.4589,187.8801,251846.4531,26.7779,0,0,0,0,0,0,0,0,0,0,0,0,0,0.9989,0.0350,4.0032,0.1406,70.0209,2.4955,0.9973,0.0164,3.9736,0.0542,74.8817,1.3483,0.0000,0.0000,0.7930,56.0920,0.0000,0.0000,2.1158,50.5171,37.8844,0.0000,0.0082,0.0000
915,2122,23,325,0.7852,0.0644,145.4557,187.8801,252227.8281,26.7779,0,0,0,0,0,0,0,0,0,0,0,0,0,0.9989,0.0352,4.0033,0.1413,70.0264,2.5128,0.9973,0.0164,3.9736,0.0542,74.8817,1.3483,0.0000,0.0000,0.7930,56.0908,0.0000,0.0000,2.1158,50.5171,37.8844,0.0000,0.0082,0.0000
916,2127,23,325,0.7853,0.0644,145.4521,187.8801,252611.1094,26.7779,0,0,0,0,0,0,0,0,0,0,0,0,0,0.9989,0.0352,4.0033,0.1413,70.0341,2.5224,0.9973,0.0164,3.9736,0.0542,74.8817,1.3483,0.0000,0.0000,0.7930,56.0894,0.0000,0.0000,2.1158,50.5171,37.8844,0.0000,0.0082,0.0000
917,2132,23,325,0.7855,0.0644,145.4489,187.8801,252981.9062,26.7779,0,0,0,0,0,0,0,0,0,0,0,0,0,0.9990,0.0352,4.0035,0.1413,70.0337,2.5240,0.9973,0.0164,3.9736,0.0542,74.8817,1.3483,0.0000,0.0000,0.7930,56.0882,0.0000,0.0000,2.1158,50.5171,37.8844,0.0000,0.0082,0.0000
918,2136,23,325,0.7856,0.0645,145.4455,187.8801,253355.8125,26.7779,0,0,0,0,0,0,0,0,0,0,0,0,0,0.9989,0.0352,4.0038,0.1415,70.0389,2.5312,0.9973,0.0164,3.9736,0.0542,74.8817,1.3483,0.0000,0.0000,0.7930,56.0870,0.0000,0.0000,2.1158,50.5171,37.8844,0.0000,0.0082,0.0000
919,2143,23,325,0.7858,0.0645,145.4425,187.8801,253719.9688,26.7779,0,0,0,0,0,0,0,0,0,0,0,0,0,0.9989,0.0353,4.0036,0.1414,70.0436,2.5379,0.9973,0.0164,3.9736,0.0542,74.8817,1.3483,0.0000,0.0000,0.7930,56.0858,0.0000,0.0000,2.1158,50.5171,37.8844,0.0000,0.0082,0.0000
920,2152,23,325,0.7859,0.0645,142.7700,188.3232,253956.8438,26.7779,0,0,0,0,0,0,0,0,0,0,0,0,0,0.9989,0.0352,4.0033,0.1417,70.0498,2.5417,0.9973,0.0164,3.9736,0.0542,74.8817,1.3483,0.0000,0.0000,0.7772,55.0965,0.0119,0.0000,2.1356,50.5180,37.8903,0.0000,0.0082,0.0000
921,2157,23,325,0.7860,0.0646,142.7668,188.3232,254324.2344,26.7779,0,0,0,0,0,0,0,0,0,0,0,0,0,0.9987,0.0352,4.0032,0.1417,70.0468,2.5478,0.9973,0.0164,3.9736,0.0542,74.8817,1.3483,0.0000,0.0000,0.7772,55.0953,0.0000,0.0000,2.1356,50.5180,37.8903,0.0000,0.0082,0.0000
922,2158,23,325,0.7862,0.0646,142.7634,188.3232,254712.6250,26.7779,0,0,1,0,0,0,0,0,0,0,0,0,0,0.9987,0.0353,4.0032,0.1417,70.0435,2.5490,0.9973,0.0164,3.9736,0.0542,74.8817,1.3483,0.0000,0.0000,0.7772,55.0941,0.0000,0.0000,2.1356,50.5180,37.8903,0.0000,0.0082,0.0000
923,2166,23,325,0.7863,0.0646,142.7601,188.3232,255101.0312,26.7779,0,0,1,0,0,0,0,0,0,0,0,0,0,0.9989,0.0353,4.0032,0.1418,70.0361,2.5520,0.9973,0.0164,3.9736,0.0542,74.8817,1.3483,0.0000,0.0000,0.7772,55.0928,0.0000,0.0000,2.1356,50.5180,37.8903,0.0000,0.0082,0.0000
924,2174,23,325,0.7864,0.0647,142.7568,188.3232,255478.3125,26.7779,0,0,0,0,0,0,0,0,0,0,0,0,0,0.9987,0.0355,4.0035,0.1418,70.0439,2.5558,0.9973,0.0164,3.9736,0.0542,74.8817,1.3483,0.0000,0.0000,0.7772,55.0916,0.0000,0.0000,2.1356,50.5180,37.8903,0.0000,0.0082,0.0000
925,2185,23,325,0.7865,0.0647,142.7537,188.3232,255860.3906,26.7779,0,0,0,0,0,0,0,0,0,0,0,0,0,0.9986,0.0355,4.0036,0.1417,70.0416,2.5577,0.9973,0.0164,3.9736,0.0542,74.8817,1.3483,0.0000,0.0000,0.7772,55.0904,0.0000,0.0000,2.1356,50.5180,37.8903,0.0000,0.0082,0.0000
926,2189,23,325,0.7867,0.0647,142.7502,188.3232,256244.4375,26.7779,0,0,0,0,0,0,0,0,0,0,0,0,0,0.9987,0.0356,4.0035,0.1417,70.0437,2.5578,0.9973,0.0164,3.9736,0.0542,74.8817,1.3483,0.0000,0.0000,0.7772,55.0892,0.0000,0.0000,2.1356,50.5180,37.8903,0.0000,0.0082,0.0000
927,2191,23,325,0.7868,0.0647,142.7472,188.3232,256615.9219,26.7779,0,0,0,0,0,0,0,0,0,0,0,0,0,0.9987,0.0356,4.0036,0.1417,70.0416,2.5577,0.9973,0.0164,3.9736,0.0542,74.8817,1.3483,0.0000,0.0000,0.7772,55.0880,0.0000,0.0000,2.1356,50.5180,37.8903,0.0000,0.0082,0.0000
928,2200,23,325,0.7869,0.0648,142.7438,188.3232,256990.5781,26.7779,0,0,0,0,0,0,0,0,0,0,0,0,0,0.9987,0.0357,4.0034,0.1418,70.0409,2.5576,0.9973,0.0164,3.9736,0.0542,74.8817,1.3483,0.0000,0.0000,0.7772,55.0868,0.0000,0.0000,2.1356,50.5180,37.8903,0.0000,0.0082,0.0000
929,2203,23,325,0.7870,0.0648,142.7408,188.3232,257370.4062,26.7779,0,0,1,0,0,0,0,0,0,0,0,0,0,0.9987,0.0357,4.0034,0.1419,70.0466,2.5619,0.9973,0.0164,3.9736,0.0542,74.8817,1.3483,0.0000,0.0000,0.7772,55.0857,0.0000,0.0000,2.1356,50.5180,37.8903,0.0000,0.0082,0.0000
930,2205,23,325,0.7872,0.0648,140.0694,188.7474,257608.6875,26.7779,0,0,0,0,0,0,0,0,0,0,0,2,0,0.9987,0.0356,4.0034,0.1419,70.0467,2.5609,0.9973,0.0164,3.9736,0.0542,74.8817,1.3483,0.0000,0.0000,0.7615,54.0961,0.0119,0.0000,2.1550,50.5188,37.8960,0.0000,0.0082,0.0000
931,2209,23,325,0.7873,0.0649,140.0663,188.7474,257991.7812,26.7779,0,0,1,0,0,0,0,0,0,0,0,2,0,0.9988,0.0357,4.0034,0.1418,70.0528,2.5641,0.9973,0.0164,3.9736,0.0542,74.8817,1.3483,0.0000,0.0000,0.7615,54.0949,0.0000,0.0000,2.1550,50.5188,37.8960,0.0000,0.0082,0.0000
932,2211,23,325,0.7874,0.0649,140.0630,188.7474,258365.8906,26.7779,0,0,0,0,0,0,0,0,0,0,0,2,0,0.9988,0.0357,4.0033,0.1418,70.0568,2.5667,0.9973,0.0164,3.9736,0.0542,74.8817,1.3483,0.0000,0.0000,0.7615,54.0937,0.0000,0.0000,2.1550,50.5188,37.8960,0.0000,0.0082,0.0000
933,2211,23,325,0.7857,0.0649,140.0598,188.7474,258863.0938,26.7779,0,0,2,0,0,0,0,0,0,0,0,0,2,0.9988,0.0356,4.0032,0.1420,70.0545,2.5664,0.9973,0.0164,3.9736,0.0542,74.8817,1.3483,0.0000,0.0000,0.7615,54.0925,0.0000,0.0000,2.1550,50.5188,37.8960,0.0000,0.0082,0.0000
934,2215,23,325,0.7858,0.0649,140.0566,188.7474,259241.0781,26.7779,0,0,0,0,0,0,0,0,0,0,0,0,2,0.9989,0.0357,4.0029,0.1422,70.0605,2.5696,0.9973,0.0164,3.9736,0.0542,74.8817,1.3483,0.0000,0.0000,0.7615,54.0913,0.0000,0.0000,2.1550,50.5188,37.8960,0.0000,0.0082,0.0000
935,2220,23,325,0.7860,0.0650,140.0535,188.7474,259623.5625,26.7779,0,0,0,0,0,0,0,0,0,0,0,0,2,0.9989,0.0358,4.0031,0.1426,70.0643,2.5702,0.9973,0.0164,3.9736,0.0542,74.8817,1.3483,0.0000,0.0000,0.7615,54.0901,0.0000,0.0000,2.1550,50.5188,37.8960,0.0000,0.0082,0.0000
936,2221,23,325,0.7861,0.0650,140.0502,188.7474,260008.3438,26.7779,0,0,0,0,0,0,0,0,0,0,0,0,2,0.9989,0.0358,4.0031,0.1425,70.0684,2.5768,0.9973,0.0164,3.9736,0.0542,74.8817,1.3483,0.0000,0.0000,0.7615,54.0889,0.0000,0.0000,2.1550,50.5188,37.8960,0.0000,0.0082,0.0000
937,2225,23,325,0.7862,0.0650,140.0471,188.7474,260380.4688,26.7779,0,0,0,0,0,0,0,0,0,0,0,0,2,0.9988,0.0358,4.0031,0.1426,70.0688,2.5764,0.9973,0.0164,3.9736,0.0542,74.8817,1.3483,0.0000,0.0000,0.7615,54.0877,0.0000,0.0000,2.1550,50.5188,37.8960,0.0000,0.0082,0.0000
938,2233,23,325,0.7863,0.0650,140.0439,188.7474,260755.8438,26.7779,0,0,0,0,0,0,0,0,0,0,0,0,2,0.9989,0.0359,4.0030,0.1427,70.0705,2.5779,0.9973,0.0164,3.9736,0.0542,74.8817,1.3483,0.0000,0.0000,0.7615,54.0865,0.0000,0.0000,2.1550,50.5188,37.8960,0.0000,0.0082,0.0000
939,2235,23,325,0.7865,0.0651,140.0410,188.7474,261121.2812,26.7779,0,0,0,0,0,0,0,0,0,0,0,0,2,0.9990,0.0359,4.0030,0.1428,70.0738,2.5794,0.9973,0.0164,3.9736,0.0542,74.8817,1.3483,0.0000,0.0000,0.7615,54.0854,0.0000,0.0000,2.1550,50.5188,37.8960,0.0000,0.0082,0.0000
940,2242,23,325,0.7866,0.0651,137.3827,189.1546,261360.3750,26.7779,0,0,0,0,0,0,0,0,0,0,0,0,2,0.9990,0.0359,4.0030,0.1430,70.0778,2.5790,0.9973,0.0164,3.9736,0.0542,74.8817,1.3483,0.0000,0.0000,0.7462,53.0980,0.0119,0.0000,2.1739,50.5196,37.9018,0.0000,0.0082,0.0000
941,2249,23,325,0.7867,0.0651,137.3797,189.1546,261729.1562,26.7779,0,0,0,0,0,0,0,0,0,0,0,0,2,0.9991,0.0360,4.0029,0.1431,70.0820,2.5822,0.9973,0.0164,3.9736,0.0542,74.8817,1.3483,0.0000,0.0000,0.7462,53.0969,0.0000,0.0000,2.1739,50.5196,37.9018,0.0000,0.0082,0.0000
942,2253,23,325,0.7869,0.0652,137.3765,189.1546,262103.9375,26.7779,0,0,0,0,0,0,0,0,0,0,0,0,2,0.9991,0.0360,4.0027,0.1431,70.0865,2.5833,0.9973,0.0164,3.9736,0.0542,74.8817,1.3483,0.0000,0.0000,0.7462,53.0957,0.0000,0.0000,2.1739,50.5196,37.9018,0.0000,0.0082,0.0000
943,2263,23,325,0.7870,0.0652,137.3733,189.1546,262478.7188,26.7779,0,0,0,0,0,0,0,0,0,0,0,0,2,0.9992,0.0361,4.0029,0.1431,70.0849,2.5857,0.9973,0.0164,3.9736,0.0542,74.8817,1.3483,0.0000,0.0000,0.7462,53.0945,0.0000,0.0000,2.1739,50.5196,37.9018,0.0000,0.0082,0.0000
944,2273,23,325,0.7871,0.0652,137.3702,189.1546,262857.4062,26.7779,0,0,0,0,0,0,0,0,0,0,0,0,2,0.9992,0.0360,4.0028,0.1434,70.0859,2.5920,0.9973,0.0164,3.9736,0.0542,74.8817,1.3483,0.0000,0.0000,0.7462,53.0933,0.0000,0.0000,2.1739,50.5196,37.9018,0.0000,0.0082,0.0000
945,2289,23,325,0.7872,0.0653,137.3672,189.1546,263240.5312,26.7779,0,0,0,0,0,0,0,0,0,0,0,0,2,0.9992,0.0361,4.0027,0.1435,70.0849,2.5954,0.9973,0.0164,3.9736,0.0542,74.8817,1.3483,0.0000,0.0000,0.7462,53.0922,0.0000,0.0000,2.1739,50.5196,37.9018,0.0000,0.0082,0.0000
946,2295,23,325,0.7874,0.0653,137.3639,189.1546,263626.0938,26.7779,0,0,0,0,0,0,0,0,0,0,0,0,2,0.9991,0.0362,4.0024,0.1435,70.0870,2.5945,0.9973,0.0164,3.9736,0.0542,74.8817,1.3483,0.0000,0.0000,0.7462,53.0910,0.0000,0.0000,2.1739,50.5196,37.9018,0.0000,0.0082,0.0000
947,2299,23,325,0.7875,0.0653,137.3610,189.1546,263998.7812,26.7779,0,0,0,0,0,0,0,0,0,0,0,0,2,0.9992,0.0362,4.0027,0.1436,70.0896,2.5953,0.9973,0.0164,3.9736,0.0542,74.8817,1.3483,0.0000,0.0000,0.7462,53.0899,0.0000,0.0000,2.1739,50.5196,37.9018,0.0000,0.0082,0.0000
948,2303,23,325,0.7876,0.0654,137.3578,189.1546,264374.8438,26.7779,0,0,0,0,0,0,0,0,0,0,0,0,2,0.9992,0.0362,4.0028,0.1436,70.0858,2.5957,0.9973,0.0164,3.9736,0.0542,74.8817,1.3483,0.0000,0.0000,0.7462,53.0887,0.0000,0.0000,2.1739,50.5196,37.9018,0.0000,0.0082,0.0000
949,2318,23,325,0.7877,0.0654,137.3550,189.1546,264740.9062,26.7779,0,0,0,0,0,0,0,0,0,0,0,0,2,0.9993,0.0363,4.0025,0.1444,70.0888,2.5975,0.9973,0.0164,3.9736,0.0542,74.8817,1.3483,0.0000,0.0000,0.7462,53.0877,0.0000,0.0000,2.1739,50.5196,37.9018,0.0000,0.0082,0.0000
950,2321,23,329,0.7878,0.0654,134.6672,189.3951,264981.6250,26.7779,0,0,0,0,0,0,0,0,0,0,0,0,2,0.9992,0.0362,4.0025,0.1443,70.0902,2.5963,0.9973,0.0164,3.9736,0.0542,74.8817,1.3483,0.0000,0.0000,0.7310,52.0862,0.0119,0.0000,2.1915,50.5201,37.9041,0.0000,0.0082,0.0000
951,2322,23,329,0.7880,0.0654,134.6643,189.3951,265366.0625,26.7779,0,0,1,0,0,0,0,0,0,0,0,0,2,0.9992,0.0363,4.0024,0.1443,70.0948,2.5976,0.9973,0.0164,3.9736,0.0542,74.8817,1.3483,0.0000,0.0000,0.7310,52.0851,0.0000,0.0000,2.1915,50.5201,37.9041,0.0000,0.0082,0.0000
952,2331,23,329,0.7881,0.0655,134.6611,189.3951,265741.5000,26.7779,0,0,0,0,0,0,0,0,0,0,0,0,2,0.9993,0.0363,4.0023,0.1443,70.0939,2.5951,0.9973,0.0164,3.9736,0.0542,74.8817,1.3483,0.0000,0.0000,0.7310,52.0839,0.0000,0.0000,2.1915,50.5201,37.9041,0.0000,0.0082,0.0000
953,2335,23,329,0.7882,0.0655,134.6581,189.3951,266116.9062,26.7779,0,0,0,0,0,0,0,0,0,0,0,0,2,0.9993,0.0363,4.0025,0.1443,70.0940,2.5936,0.9973,0.0164,3.9736,0.0542,74.8817,1.3483,0.0000,0.0000,0.7310,52.0828,0.0000,0.0000,2.1915,50.5201,37.9041,0.0000,0.0082,0.0000
954,2340,23,329,0.7883,0.0655,134.6550,189.3951,266496.2188,26.7779,0,0,0,0,0,0,0,0,0,0,0,0,2,0.9993,0.0363,4.0027,0.1444,70.0950,2.5918,0.9973,0.0164,3.9736,0.0542,74.8817,1.3483,0.0000,0.0000,0.7310,52.0816,0.0000,0.0000,2.1915,50.5201,37.9041,0.0000,0.0082,0.0000
955,2344,23,329,0.7884,0.0656,134.6521,189.3951,266880.0312,26.7779,0,0,0,0,0,0,0,0,0,0,0,0,2,0.9993,0.0363,4.0026,0.1443,70.0952,2.5909,0.9973,0.0164,3.9736,0.0542,74.8817,1.3483,0.0000,0.0000,0.7310,52.0806,0.0000,0.0000,2.1915,50.5201,37.9041,0.0000,0.0082,0.0000
956,2355,23,329,0.7885,0.0656,134.6489,189.3951,267281.2812,26.7779,0,0,1,0,0,0,0,0,0,0,0,0,2,0.9994,0.0363,4.0029,0.1443,70.0921,2.5978,0.9973,0.0164,3.9736,0.0542,74.8817,1.3483,0.0000,0.0000,0.7310,52.0794,0.0000,0.0000,2.1915,50.5201,37.9041,0.0000,0.0082,0.0000
957,2360,23,329,0.7886,0.0656,134.6461,189.3951,267654.5625,26.7779,0,0,0,0,0,0,0,0,0,0,0,0,2,0.9993,0.0364,4.0023,0.1448,70.0888,2.6002,0.9973,0.0164,3.9736,0.0542,74.8817,1.3483,0.0000,0.0000,0.7310,52.0783,0.0000,0.0000,2.1915,50.5201,37.9041,0.0000,0.0082,0.0000
958,2379,23,329,0.7887,0.0657,134.6430,189.3951,268031.2812,26.7779,0,0,0,0,0,0,0,0,0,0,0,0,2,0.9994,0.0365,4.0026,0.1452,70.0887,2.6155,0.9973,0.0164,3.9736,0.0542,74.8817,1.3483,0.0000,0.0000,0.7310,52.0771,0.0000,0.0000,2.1915,50.5201,37.9041,0.0000,0.0082,0.0000
959,2405,23,329,0.7888,0.0657,134.6402,189.3951,268397.8750,26.7779,0,0,0,0,0,0,0,0,0,0,0,0,2,0.9994,0.0366,4.0022,0.1455,70.0824,2.6136,0.9973,0.0164,3.9736,0.0542,74.8817,1.3483,0.0000,0.0000,0.7310,52.0761,0.0000,0.0000,2.1915,50.5201,37.9041,0.0000,0.0082,0.0000
960,2408,23,329,0.7890,0.0657,131.9942,189.7695,268640.2500,26.7779,0,0,0,0,0,0,0,0,0,0,0,0,2,0.9993,0.0367,4.0025,0.1459,70.0854,2.6147,0.9973,0.0164,3.9736,0.0542,74.8817,1.3483,0.0000,0.0000,0.7160,51.0904,0.0119,0.0000,2.2094,50.5209,37.9089,0.0000,0.0082,0.0000
961,2412,23,329,0.7891,0.0657,131.9913,189.7695,269010.3125,26.7779,0,0,0,0,0,0,0,0,0,0,0,0,2,0.9993,0.0366,4.0025,0.1459,70.0903,2.6189,0.9973,0.0164,3.9736,0.0542,74.8817,1.3483,0.0000,0.0000,0.7160,51.0893,0.0000,0.0000,2.2094,50.5209,37.9089,0.0000,0.0082,0.0000
962,2416,23,329,0.7892,0.0658,131.9883,189.7695,269386.3750,26.7779,0,0,0,0,0,0,0,0,0,0,0,0,2,0.9993,0.0367,4.0025,0.1459,70.0933,2.6180,0.9973,0.0164,3.9736,0.0542,74.8817,1.3483,0.0000,0.0000,0.7160,51.0882,0.0000,0.0000,2.2094,50.5209,37.9089,0.0000,0.0082,0.0000
963,2418,23,329,0.7892,0.0658,131.9853,189.7695,269762.3750,26.7779,0,0,0,0,0,0,0,0,0,0,0,0,2,0.9993,0.0367,4.0023,0.1461,70.0936,2.6173,0.9973,0.0164,3.9736,0.0542,74.8817,1.3483,0.0000,0.0000,0.7160,51.0870,0.0000,0.0000,2.2094,50.5209,37.9089,0.0000,0.0082,0.0000
964,2419,23,329,0.7893,0.0658,131.9823,189.7695,270157.2500,26.7779,0,0,1,0,0,0,0,0,0,0,0,0,2,0.9993,0.0367,4.0021,0.1462,70.0961,2.6176,0.9973,0.0164,3.9736,0.0542,74.8817,1.3483,0.0000,0.0000,0.7160,51.0859,0.0000,0.0000,2.2094,50.5209,37.9089,0.0000,0.0082,0.0000
965,2422,23,329,0.7895,0.0659,131.9794,189.7695,270541.6562,26.7779,0,0,0,0,0,0,0,0,0,0,0,0,2,0.9992,0.0367,4.0025,0.1465,70.0973,2.6168,0.9973,0.0164,3.9736,0.0542,74.8817,1.3483,0.0000,0.0000,0.7160,51.0849,0.0000,0.0000,2.2094,50.5209,37.9089,0.0000,0.0082,0.0000
966,2424,23,329,0.7896,0.0659,131.9763,189.7695,270928.5625,26.7779,0,0,0,0,0,0,0,0,0,0,0,0,2,0.9992,0.0367,4.0025,0.1465,70.0998,2.6174,0.9973,0.0164,3.9736,0.0542,74.8817,1.3483,0.0000,0.0000,0.7160,51.0837,0.0000,0.0000,2.2094,50.5209,37.9089,0.0000,0.0082,0.0000
967,2425,23,329,0.7897,0.0659,131.9735,189.7695,271302.3750,26.7779,0,0,0,0,0,0,0,0,0,0,0,0,2,0.9992,0.0367,4.0028,0.1469,70.1001,2.6170,0.9973,0.0164,3.9736,0.0542,74.8817,1.3483,0.0000,0.0000,0.7160,51.0826,0.0000,0.0000,2.2094,50.5209,37.9089,0.0000,0.0082,0.0000
968,2431,23,329,0.7898,0.0660,131.9705,189.7695,271679.7188,26.7779,0,0,0,0,0,0,0,0,0,0,0,0,2,0.9991,0.0368,4.0026,0.1469,70.0999,2.6157,0.9973,0.0164,3.9736,0.0542,74.8817,1.3483,0.0000,0.0000,0.7160,51.0815,0.0000,0.0000,2.2094,50.5209,37.9089,0.0000,0.0082,0.0000
969,2433,23,329,0.7899,0.0660,131.9678,189.7695,272046.9062,26.7779,0,0,0,0,0,0,0,0,0,0,0,0,2,0.9991,0.0369,4.0023,0.1471,70.1033,2.6189,0.9973,0.0164,3.9736,0.0542,74.8817,1.3483,0.0000,0.0000,0.7160,51.0805,0.0000,0.0000,2.2094,50.5209,37.9089,0.0000,0.0082,0.0000
970,2434,23,329,0.7900,0.0660,129.3238,190.1270,272290.9688,26.7779,0,0,0,0,0,0,0,0,0,0,0,0,2,0.9991,0.0369,4.0024,0.1471,70.1021,2.6191,0.9973,0.0164,3.9736,0.0542,74.8817,1.3483,0.0000,0.0000,0.7011,50.0949,0.0119,0.0000,2.2269,50.5216,37.9134,0.0000,0.0082,0.0000
971,2437,23,329,0.7901,0.0660,129.3210,190.1270,272676.6562,26.7779,0,0,1,0,0,0,0,0,0,0,0,0,2,0.9991,0.0369,4.0024,0.1472,70.0988,2.6176,0.9973,0.0164,3.9736,0.0542,74.8817,1.3483,0.0000,0.0000,0.7011,50.0939,0.0000,0.0000,2.2269,50.5216,37.9134,0.0000,0.0082,0.0000
972,2441,23,329,0.7902,0.0661,129.3180,190.1270,273053.3125,26.7779,0,0,0,0,0,0,0,0,0,0,0,0,2,0.9990,0.0368,4.0025,0.1471,70.0942,2.6182,0.9973,0.0164,3.9736,0.0542,74.8817,1.3483,0.0000,0.0000,0.7011,50.0928,0.0000,0.0000,2.2269,50.5216,37.9134,0.0000,0.0082,0.0000
973,2444,23,329,0.7903,0.0661,129.3151,190.1270,273429.9688,26.7779,0,0,0,0,0,0,0,0,0,0,0,0,2,0.9991,0.0369,4.0024,0.1471,70.0955,2.6200,0.9973,0.0164,3.9736,0.0542,74.8817,1.3483,0.0000,0.0000,0.7011,50.0917,0.0000,0.0000,2.2269,50.5216,37.9134,0.0000,0.0082,0.0000
974,2449,23,329,0.7904,0.0661,129.3122,190.1270,273810.4062,26.7779,0,0,0,0,0,0,0,0,0,0,0,0,2,0.9991,0.0368,4.0023,0.1470,70.0962,2.6240,0.9973,0.0164,3.9736,0.0542,74.8817,1.3483,0.0000,0.0000,0.7011,50.0906,0.0000,0.0000,2.2269,50.5216,37.9134,0.0000,0.0082,0.0000
975,2462,23,329,0.7905,0.0662,129.3094,190.1270,274195.4375,26.7779,0,0,0,0,0,0,0,0,0,0,0,0,2,0.9990,0.0368,4.0028,0.1470,70.0939,2.6268,0.9973,0.0164,3.9736,0.0542,74.8817,1.3483,0.0000,0.0000,0.7011,50.0895,0.0000,0.0000,2.2269,50.5216,37.9134,0.0000,0.0082,0.0000
976,2472,23,329,0.7906,0.0662,129.3064,190.1270,274582.9688,26.7779,0,0,0,0,0,0,0,0,0,0,0,0,2,0.9990,0.0368,4.0030,0.1472,70.0879,2.6280,0.9973,0.0164,3.9736,0.0542,74.8817,1.3483,0.0000,0.0000,0.7011,50.0884,0.0000,0.0000,2.2269,50.5216,37.9134,0.0000,0.0082,0.0000
977,2479,23,329,0.7907,0.0662,129.3036,190.1270,274957.3125,26.7779,0,0,0,0,0,0,0,0,0,0,0,0,2,0.9991,0.0370,4.0031,0.1474,70.0908,2.6280,0.9973,0.0164,3.9736,0.0542,74.8817,1.3483,0.0000,0.0000,0.7011,50.0873,0.0000,0.0000,2.2269,50.5216,37.9134,0.0000,0.0082,0.0000
978,2487,23,329,0.7908,0.0663,129.3007,190.1270,275335.3125,26.7779,0,0,0,0,0,0,0,0,0,0,0,0,2,0.9991,0.0370,4.0026,0.1478,70.0868,2.6292,0.9973,0.0164,3.9736,0.0542,74.8817,1.3483,0.0000,0.0000,0.7011,50.0862,0.0000,0.0000,2.2269,50.5216,37.9134,0.0000,0.0082,0.0000
979,2496,23,329,0.7909,0.0663,129.2980,190.1270,275703.0938,26.7779,0,0,0,0,0,0,0,0,0,0,0,0,2,0.9991,0.0370,4.0024,0.1478,70.0851,2.6320,0.9973,0.0164,3.9736,0.0542,74.8817,1.3483,0.0000,0.0000,0.7011,50.0852,0.0000,0.0000,2.2269,50.5216,37.9134,0.0000,0.0082,0.0000
980,2501,23,329,0.7911,0.0663,126.6542,190.4683,275948.9375,26.7779,0,0,0,0,0,0,0,0,0,0,0,0,2,0.9991,0.0371,4.0024,0.1479,70.0869,2.6346,0.9973,0.0164,3.9736,0.0542,74.8817,1.3483,0.0000,0.0000,0.6866,49.0994,0.0116,0.0000,2.2438,50.5222,37.9176,0.0000,0.0082,0.0000
981,2508,23,329,0.7912,0.0663,126.6515,190.4683,276320.1875,26.7779,0,0,0,0,0,0,0,0,0,0,0,0,2,0.9992,0.0371,4.0026,0.1482,70.0855,2.6321,0.9973,0.0164,3.9736,0.0542,74.8817,1.3483,0.0000,0.0000,0.6866,49.0983,0.0000,0.0000,2.2438,50.5222,37.9176,0.0000,0.0082,0.0000
982,2520,23,329,0.7913,0.0664,126.6486,190.4683,276697.4375,26.7779,0,0,0,0,0,0,0,0,0,0,0,0,2,0.9991,0.0373,4.0032,0.1486,70.0870,2.6326,0.9973,0.0164,3.9736,0.0542,74.8817,1.3483,0.0000,0.0000,0.6866,49.0972,0.0000,0.0000,2.2438,50.5222,37.9176,0.0000,0.0082,0.0000
983,2521,23,329,0.7913,0.0664,126.6457,190.4683,277074.7188,26.7779,0,0,0,0,0,0,0,0,0,0,0,0,2,0.9991,0.0373,4.0032,0.1487,70.0872,2.6321,0.9973,0.0164,3.9736,0.0542,74.8817,1.3483,0.0000,0.0000,0.6866,49.0962,0.0000,0.0000,2.2438,50.5222,37.9176,0.0000,0.0082,0.0000
984,2533,23,329,0.7914,0.0664,126.6429,190.4683,277455.7188,26.7779,0,0,0,0,0,0,0,0,0,0,0,0,2,0.9992,0.0373,4.0033,0.1485,70.0848,2.6340,0.9973,0.0164,3.9736,0.0542,74.8817,1.3483,0.0000,0.0000,0.6866,49.0951,0.0000,0.0000,2.2438,50.5222,37.9176,0.0000,0.0082,0.0000
985,2533,23,329,0.7915,0.0665,126.6402,190.4683,277841.3125,26.7779,0,0,0,0,0,0,0,0,0,0,0,0,2,0.9992,0.0373,4.0033,0.1485,70.0848,2.6340,0.9973,0.0164,3.9736,0.0542,74.8817,1.3483,0.0000,0.0000,0.6866,49.0941,0.0000,0.0000,2.2438,50.5222,37.9176,0.0000,0.0082,0.0000
986,2536,23,329,0.7916,0.0665,126.6372,190.4683,278229.4688,26.7779,0,0,0,0,0,0,0,0,0,0,0,0,2,0.9992,0.0373,4.0035,0.1485,70.0838,2.6329,0.9973,0.0164,3.9736,0.0542,74.8817,1.3483,0.0000,0.0000,0.6866,49.0930,0.0000,0.0000,2.2438,50.5222,37.9176,0.0000,0.0082,0.0000
987,2547,23,329,0.7917,0.0665,126.6345,190.4683,278604.3750,26.7779,0,0,0,0,0,0,0,0,0,0,0,0,2,0.9992,0.0373,4.0034,0.1489,70.0860,2.6337,0.9973,0.0164,3.9736,0.0542,74.8817,1.3483,0.0000,0.0000,0.6866,49.0919,0.0000,0.0000,2.2438,50.5222,37.9176,0.0000,0.0082,0.0000
988,2556,23,329,0.7918,0.0666,126.6316,190.4683,278982.9688,26.7779,0,0,0,0,0,0,0,0,0,0,0,0,2,0.9991,0.0373,4.0033,0.1489,70.0933,2.6397,0.9973,0.0164,3.9736,0.0542,74.8817,1.3483,0.0000,0.0000,0.6866,49.0909,0.0000,0.0000,2.2438,50.5222,37.9176,0.0000,0.0082,0.0000
989,2561,23,329,0.7919,0.0666,126.6291,190.4683,279351.3125,26.7779,0,0,0,0,0,0,0,0,0,0,0,0,2,0.9992,0.0374,4.0034,0.1492,70.0927,2.6386,0.9973,0.0164,3.9736,0.0542,74.8817,1.3483,0.0000,0.0000,0.6866,49.0899,0.0000,0.0000,2.2438,50.5222,37.9176,0.0000,0.0082,0.0000
990,2565,23,329,0.7920,0.0666,123.9925,190.7939,279598.9688,26.7779,0,0,0,0,0,0,0,0,0,0,0,0,2,0.9991,0.0373,4.0035,0.1492,70.0946,2.6374,0.9973,0.0164,3.9736,0.0542,74.8817,1.3483,0.0000,0.0000,0.6724,48.1051,0.0114,0.0000,2.2603,50.5229,37.9216,0.0000,0.0082,0.0000
991,2576,23,329,0.7921,0.0666,123.9898,190.7939,279970.7812,26.7779,0,0,0,0,0,0,0,0,0,0,0,0,2,0.9991,0.0373,4.0032,0.1492,70.0902,2.6350,0.9973,0.0164,3.9736,0.0542,74.8817,1.3483,0.0000,0.0000,0.6724,48.1041,0.0000,0.0000,2.2603,50.5229,37.9216,0.0000,0.0082,0.0000
992,2582,23,329,0.7922,0.0667,123.9870,190.7939,280348.6562,26.7779,0,0,0,0,0,0,0,0,0,0,0,0,2,0.9992,0.0374,4.0031,0.1494,70.0895,2.6376,0.9973,0.0164,3.9736,0.0542,74.8817,1.3483,0.0000,0.0000,0.6724,48.1030,0.0000,0.0000,2.2603,50.5229,37.9216,0.0000,0.0082,0.0000
993,2594,23,329,0.7923,0.0667,123.9842,190.7939,280726.4688,26.7779,0,0,0,0,0,0,0,0,0,0,0,0,2,0.9992,0.0375,4.0029,0.1496,70.0890,2.6376,0.9973,0.0164,3.9736,0.0542,74.8817,1.3483,0.0000,0.0000,0.6724,48.1020,0.0000,0.0000,2.2603,50.5229,37.9216,0.0000,0.0082,0.0000
994,2605,23,329,0.7923,0.0667,123.9815,190.7939,281107.9688,26.7779,0,0,0,0,0,0,0,0,0,0,0,0,2,0.9991,0.0376,4.0029,0.1494,70.0925,2.6392,0.9973,0.0164,3.9736,0.0542,74.8817,1.3483,0.0000,0.0000,0.6724,48.1009,0.0000,0.0000,2.2603,50.5229,37.9216,0.0000,0.0082,0.0000
995,2610,23,329,0.7925,0.0668,123.9789,190.7939,281494.0625,26.7779,0,0,0,0,0,0,0,0,0,0,0,0,2,0.9992,0.0376,4.0029,0.1496,70.0955,2.6388,0.9973,0.0164,3.9736,0.0542,74.8817,1.3483,0.0000,0.0000,0.6724,48.0999,0.0000,0.0000,2.2603,50.5229,37.9216,0.0000,0.0082,0.0000
996,2621,23,329,0.7925,0.0668,123.9760,190.7939,281897.8438,26.7779,0,0,1,0,0,0,0,0,0,0,0,0,2,0.9991,0.0377,4.0033,0.1496,70.0949,2.6395,0.9973,0.0164,3.9736,0.0542,74.8817,1.3483,0.0000,0.0000,0.6724,48.0989,0.0000,0.0000,2.2603,50.5229,37.9216,0.0000,0.0082,0.0000
997,2631,23,329,0.7926,0.0668,123.9734,190.7939,282273.2500,26.7779,0,0,0,0,0,0,0,0,0,0,0,0,2,0.9991,0.0378,4.0033,0.1496,70.0933,2.6421,0.9973,0.0164,3.9736,0.0542,74.8817,1.3483,0.0000,0.0000,0.6724,48.0979,0.0000,0.0000,2.2603,50.5229,37.9216,0.0000,0.0082,0.0000
998,2645,23,329,0.7927,0.0668,123.9706,190.7939,282652.4062,26.7779,0,0,0,0,0,0,0,0,0,0,0,0,2,0.9992,0.0379,4.0035,0.1495,70.0911,2.6454,0.9973,0.0164,3.9736,0.0542,74.8817,1.3483,0.0000,0.0000,0.6724,48.0968,0.0000,0.0000,2.2603,50.5229,37.9216,0.0000,0.0082,0.0000
999,2654,23,329,0.7928,0.0669,123.9681,190.7939,283021.2812,26.7779,0,0,0,0,0,0,0,0,0,0,0,0,2,0.9993,0.0379,4.0037,0.1498,70.0883,2.6508,0.9973,0.0164,3.9736,0.0542,74.8817,1.3483,0.0000,0.0000,0.6724,48.0959,0.0000,0.0000,2.2603,50.5229,37.9216,0.0000,0.0082,0.0000
1000,2658,23,340,0.7929,0.0669,121.3369,190.9794,283270.7812,26.9614,0,0,0,0,0,0,0,0,0,0,0,0,2,0.9993,0.0379,4.0036,0.1498,70.0872,2.6547,0.9973,0.0164,3.9736,0.0542,74.8817,1.3483,0.0000,0.0000,0.6583,47.1053,0.0114,0.0000,2.2757,50.5232,37.9225,0.0000,0.0082,0.0000
1001,2664,23,340,0.7930,0.0669,121.3343,190.9794,283643.0625,26.9614,0,0,0,0,0,0,0,0,0,0,0,0,2,0.9993,0.0379,4.0038,0.1500,70.0854,2.6560,0.9973,0.0164,3.9736,0.0542,74.8817,1.3483,0.0000,0.0000,0.6583,47.1043,0.0000,0.0000,2.2757,50.5232,37.9225,0.0000,0.0082,0.0000
1002,2668,23,340,0.7930,0.0670,121.3316,190.9794,284021.5000,26.9614,0,0,0,0,0,0,0,0,0,0,0,0,2,0.9992,0.0380,4.0039,0.1502,70.0861,2.6564,0.9973,0.0164,3.9736,0.0542,74.8817,1.3483,0.0000,0.0000,0.6583,47.1033,0.0000,0.0000,2.2757,50.5232,37.9225,0.0000,0.0082,0.0000
1003,2671,23,340,0.7931,0.0670,121.3289,190.9794,284399.8438,26.9614,0,0,0,0,0,0,0,0,0,0,0,0,2,0.9993,0.0380,4.0040,0.1504,70.0848,2.6566,0.9973,0.0164,3.9736,0.0542,74.8817,1.3483,0.0000,0.0000,0.6583,47.1023,0.0000,0.0000,2.2757,50.5232,37.9225,0.0000,0.0082,0.0000
1004,2674,23,340,0.7932,0.0670,121.3262,190.9794,284781.8125,26.9614,0,0,0,0,0,0,0,0,0,0,0,0,2,0.9993,0.0380,4.0040,0.1504,70.0844,2.6594,0.9973,0.0164,3.9736,0.0542,74.8817,1.3483,0.0000,0.0000,0.6583,47.1013,0.0000,0.0000,2.2757,50.5232,37.9225,0.0000,0.0082,0.0000
1005,2681,23,340,0.7933,0.0671,121.3237,190.9794,285168.4062,26.9614,0,0,0,0,0,0,0,0,0,0,0,0,2,0.9993,0.0380,4.0038,0.1505,70.0816,2.6575,0.9973,0.0164,3.9736,0.0542,74.8817,1.3483,0.0000,0.0000,0.6583,47.1003,0.0000,0.0000,2.2757,50.5232,37.9225,0.0000,0.0082,0.0000
1006,2689,23,340,0.7934,0.0671,121.3209,190.9794,285557.7500,26.9614,0,0,0,0,0,0,0,0,0,0,0,0,2,0.9993,0.0380,4.0041,0.1507,70.0864,2.6604,0.9973,0.0164,3.9736,0.0542,74.8817,1.3483,0.0000,0.0000,0.6583,47.0992,0.0000,0.0000,2.2757,50.5232,37.9225,0.0000,0.0082,0.0000
1007,2699,23,340,0.7934,0.0671,121.3183,190.9794,285933.6250,26.9614,0,0,0,0,0,0,0,0,0,0,0,0,2,0.9993,0.0380,4.0040,0.1508,70.0857,2.6664,0.9973,0.0164,3.9736,0.0542,74.8817,1.3483,0.0000,0.0000,0.6583,47.0983,0.0000,0.0000,2.2757,50.5232,37.9225,0.0000,0.0082,0.0000
1008,2701,23,340,0.7935,0.0671,121.3156,190.9794,286313.2812,26.9614,0,0,0,0,0,0,0,0,0,0,0,0,2,0.9993,0.0380,4.0040,0.1508,70.0832,2.6673,0.9973,0.0164,3.9736,0.0542,74.8817,1.3483,0.0000,0.0000,0.6583,47.0972,0.0000,0.0000,2.2757,50.5232,37.9225,0.0000,0.0082,0.0000
1009,2709,23,340,0.7936,0.0672,121.3132,190.9794,286682.5938,26.9614,0,0,0,0,0,0,0,0,0,0,0,0,2,0.9993,0.0380,4.0039,0.1506,70.0760,2.6704,0.9973,0.0164,3.9736,0.0542,74.8817,1.3483,0.0000,0.0000,0.6583,47.0963,0.0000,0.0000,2.2757,50.5232,37.9225,0.0000,0.0082,0.0000
1010,2720,23,340,0.7937,0.0672,118.7129,191.2809,286933.0938,26.9614,0,0,0,0,0,0,0,0,0,0,0,1,2,0.9992,0.0380,4.0042,0.1507,70.0782,2.6727,0.9973,0.0164,3.9736,0.0542,74.8817,1.3483,0.0000,0.0000,0.6442,46.1162,0.0114,0.0000,2.2914,50.5237,37.9259,0.0000,0.0082,0.0000
1011,2725,23,340,0.7938,0.0672,118.7104,191.2809,287305.8750,26.9614,0,0,0,0,0,0,0,0,0,0,0,1,2,0.9992,0.0380,4.0043,0.1509,70.0833,2.6761,0.9973,0.0164,3.9736,0.0542,74.8817,1.3483,0.0000,0.0000,0.6442,46.1152,0.0000,0.0000,2.2914,50.5237,37.9259,0.0000,0.0082,0.0000
1012,2733,23,340,0.7938,0.0673,118.7077,191.2809,287684.8125,26.9614,0,0,0,0,0,0,0,0,0,0,0,1,2,0.9992,0.0380,4.0040,0.1509,70.0826,2.6790,0.9973,0.0164,3.9736,0.0542,74.8817,1.3483,0.0000,0.0000,0.6442,46.1142,0.0000,0.0000,2.2914,50.5237,37.9259,0.0000,0.0082,0.0000
1013,2741,23,340,0.7930,0.0670,118.7051,191.2809,288716.4688,26.9614,0,0,0,0,0,0,0,0,0,0,0,0,3,0.9992,0.0380,4.0042,0.1510,70.0813,2.6781,0.9973,0.0164,3.9736,0.0542,74.8817,1.3483,0.0000,0.0000,0.6442,46.1132,0.0000,0.0000,2.2914,50.5237,37.9259,0.0000,0.0082,0.0000
1014,2747,23,340,0.7931,0.0670,118.7025,191.2809,289099.0000,26.9614,0,0,0,0,0,0,0,0,0,0,0,0,3,0.9992,0.0380,4.0044,0.1511,70.0771,2.6789,0.9973,0.0164,3.9736,0.0542,74.8817,1.3483,0.0000,0.0000,0.6442,46.1122,0.0000,0.0000,2.2914,50.5237,37.9259,0.0000,0.0082,0.0000
1015,2751,23,340,0.7932,0.0671,118.7000,191.2809,289486.0625,26.9614,0,0,0,0,0,0,0,0,0,0,0,0,3,0.9992,0.0380,4.0044,0.1511,70.0774,2.6779,0.9973,0.0164,3.9736,0.0542,74.8817,1.3483,0.0000,0.0000,0.6442,46.1113,0.0000,0.0000,2.2914,50.5237,37.9259,0.0000,0.0082,0.0000
1016,2757,23,340,0.7932,0.0671,124.2078,191.2809,289875.9688,26.9614,0,0,0,0,0,0,0,0,0,0,0,0,3,0.9992,0.0381,4.0047,0.1512,70.0766,2.6820,0.9973,0.0164,3.9736,0.0542,74.8817,1.3483,2.7653,0.8594,1.3073,48.1184,0.0000,0.0941,2.2914,50.5237,37.9259,0.0000,0.0005,0.0000
1017,2764,23,340,0.7933,0.0671,124.2052,191.2809,290252.3125,26.9614,0,0,0,0,0,0,0,0,0,0,0,0,3,0.9991,0.0382,4.0048,0.1512,70.0801,2.6849,0.9973,0.0164,3.9736,0.0542,74.8817,1.3483,0.0000,0.0000,1.3073,48.1174,0.0000,0.0000,2.2914,50.5237,37.9259,0.0000,0.0005,0.0000
1018,2778,23,340,0.7934,0.0671,124.2017,191.2809,290626.3438,26.9614,0,0,0,0,0,0,0,0,0,0,0,0,3,0.9991,0.0382,4.0049,0.1512,70.0799,2.6807,0.9973,0.0164,3.9736,0.0542,74.8817,1.3483,0.0000,0.0000,1.3073,48.1161,0.0000,0.0000,2.2914,50.5237,37.9259,0.0000,0.0005,0.0000
1019,2788,23,340,0.7935,0.0672,124.1992,191.2809,290996.0938,26.9614,0,0,0,0,0,0,0,0,0,0,0,0,3,0.9990,0.0382,4.0049,0.1513,70.0712,2.6871,0.9973,0.0164,3.9736,0.0542,74.8817,1.3483,0.0000,0.0000,1.3073,48.1152,0.0000,0.0000,2.2914,50.5237,37.9259,0.0000,0.0005,0.0000
1020,2797,23,340,0.7936,0.0672,121.5990,191.5936,291241.7812,26.9614,0,0,0,0,0,0,0,0,0,0,0,0,3,0.9991,0.0382,4.0053,0.1516,70.0713,2.6864,0.9973,0.0164,3.9736,0.0542,74.8817,1.3483,0.0000,0.0000,1.1264,47.1354,0.0148,0.0000,2.3075,50.5242,37.9329,0.0001,0.0005,0.0000
1021,2809,23,340,0.7937,0.0672,121.5965,191.5936,291630.0625,26.9614,0,0,0,0,1,0,0,0,0,0,0,0,3,0.9991,0.0383,4.0053,0.1519,70.0721,2.6886,0.9973,0.0164,3.9736,0.0542,74.8817,1.3483,0.0000,0.0000,1.1264,47.1345,0.0000,0.0000,2.3075,50.5242,37.9329,0.0001,0.0005,0.0000
1022,2821,23,340,0.7938,0.0673,121.5937,191.5936,292009.5312,26.9614,0,0,0,0,0,0,0,0,0,0,0,0,3,0.9992,0.0384,4.0056,0.1519,70.0775,2.6926,0.9973,0.0164,3.9736,0.0542,74.8817,1.3483,0.0000,0.0000,1.1264,47.1334,0.0000,0.0000,2.3075,50.5242,37.9329,0.0001,0.0005,0.0000
1023,2835,23,340,0.7938,0.0673,121.5910,191.5936,292388.8750,26.9614,0,0,0,0,0,0,0,0,0,0,0,0,3,0.9992,0.0384,4.0061,0.1518,70.0810,2.6934,0.9973,0.0164,3.9736,0.0542,74.8817,1.3483,0.0000,0.0000,1.1264,47.1324,0.0000,0.0000,2.3075,50.5242,37.9329,0.0001,0.0005,0.0000
1024,2841,23,340,0.7939,0.0673,121.5883,191.5936,292771.8750,26.9614,0,0,0,0,0,0,0,0,0,0,0,0,3,0.9992,0.0385,4.0065,0.1519,70.0792,2.6926,0.9973,0.0164,3.9736,0.0542,74.8817,1.3483,0.0000,0.0000,1.1264,47.1314,0.0000,0.0000,2.3075,50.5242,37.9329,0.0001,0.0005,0.0000
1025,2845,23,340,0.7940,0.0673,121.5857,191.5936,293159.4062,26.9614,0,0,0,0,0,0,0,0,0,0,0,0,3,0.9991,0.0385,4.0063,0.1519,70.0805,2.6942,0.9973,0.0164,3.9736,0.0542,74.8817,1.3483,0.0000,0.0000,1.1264,47.1305,0.0000,0.0000,2.3075,50.5242,37.9329,0.0001,0.0005,0.0000
1026,2850,23,340,0.7941,0.0674,121.5829,191.5936,293549.7500,26.9614,0,0,0,0,0,0,0,0,0,0,0,0,3,0.9992,0.0385,4.0063,0.1518,70.0784,2.6953,0.9973,0.0164,3.9736,0.0542,74.8817,1.3483,0.0000,0.0000,1.1264,47.1294,0.0000,0.0000,2.3075,50.5242,37.9329,0.0001,0.0005,0.0000
1027,2858,23,340,0.7941,0.0674,121.5804,191.5936,293926.6250,26.9614,0,0,0,0,0,0,0,0,0,0,0,0,3,0.9991,0.0385,4.0064,0.1518,70.0727,2.6964,0.9973,0.0164,3.9736,0.0542,74.8817,1.3483,0.0000,0.0000,1.1264,47.1285,0.0000,0.0000,2.3075,50.5242,37.9329,0.0001,0.0005,0.0000
1028,2860,23,340,0.7942,0.0674,121.5769,191.5936,294301.3750,26.9614,0,0,0,0,0,0,0,0,0,0,0,0,3,0.9992,0.0385,4.0064,0.1518,70.0722,2.6957,0.9973,0.0164,3.9736,0.0542,74.8817,1.3483,0.0000,0.0000,1.1264,47.1272,0.0000,0.0000,2.3075,50.5242,37.9329,0.0001,0.0005,0.0000
1029,2863,23,340,0.7943,0.0675,121.5745,191.5936,294671.5938,26.9614,0,0,0,0,0,0,0,0,0,0,0,0,3,0.9992,0.0385,4.0063,0.1518,70.0719,2.6975,0.9973,0.0164,3.9736,0.0542,74.8817,1.3483,0.0000,0.0000,1.1264,47.1263,0.0000,0.0000,2.3075,50.5242,37.9329,0.0001,0.0005,0.0000
1030,2866,23,340,0.7944,0.0675,118.9243,191.8869,294919.2188,26.9614,0,0,0,0,0,0,0,0,0,0,0,0,3,0.9992,0.0384,4.0064,0.1519,70.0732,2.6972,0.9973,0.0164,3.9736,0.0542,74.8817,1.3483,0.0000,0.0000,1.0270,46.1351,0.0119,0.0000,2.3233,50.5248,37.9364,0.0000,0.0005,0.0000
1031,2870,23,340,0.7945,0.0675,118.9218,191.8869,295292.9062,26.9614,0,0,0,0,0,0,0,0,0,0,0,0,3,0.9992,0.0384,4.0065,0.1519,70.0745,2.6990,0.9973,0.0164,3.9736,0.0542,74.8817,1.3483,0.0000,0.0000,1.0270,46.1342,0.0000,0.0000,2.3233,50.5248,37.9364,0.0000,0.0005,0.0000
1032,2875,23,340,0.7946,0.0676,118.9192,191.8869,295672.9062,26.9614,0,0,0,0,0,0,0,0,0,0,0,0,3,0.9992,0.0385,4.0065,0.1518,70.0697,2.6997,0.9973,0.0164,3.9736,0.0542,74.8817,1.3483,0.0000,0.0000,1.0270,46.1332,0.0000,0.0000,2.3233,50.5248,37.9364,0.0000,0.0005,0.0000
1033,2883,23,340,0.7946,0.0676,118.9167,191.8869,296052.7500,26.9614,0,0,0,0,0,0,0,0,0,0,0,0,3,0.9992,0.0385,4.0063,0.1519,70.0675,2.7031,0.9973,0.0164,3.9736,0.0542,74.8817,1.3483,0.0000,0.0000,1.0270,46.1323,0.0000,0.0000,2.3233,50.5248,37.9364,0.0000,0.0005,0.0000
1034,2893,23,340,0.7947,0.0676,118.9142,191.8869,296436.1875,26.9614,0,0,0,0,0,0,0,0,0,0,0,0,3,0.9992,0.0385,4.0061,0.1520,70.0666,2.7068,0.9973,0.0164,3.9736,0.0542,74.8817,1.3483,0.0000,0.0000,1.0270,46.1313,0.0000,0.0000,2.3233,50.5248,37.9364,0.0000,0.0005,0.0000
1035,2897,23,340,0.7948,0.0676,118.9118,191.8869,296824.1250,26.9614,0,0,0,0,0,0,0,0,0,0,0,0,3,0.9992,0.0385,4.0060,0.1521,70.0667,2.7051,0.9973,0.0164,3.9736,0.0542,74.8817,1.3483,0.0000,0.0000,1.0270,46.1304,0.0000,0.0000,2.3233,50.5248,37.9364,0.0000,0.0005,0.0000
1036,2900,23,340,0.7948,0.0677,118.9091,191.8869,297214.9375,26.9614,0,0,0,0,0,0,0,0,0,0,0,0,3,0.9992,0.0385,4.0059,0.1523,70.0681,2.7060,0.9973,0.0164,3.9736,0.0542,74.8817,1.3483,0.0000,0.0000,1.0270,46.1294,0.0000,0.0000,2.3233,50.5248,37.9364,0.0000,0.0005,0.0000
1037,2901,23,340,0.7949,0.0677,118.9068,191.8869,297592.2812,26.9614,0,0,0,0,0,0,0,0,0,0,0,0,3,0.9992,0.0385,4.0059,0.1523,70.0661,2.7076,0.9973,0.0164,3.9736,0.0542,74.8817,1.3483,0.0000,0.0000,1.0270,46.1285,0.0000,0.0000,2.3233,50.5248,37.9364,0.0000,0.0005,0.0000
1038,2914,23,340,0.7950,0.0677,118.9035,191.8869,297967.7500,26.9614,0,0,0,0,0,0,0,0,0,0,0,0,3,0.9992,0.0385,4.0059,0.1527,70.0699,2.7110,0.9973,0.0164,3.9736,0.0542,74.8817,1.3483,0.0000,0.0000,1.0270,46.1273,0.0000,0.0000,2.3233,50.5248,37.9364,0.0000,0.0005,0.0000
1039,2922,23,340,0.7951,0.0678,118.9013,191.8869,298353.4688,26.9614,0,0,1,0,0,0,0,0,0,0,0,0,3,0.9992,0.0385,4.0056,0.1530,70.0711,2.7107,0.9973,0.0164,3.9736,0.0542,74.8817,1.3483,0.0000,0.0000,1.0270,46.1264,0.0000,0.0000,2.3233,50.5248,37.9364,0.0000,0.0005,0.0000
1040,2932,23,340,0.7952,0.0678,116.3122,192.1661,298603.0312,26.9614,0,0,0,0,0,0,0,0,0,0,0,1,3,0.9992,0.0385,4.0057,0.1532,70.0645,2.7149,0.9973,0.0164,3.9736,0.0542,74.8817,1.3483,0.0000,0.0000,0.9566,45.1482,0.0118,0.0000,2.3386,50.5253,37.9396,0.0000,0.0005,0.0000
1041,2943,23,340,0.7953,0.0678,116.3099,192.1661,298977.1250,26.9614,0,0,0,0,0,0,0,0,0,0,0,1,3,0.9992,0.0385,4.0057,0.1532,70.0676,2.7158,0.9973,0.0164,3.9736,0.0542,74.8817,1.3483,0.0000,0.0000,0.9566,45.1473,0.0000,0.0000,2.3386,50.5253,37.9396,0.0000,0.0005,0.0000
1042,2951,23,340,0.7953,0.0678,116.3073,192.1661,299357.6250,26.9614,0,0,0,0,0,0,0,0,0,0,0,1,3,0.9992,0.0385,4.0057,0.1531,70.0666,2.7164,0.9973,0.0164,3.9736,0.0542,74.8817,1.3483,0.0000,0.0000,0.9566,45.1463,0.0000,0.0000,2.3386,50.5253,37.9396,0.0000,0.0005,0.0000
1043,2957,23,340,0.7944,0.0679,116.3048,192.1661,300275.7500,26.9614,0,0,0,0,0,0,0,0,0,0,0,0,4,0.9992,0.0385,4.0058,0.1530,70.0650,2.7148,0.9973,0.0164,3.9736,0.0542,74.8817,1.3483,0.0000,0.0000,0.9566,45.1454,0.0000,0.0000,2.3386,50.5253,37.9396,0.0000,0.0005,0.0000
1044,2962,23,340,0.7945,0.0679,116.3024,192.1661,300659.6875,26.9614,0,0,0,0,0,0,0,0,0,0,0,0,4,0.9992,0.0385,4.0057,0.1530,70.0657,2.7130,0.9973,0.0164,3.9736,0.0542,74.8817,1.3483,0.0000,0.0000,0.9566,45.1445,0.0000,0.0000,2.3386,50.5253,37.9396,0.0000,0.0005,0.0000
1045,2966,23,340,0.7946,0.0679,116.3001,192.1661,301048.0938,26.9614,0,0,0,0,0,0,0,0,0,0,0,0,4,0.9992,0.0386,4.0057,0.1530,70.0679,2.7147,0.9973,0.0164,3.9736,0.0542,74.8817,1.3483,0.0000,0.0000,0.9566,45.1436,0.0000,0.0000,2.3386,50.5253,37.9396,0.0000,0.0005,0.0000
1046,2973,23,340,0.7946,0.0680,116.2975,192.1661,301439.4062,26.9614,0,0,0,0,0,0,0,0,0,0,0,0,4,0.9992,0.0386,4.0058,0.1530,70.0674,2.7158,0.9973,0.0164,3.9736,0.0542,74.8817,1.3483,0.0000,0.0000,0.9566,45.1426,0.0000,0.0000,2.3386,50.5253,37.9396,0.0000,0.0005,0.0000
1047,2980,23,340,0.7947,0.0680,116.2952,192.1661,301847.1875,26.9614,0,0,2,0,0,0,0,0,0,0,0,0,4,0.9992,0.0386,4.0055,0.1532,70.0619,2.7245,0.9973,0.0164,3.9736,0.0542,74.8817,1.3483,0.0000,0.0000,0.9566,45.1417,0.0000,0.0000,2.3386,50.5253,37.9396,0.0000,0.0005,0.0000
1048,2984,23,340,0.7948,0.0680,116.2921,192.1661,302223.3438,26.9614,0,0,0,0,0,0,0,0,0,0,0,0,4,0.9992,0.0386,4.0054,0.1534,70.0637,2.7236,0.9973,0.0164,3.9736,0.0542,74.8817,1.3483,0.0000,0.0000,0.9566,45.1405,0.0000,0.0000,2.3386,50.5253,37.9396,0.0000,0.0005,0.0000
1049,2989,23,340,0.7949,0.0680,116.2899,192.1661,302594.4688,26.9614,0,0,0,0,0,0,0,0,0,0,0,0,4,0.9992,0.0386,4.0054,0.1533,70.0648,2.7240,0.9973,0.0164,3.9736,0.0542,74.8817,1.3483,0.0000,0.0000,0.9566,45.1397,0.0000,0.0000,2.3386,50.5253,37.9396,0.0000,0.0005,0.0000
1050,2997,23,357,0.7949,0.0681,113.6744,192.3211,302885.7500,26.9614,0,0,0,0,0,0,0,0,0,0,0,0,4,0.9992,0.0386,4.0055,0.1535,70.0696,2.7278,0.9973,0.0164,3.9736,0.0542,74.8817,1.3483,0.0000,0.0000,0.9038,44.1507,0.0117,0.0000,2.3530,50.5258,37.9423,0.0000,0.0005,0.0000
1051,2999,23,357,0.7950,0.0681,113.6719,192.3211,303275.2188,26.9614,0,0,0,0,1,0,0,0,0,0,0,0,4,0.9993,0.0386,4.0055,0.1535,70.0691,2.7273,0.9973,0.0164,3.9736,0.0542,74.8817,1.3483,0.0000,0.0000,0.9038,44.1498,0.0000,0.0000,2.3530,50.5258,37.9423,0.0000,0.0005,0.0000
1052,3005,23,357,0.7950,0.0681,113.6693,192.3211,303656.1562,26.9614,0,0,0,0,0,0,0,0,0,0,0,0,4,0.9992,0.0387,4.0056,0.1535,70.0715,2.7283,0.9973,0.0164,3.9736,0.0542,74.8817,1.3483,0.0000,0.0000,0.9038,44.1488,0.0000,0.0000,2.3530,50.5258,37.9423,0.0000,0.0005,0.0000
1053,3010,23,357,0.7951,0.0682,113.6661,192.3211,304031.5938,26.9614,0,0,0,0,0,0,0,0,0,0,0,0,4,0.9993,0.0387,4.0055,0.1536,70.0735,2.7286,0.9973,0.0164,3.9736,0.0542,74.8817,1.3483,0.0000,0.0000,0.9038,44.1475,0.0000,0.0000,2.3530,50.5258,37.9423,0.0000,0.0005,0.0000
1054,3013,23,357,0.7952,0.0682,113.6636,192.3211,304415.9062,26.9614,0,0,0,0,0,0,0,0,0,0,0,0,4,0.9993,0.0387,4.0054,0.1537,70.0740,2.7276,0.9973,0.0164,3.9736,0.0542,74.8817,1.3483,0.0000,0.0000,0.9038,44.1466,0.0000,0.0000,2.3530,50.5258,37.9423,0.0000,0.0005,0.0000
1055,3014,23,357,0.7953,0.0682,113.6613,192.3211,304804.7500,26.9614,0,0,0,0,0,0,0,0,0,0,0,0,4,0.9993,0.0387,4.0054,0.1536,70.0750,2.7277,0.9973,0.0164,3.9736,0.0542,74.8817,1.3483,0.0000,0.0000,0.9038,44.1457,0.0000,0.0000,2.3530,50.5258,37.9423,0.0000,0.0005,0.0000
1056,3018,23,357,0.7953,0.0683,113.6587,192.3211,305196.5625,26.9614,0,0,0,0,0,0,0,0,0,0,0,0,4,0.9993,0.0387,4.0056,0.1537,70.0764,2.7278,0.9973,0.0164,3.9736,0.0542,74.8817,1.3483,0.0000,0.0000,0.9038,44.1447,0.0000,0.0000,2.3530,50.5258,37.9423,0.0000,0.0005,0.0000
1057,3020,23,357,0.7954,0.0683,113.6565,192.3211,305574.8125,26.9614,0,0,0,0,0,0,0,0,0,0,0,0,4,0.9993,0.0387,4.0056,0.1536,70.0760,2.7271,0.9973,0.0164,3.9736,0.0542,74.8817,1.3483,0.0000,0.0000,0.9038,44.1439,0.0000,0.0000,2.3530,50.5258,37.9423,0.0000,0.0005,0.0000
1058,3039,23,357,0.7955,0.0683,113.6534,192.3211,305951.5625,26.9614,0,0,0,0,0,0,0,0,0,0,0,0,4,0.9992,0.0387,4.0054,0.1537,70.0723,2.7301,0.9973,0.0164,3.9736,0.0542,74.8817,1.3483,0.0000,0.0000,0.9038,44.1427,0.0000,0.0000,2.3530,50.5258,37.9423,0.0000,0.0005,0.0000
1059,3042,23,357,0.7956,0.0683,113.6512,192.3211,306323.0938,26.9614,0,0,0,0,0,0,0,0,0,0,0,0,4,0.9992,0.0387,4.0054,0.1538,70.0705,2.7296,0.9973,0.0164,3.9736,0.0542,74.8817,1.3483,0.0000,0.0000,0.9038,44.1419,0.0000,0.0000,2.3530,50.5258,37.9423,0.0000,0.0005,0.0000
1060,3043,23,357,0.7956,0.0684,111.0680,192.5665,306591.4688,26.9614,0,0,1,0,0,0,0,0,0,0,0,1,4,0.9992,0.0387,4.0053,0.1538,70.0701,2.7292,0.9973,0.0164,3.9736,0.0542,74.8817,1.3483,0.0000,0.0000,0.8619,43.1649,0.0115,0.0000,2.3671,50.5262,37.9447,0.0000,0.0005,0.0000
1061,3045,23,357,0.7957,0.0684,111.0656,192.5665,306966.3750,26.9614,0,0,0,0,0,0,0,0,0,0,0,2,4,0.9992,0.0387,4.0052,0.1539,70.0709,2.7294,0.9973,0.0164,3.9736,0.0542,74.8817,1.3483,0.0000,0.0000,0.8619,43.1640,0.0000,0.0000,2.3671,50.5262,37.9447,0.0000,0.0005,0.0000
1062,3050,24,357,0.7957,0.0685,111.0631,192.5665,307347.7812,26.9614,0,0,0,0,0,0,0,0,0,0,0,2,4,0.9991,0.0387,4.0053,0.1539,70.0719,2.7298,0.9977,0.0162,3.9738,0.0530,74.9058,1.3249,0.0000,0.0000,0.8619,43.1631,0.0000,0.0000,2.3671,50.5262,37.9447,0.0000,0.0005,0.0000
1063,3062,24,357,0.7949,0.0683,111.0599,192.5665,308181.9688,26.9614,0,0,0,0,0,0,0,0,0,0,0,1,5,0.9991,0.0388,4.0050,0.1540,70.0719,2.7302,0.9977,0.0162,3.9738,0.0530,74.9058,1.3249,0.0000,0.0000,0.8619,43.1618,0.0000,0.0000,2.3671,50.5262,37.9447,0.0000,0.0005,0.0000
1064,3064,24,357,0.7940,0.0682,111.0575,192.5665,309068.9688,26.9614,0,0,0,0,0,0,0,0,0,0,0,0,6,0.9991,0.0388,4.0050,0.1540,70.0723,2.7299,0.9977,0.0162,3.9738,0.0530,74.9058,1.3249,0.0000,0.0000,0.8619,43.1609,0.0000,0.0000,2.3671,50.5262,37.9447,0.0000,0.0005,0.0000
1065,3067,24,357,0.7941,0.0682,111.0553,192.5665,309458.2500,26.9614,0,0,0,0,0,0,0,0,0,0,0,0,6,0.9992,0.0388,4.0050,0.1541,70.0704,2.7306,0.9977,0.0162,3.9738,0.0530,74.9058,1.3249,0.0000,0.0000,0.8619,43.1601,0.0000,0.0000,2.3671,50.5262,37.9447,0.0000,0.0005,0.0000
1066,3070,24,357,0.7942,0.0683,111.0521,192.5665,309845.5938,26.9614,0,0,0,0,0,0,0,0,0,0,0,0,6,0.9991,0.0388,4.0049,0.1542,70.0719,2.7304,0.9977,0.0162,3.9738,0.0530,74.9058,1.3249,0.0000,0.0000,0.8619,43.1589,0.0000,0.0000,2.3671,50.5262,37.9447,0.0000,0.0005,0.0000
1067,3074,24,357,0.7943,0.0683,111.0494,192.5665,310219.8438,26.9614,0,0,0,0,0,0,0,0,0,0,0,0,6,0.9991,0.0388,4.0049,0.1542,70.0694,2.7309,0.9977,0.0162,3.9738,0.0530,74.9058,1.3249,0.0000,0.0000,0.8619,43.1578,0.0000,0.0000,2.3671,50.5262,37.9447,0.0000,0.0005,0.0000
1068,3080,24,357,0.7944,0.0683,111.0464,192.5665,310597.2500,26.9614,0,0,0,0,0,0,0,0,0,0,0,0,6,0.9992,0.0388,4.0048,0.1542,70.0694,2.7328,0.9977,0.0162,3.9738,0.0530,74.9058,1.3249,0.0000,0.0000,0.8619,43.1567,0.0000,0.0000,2.3671,50.5262,37.9447,0.0000,0.0005,0.0000
1069,3092,24,357,0.7944,0.0683,111.0443,192.5665,310969.1875,26.9614,0,0,0,0,0,0,0,0,0,0,0,0,6,0.9991,0.0389,4.0051,0.1541,70.0714,2.7311,0.9977,0.0162,3.9738,0.0530,74.9058,1.3249,0.0000,0.0000,0.8619,43.1559,0.0000,0.0000,2.3671,50.5262,37.9447,0.0000,0.0005,0.0000
1070,3097,24,357,0.7945,0.0684,108.4685,192.8100,311224.3750,26.9614,0,0,0,0,0,0,0,0,0,0,0,0,6,0.9991,0.0389,4.0049,0.1542,70.0678,2.7339,0.9977,0.0162,3.9738,0.0530,74.9058,1.3249,0.0000,0.0000,0.8275,42.1811,0.0114,0.0000,2.3812,50.5271,37.9513,0.0000,0.0005,0.0000
1071,3104,24,357,0.7946,0.0684,108.4661,192.8100,311599.7500,26.9614,0,0,0,0,0,0,0,0,0,0,0,0,6,0.9991,0.0390,4.0051,0.1542,70.0629,2.7367,0.9977,0.0162,3.9738,0.0530,74.9058,1.3249,0.0000,0.0000,0.8275,42.1802,0.0000,0.0000,2.3812,50.5271,37.9513,0.0000,0.0005,0.0000
1072,3106,24,357,0.7946,0.0685,108.4637,192.8100,311996.6562,26.9614,0,0,1,0,0,0,0,0,0,0,0,0,6,0.9991,0.0390,4.0054,0.1543,70.0641,2.7362,0.9977,0.0162,3.9738,0.0530,74.9058,1.3249,0.0000,0.0000,0.8275,42.1792,0.0000,0.0000,2.3812,50.5271,37.9513,0.0000,0.0005,0.0000
1073,3114,24,357,0.7947,0.0685,108.4606,192.8100,312388.4688,26.9614,0,0,1,0,0,0,0,0,0,0,0,0,6,0.9991,0.0390,4.0053,0.1543,70.0649,2.7365,0.9977,0.0162,3.9738,0.0530,74.9058,1.3249,0.0000,0.0000,0.8275,42.1781,0.0000,0.0000,2.3812,50.5271,37.9513,0.0000,0.0005,0.0000
1074,3119,24,357,0.7947,0.0685,108.4583,192.8100,312788.6875,26.9614,0,0,1,0,0,0,0,0,0,0,0,0,6,0.9991,0.0390,4.0053,0.1543,70.0656,2.7392,0.9977,0.0162,3.9738,0.0530,74.9058,1.3249,0.0000,0.0000,0.8275,42.1772,0.0000,0.0000,2.3812,50.5271,37.9513,0.0000,0.0005,0.0000
1075,3123,24,357,0.7948,0.0686,119.0505,192.8100,313178.4375,26.9614,0,0,0,0,0,0,0,0,0,0,0,0,6,0.9990,0.0390,4.0055,0.1544,70.0624,2.7392,0.9977,0.0162,3.9738,0.0530,74.9058,1.3249,5.3541,1.7716,1.8213,46.0862,0.0000,0.4504,2.3812,50.5271,37.9513,0.0000,0.0023,0.0000
1076,3127,24,357,0.7949,0.0686,119.0471,192.8100,313566.4062,26.9614,0,0,0,0,0,0,0,0,0,0,0,0,6,0.9991,0.0390,4.0056,0.1544,70.0618,2.7386,0.9977,0.0162,3.9738,0.0530,74.9058,1.3249,0.0000,0.0000,1.8213,46.0850,0.0000,0.0000,2.3812,50.5271,37.9513,0.0000,0.0023,0.0000
1077,3130,24,357,0.7950,0.0686,119.0442,192.8100,313941.2188,26.9614,0,0,0,0,0,0,0,0,0,0,0,0,6,0.9991,0.0390,4.0056,0.1544,70.0639,2.7387,0.9977,0.0162,3.9738,0.0530,74.9058,1.3249,0.0000,0.0000,1.8213,46.0839,0.0000,0.0000,2.3812,50.5271,37.9513,0.0000,0.0023,0.0000
1078,3133,24,357,0.7951,0.0686,119.0412,192.8100,314319.2500,26.9614,0,0,0,0,0,0,0,0,0,0,0,0,6,0.9991,0.0390,4.0059,0.1546,70.0665,2.7390,0.9977,0.0162,3.9738,0.0530,74.9058,1.3249,0.0000,0.0000,1.8213,46.0827,0.0000,0.0000,2.3812,50.5271,37.9513,0.0000,0.0023,0.0000
1079,3138,24,357,0.7952,0.0687,119.0390,192.8100,314691.5938,26.9614,0,0,0,0,0,0,0,0,0,0,0,0,6,0.9991,0.0391,4.0058,0.1547,70.0646,2.7396,0.9977,0.0162,3.9738,0.0530,74.9058,1.3249,0.0000,0.0000,1.8213,46.0819,0.0000,0.0000,2.3812,50.5271,37.9513,0.0000,0.0023,0.0000
1080,3141,24,357,0.7953,0.0687,116.6342,193.0184,314935.5312,26.9614,0,0,0,0,0,0,0,0,0,0,0,0,6,0.9991,0.0391,4.0058,0.1546,70.0644,2.7388,0.9977,0.0162,3.9738,0.0530,74.9058,1.3249,0.0000,0.0000,1.5681,45.1446,0.0416,0.0000,2.3947,50.5253,37.9542,0.0007,0.0023,0.0000
1081,3148,24,357,0.7953,0.0687,116.6317,193.0184,315311.3438,26.9614,0,0,0,0,0,0,0,0,0,0,0,0,6,0.9992,0.0392,4.0054,0.1549,70.0609,2.7423,0.9977,0.0162,3.9738,0.0530,74.9058,1.3249,0.0000,0.0000,1.5681,45.1436,0.0000,0.0000,2.3947,50.5253,37.9542,0.0007,0.0023,0.0000
1082,3160,24,357,0.7954,0.0688,116.6292,193.0184,315693.7188,26.9614,0,0,0,0,0,0,0,0,0,0,0,0,6,0.9993,0.0392,4.0052,0.1553,70.0605,2.7446,0.9977,0.0162,3.9738,0.0530,74.9058,1.3249,0.0000,0.0000,1.5681,45.1427,0.0000,0.0000,2.3947,50.5253,37.9542,0.0007,0.0023,0.0000
1083,3166,24,357,0.7955,0.0688,116.6259,193.0184,316071.1562,26.9614,0,0,0,0,0,0,0,0,0,0,0,0,6,0.9993,0.0392,4.0050,0.1554,70.0557,2.7448,0.9977,0.0162,3.9738,0.0530,74.9058,1.3249,0.0000,0.0000,1.5681,45.1415,0.0000,0.0000,2.3947,50.5253,37.9542,0.0007,0.0023,0.0000
1084,3181,24,357,0.7955,0.0689,116.6234,193.0184,316456.7500,26.9614,0,0,0,0,0,0,0,0,0,0,0,0,6,0.9993,0.0393,4.0048,0.1558,70.0586,2.7478,0.9977,0.0162,3.9738,0.0530,74.9058,1.3249,0.0000,0.0000,1.5681,45.1405,0.0000,0.0000,2.3947,50.5253,37.9542,0.0007,0.0023,0.0000
1085,3188,24,357,0.7956,0.0689,116.6211,193.0184,316846.9062,26.9614,0,0,0,0,0,0,0,0,0,0,0,0,6,0.9994,0.0392,4.0048,0.1559,70.0578,2.7477,0.9977,0.0162,3.9738,0.0530,74.9058,1.3249,0.0000,0.0000,1.5681,45.1397,0.0000,0.0000,2.3947,50.5253,37.9542,0.0007,0.0023,0.0000
1086,3191,24,357,0.7957,0.0689,116.6178,193.0184,317235.5312,26.9614,0,0,0,0,0,0,0,0,0,0,0,0,6,0.9993,0.0392,4.0049,0.1559,70.0574,2.7465,0.9977,0.0162,3.9738,0.0530,74.9058,1.3249,0.0000,0.0000,1.5681,45.1385,0.0000,0.0000,2.3947,50.5253,37.9542,0.0007,0.0023,0.0000
1087,3198,24,357,0.7958,0.0689,116.6150,193.0184,317610.9688,26.9614,0,0,0,0,0,0,0,0,0,0,0,0,6,0.9994,0.0393,4.0047,0.1559,70.0558,2.7485,0.9977,0.0162,3.9738,0.0530,74.9058,1.3249,0.0000,0.0000,1.5681,45.1374,0.0000,0.0000,2.3947,50.5253,37.9542,0.0007,0.0023,0.0000
1088,3213,24,357,0.7959,0.0690,116.6120,193.0184,317989.5625,26.9614,0,0,0,0,0,0,0,0,0,0,0,0,6,0.9994,0.0393,4.0050,0.1558,70.0503,2.7538,0.9977,0.0162,3.9738,0.0530,74.9058,1.3249,0.0000,0.0000,1.5681,45.1363,0.0000,0.0000,2.3947,50.5253,37.9542,0.0007,0.0023,0.0000
1089,3223,24,357,0.7960,0.0690,116.6098,193.0184,318362.2812,26.9614,0,0,0,0,0,0,0,0,0,0,0,0,6,0.9993,0.0393,4.0050,0.1558,70.0534,2.7557,0.9977,0.0162,3.9738,0.0530,74.9058,1.3249,0.0000,0.0000,1.5681,45.1355,0.0000,0.0000,2.3947,50.5253,37.9542,0.0007,0.0023,0.0000
1090,3239,24,357,0.7960,0.0690,113.8957,193.2660,318608.5625,26.9614,0,0,0,0,0,0,0,0,0,0,0,1,6,0.9994,0.0393,4.0052,0.1561,70.0531,2.7587,0.9977,0.0162,3.9738,0.0530,74.9058,1.3249,0.0000,0.0000,1.4240,44.1308,0.0206,0.0000,2.4093,50.5258,37.9569,0.0001,0.0023,0.0000
1091,3252,24,357,0.7961,0.0691,113.8933,193.2660,318984.8438,26.9614,0,0,0,0,0,0,0,0,0,0,0,1,6,0.9994,0.0393,4.0052,0.1560,70.0570,2.7621,0.9977,0.0162,3.9738,0.0530,74.9058,1.3249,0.0000,0.0000,1.4240,44.1299,0.0000,0.0000,2.4093,50.5258,37.9569,0.0001,0.0023,0.0000
1092,3260,24,357,0.7961,0.0691,113.8908,193.2660,319367.7188,26.9614,0,0,0,0,0,0,0,0,0,0,0,1,6,0.9994,0.0393,4.0052,0.1561,70.0592,2.7613,0.9977,0.0162,3.9738,0.0530,74.9058,1.3249,0.0000,0.0000,1.4240,44.1290,0.0000,0.0000,2.4093,50.5258,37.9569,0.0001,0.0023,0.0000
1093,3264,24,357,0.7952,0.0691,113.8877,193.2660,320306.3125,26.9614,0,0,0,0,0,0,0,0,0,0,0,0,7,0.9994,0.0393,4.0051,0.1561,70.0549,2.7628,0.9977,0.0162,3.9738,0.0530,74.9058,1.3249,0.0000,0.0000,1.4240,44.1278,0.0000,0.0000,2.4093,50.5258,37.9569,0.0001,0.0023,0.0000
1094,3270,24,357,0.7953,0.0692,113.8853,193.2660,320692.3125,26.9614,0,0,0,0,0,0,0,0,0,0,0,0,7,0.9994,0.0393,4.0052,0.1565,70.0574,2.7634,0.9977,0.0162,3.9738,0.0530,74.9058,1.3249,0.0000,0.0000,1.4240,44.1269,0.0000,0.0000,2.4093,50.5258,37.9569,0.0001,0.0023,0.0000
1095,3279,24,357,0.7953,0.0692,113.8831,193.2660,321082.7812,26.9614,0,0,0,0,0,0,0,0,0,0,0,0,7,0.9994,0.0393,4.0052,0.1565,70.0626,2.7656,0.9977,0.0162,3.9738,0.0530,74.9058,1.3249,0.0000,0.0000,1.4240,44.1261,0.0000,0.0000,2.4093,50.5258,37.9569,0.0001,0.0023,0.0000
1096,3282,24,357,0.7954,0.0692,113.8800,193.2660,321472.0625,26.9614,0,0,0,0,0,0,0,0,0,0,0,0,7,0.9994,0.0393,4.0051,0.1564,70.0591,2.7670,0.9977,0.0162,3.9738,0.0530,74.9058,1.3249,0.0000,0.0000,1.4240,44.1249,0.0000,0.0000,2.4093,50.5258,37.9569,0.0001,0.0023,0.0000
1097,3290,24,357,0.7955,0.0692,113.8773,193.2660,321848.0000,26.9614,0,0,0,0,0,0,0,0,0,0,0,0,7,0.9994,0.0393,4.0051,0.1564,70.0583,2.7707,0.9977,0.0162,3.9738,0.0530,74.9058,1.3249,0.0000,0.0000,1.4240,44.1239,0.0000,0.0000,2.4093,50.5258,37.9569,0.0001,0.0023,0.0000
1098,3295,24,357,0.7956,0.0693,113.8743,193.2660,322227.1250,26.9614,0,0,0,0,0,0,0,0,0,0,0,0,7,0.9993,0.0393,4.0052,0.1564,70.0552,2.7727,0.9977,0.0162,3.9738,0.0530,74.9058,1.3249,0.0000,0.0000,1.4240,44.1228,0.0000,0.0000,2.4093,50.5258,37.9569,0.0001,0.0023,0.0000
1099,3299,24,357,0.7956,0.0693,113.8722,193.2660,322600.2188,26.9614,0,0,0,0,0,0,0,0,0,0,0,0,7,0.9993,0.0393,4.0050,0.1565,70.0523,2.7751,0.9977,0.0162,3.9738,0.0530,74.9058,1.3249,0.0000,0.0000,1.4240,44.1220,0.0000,0.0000,2.4093,50.5258,37.9569,0.0001,0.0023,0.0000
1100,3305,24,366,0.7957,0.0693,111.2028,193.4084,322983.4688,26.7663,0,0,1,0,0,0,0,0,0,0,0,0,7,0.9993,0.0393,4.0050,0.1564,70.0506,2.7787,0.9977,0.0162,3.9738,0.0530,74.9058,1.3249,0.0000,0.0000,1.3312,43.1200,0.0164,0.0000,2.4231,50.5262,37.9588,0.0000,0.0023,0.0000
1101,3308,24,366,0.7957,0.0694,111.2005,193.4084,323360.1250,26.7663,0,0,0,0,0,0,0,0,0,0,0,0,7,0.9993,0.0393,4.0049,0.1564,70.0502,2.7781,0.9977,0.0162,3.9738,0.0530,74.9058,1.3249,0.0000,0.0000,1.3312,43.1191,0.0000,0.0000,2.4231,50.5262,37.9588,0.0000,0.0023,0.0000
1102,3316,24,366,0.7958,0.0694,111.1981,193.4084,323743.3750,26.7663,0,0,0,0,0,0,0,0,0,0,0,0,7,0.9994,0.0393,4.0051,0.1566,70.0499,2.7790,0.9977,0.0162,3.9738,0.0530,74.9058,1.3249,0.0000,0.0000,1.3312,43.1182,0.0000,0.0000,2.4231,50.5262,37.9588,0.0000,0.0023,0.0000
1103,3317,24,366,0.7959,0.0695,111.1943,193.4084,324116.3438,26.7663,0,0,0,0,0,0,0,0,0,0,0,0,7,0.9994,0.0393,4.0050,0.1566,70.0497,2.7786,0.9977,0.0162,3.9738,0.0530,74.9058,1.3249,0.0000,0.0000,1.3312,43.1168,0.0000,0.0000,2.4231,50.5262,37.9588,0.0000,0.0023,0.0000
1104,3318,24,366,0.7959,0.0695,111.1920,193.4084,324532.7188,26.7663,0,0,2,0,0,0,0,0,0,0,0,0,7,0.9994,0.0393,4.0050,0.1567,70.0531,2.7824,0.9977,0.0162,3.9738,0.0530,74.9058,1.3249,0.0000,0.0000,1.3312,43.1159,0.0000,0.0000,2.4231,50.5262,37.9588,0.0000,0.0023,0.0000
1105,3318,24,366,0.7960,0.0695,111.1899,193.4084,324938.5625,26.7663,0,0,0,0,1,0,0,0,0,0,0,0,7,0.9994,0.0393,4.0051,0.1567,70.0512,2.7846,0.9977,0.0162,3.9738,0.0530,74.9058,1.3249,0.0000,0.0000,1.3312,43.1151,0.0000,0.0000,2.4231,50.5262,37.9588,0.0000,0.0023,0.0000
1106,3323,24,366,0.7961,0.0696,111.1870,193.4084,325328.4688,26.7663,0,0,0,0,0,0,0,0,0,0,0,0,7,0.9994,0.0393,4.0053,0.1568,70.0521,2.7836,0.9977,0.0162,3.9738,0.0530,74.9058,1.3249,0.0000,0.0000,1.3312,43.1140,0.0000,0.0000,2.4231,50.5262,37.9588,0.0000,0.0023,0.0000
1107,3326,24,366,0.7962,0.0696,111.1843,193.4084,325704.8438,26.7663,0,0,0,0,0,0,0,0,0,0,0,0,7,0.9994,0.0394,4.0054,0.1568,70.0538,2.7830,0.9977,0.0162,3.9738,0.0530,74.9058,1.3249,0.0000,0.0000,1.3312,43.1130,0.0000,0.0000,2.4231,50.5262,37.9588,0.0000,0.0023,0.0000
1108,3328,24,366,0.7962,0.0696,111.1815,193.4084,326084.5312,26.7663,0,0,0,0,0,0,0,0,0,0,0,0,7,0.9994,0.0394,4.0052,0.1569,70.0538,2.7823,0.9977,0.0162,3.9738,0.0530,74.9058,1.3249,0.0000,0.0000,1.3312,43.1119,0.0000,0.0000,2.4231,50.5262,37.9588,0.0000,0.0023,0.0000
1109,3329,24,366,0.7963,0.0697,111.1795,193.4084,326502.9688,26.7663,0,0,1,0,2,0,0,0,0,0,0,0,7,0.9993,0.0393,4.0050,0.1570,70.0524,2.7838,0.9977,0.0162,3.9738,0.0530,74.9058,1.3249,0.0000,0.0000,1.3312,43.1111,0.0000,0.0000,2.4231,50.5262,37.9588,0.0000,0.0023,0.0000
1110,3340,24,366,0.7963,0.0697,108.6180,193.6238,326754.4062,26.7663,0,0,0,0,0,0,0,0,0,0,0,0,7,0.9993,0.0394,4.0048,0.1570,70.0533,2.7878,0.9977,0.0162,3.9738,0.0530,74.9058,1.3249,0.0000,0.0000,1.2553,42.1410,0.0146,0.0000,2.4364,50.5266,37.9607,0.0000,0.0023,0.0000
1111,3343,24,366,0.7964,0.0697,108.6157,193.6238,327131.4062,26.7663,0,0,0,0,0,0,0,0,0,0,0,0,7,0.9993,0.0394,4.0048,0.1570,70.0527,2.7887,0.9977,0.0162,3.9738,0.0530,74.9058,1.3249,0.0000,0.0000,1.2553,42.1401,0.0000,0.0000,2.4364,50.5266,37.9607,0.0000,0.0023,0.0000
1112,3347,24,366,0.7964,0.0698,108.6134,193.6238,327515.0625,26.7663,0,0,0,0,0,0,0,0,0,0,0,0,7,0.9994,0.0394,4.0049,0.1570,70.0537,2.7911,0.9977,0.0162,3.9738,0.0530,74.9058,1.3249,0.0000,0.0000,1.2553,42.1392,0.0000,0.0000,2.4364,50.5266,37.9607,0.0000,0.0023,0.0000
1113,3356,24,366,0.7965,0.0698,108.6097,193.6238,327888.8438,26.7663,0,0,0,0,0,0,0,0,0,0,0,0,7,0.9994,0.0394,4.0048,0.1569,70.0560,2.7902,0.9977,0.0162,3.9738,0.0530,74.9058,1.3249,0.0000,0.0000,1.2553,42.1378,0.0000,0.0000,2.4364,50.5266,37.9607,0.0000,0.0023,0.0000
1114,3365,24,366,0.7965,0.0699,108.6076,193.6238,328305.6250,26.7663,0,0,2,0,0,0,0,0,0,0,0,0,7,0.9994,0.0394,4.0047,0.1571,70.0574,2.7934,0.9977,0.0162,3.9738,0.0530,74.9058,1.3249,0.0000,0.0000,1.2553,42.1370,0.0000,0.0000,2.4364,50.5266,37.9607,0.0000,0.0023,0.0000
1115,3370,24,366,0.7966,0.0699,108.6055,193.6238,328711.8750,26.7663,0,0,1,0,0,0,0,0,0,0,0,0,7,0.9994,0.0394,4.0047,0.1572,70.0601,2.7960,0.9977,0.0162,3.9738,0.0530,74.9058,1.3249,0.0000,0.0000,1.2553,42.1362,0.0000,0.0000,2.4364,50.5266,37.9607,0.0000,0.0023,0.0000
1116,3377,24,366,0.7967,0.0699,108.6027,193.6238,329102.3750,26.7663,0,0,0,0,0,0,0,0,0,0,0,0,7,0.9994,0.0395,4.0045,0.1571,70.0612,2.7952,0.9977,0.0162,3.9738,0.0530,74.9058,1.3249,0.0000,0.0000,1.2553,42.1351,0.0000,0.0000,2.4364,50.5266,37.9607,0.0000,0.0023,0.0000
1117,3378,24,366,0.7968,0.0700,108.6002,193.6238,329479.2500,26.7663,0,0,0,0,0,0,0,0,0,0,0,0,7,0.9994,0.0395,4.0045,0.1571,70.0610,2.7948,0.9977,0.0162,3.9738,0.0530,74.9058,1.3249,0.0000,0.0000,1.2553,42.1342,0.0000,0.0000,2.4364,50.5266,37.9607,0.0000,0.0023,0.0000
1118,3382,24,366,0.7968,0.0700,108.5975,193.6238,329859.5312,26.7663,0,0,0,0,0,0,0,0,0,0,0,0,7,0.9994,0.0394,4.0045,0.1570,70.0581,2.7980,0.9977,0.0162,3.9738,0.0530,74.9058,1.3249,0.0000,0.0000,1.2553,42.1332,0.0000,0.0000,2.4364,50.5266,37.9607,0.0000,0.0023,0.0000
1119,3393,24,366,0.7969,0.0700,108.5955,193.6238,330248.1875,26.7663,0,0,0,0,1,0,0,0,0,0,0,0,7,0.9995,0.0394,4.0046,0.1570,70.0508,2.8023,0.9977,0.0162,3.9738,0.0530,74.9058,1.3249,0.0000,0.0000,1.2553,42.1324,0.0000,0.0000,2.4364,50.5266,37.9607,0.0000,0.0023,0.0000
1120,3404,24,366,0.7969,0.0701,106.0367,193.8281,330501.9375,26.7663,0,0,0,0,0,0,0,0,0,0,0,0,7,0.9995,0.0395,4.0048,0.1571,70.0408,2.8076,0.9977,0.0162,3.9738,0.0530,74.9058,1.3249,0.0000,0.0000,1.1966,41.1625,0.0136,0.0000,2.4493,50.5270,37.9624,0.0000,0.0023,0.0000
1121,3414,24,366,0.7970,0.0701,106.0345,193.8281,330879.2500,26.7663,0,0,0,0,0,0,0,0,0,0,0,0,7,0.9996,0.0396,4.0046,0.1572,70.0415,2.8111,0.9977,0.0162,3.9738,0.0530,74.9058,1.3249,0.0000,0.0000,1.1966,41.1617,0.0000,0.0000,2.4493,50.5270,37.9624,0.0000,0.0023,0.0000
1122,3426,24,366,0.7970,0.0701,106.0323,193.8281,331263.3125,26.7663,0,0,0,0,0,0,0,0,0,0,0,0,7,0.9996,0.0396,4.0043,0.1575,70.0420,2.8129,0.9977,0.0162,3.9738,0.0530,74.9058,1.3249,0.0000,0.0000,1.1966,41.1608,0.0000,0.0000,2.4493,50.5270,37.9624,0.0000,0.0023,0.0000
1123,3433,24,366,0.7971,0.0702,106.0287,193.8281,331637.9688,26.7663,0,0,0,0,0,0,0,0,0,0,0,0,7,0.9996,0.0395,4.0040,0.1576,70.0442,2.8127,0.9977,0.0162,3.9738,0.0530,74.9058,1.3249,0.0000,0.0000,1.1966,41.1595,0.0000,0.0000,2.4493,50.5270,37.9624,0.0000,0.0023,0.0000
1124,3440,24,366,0.7971,0.0702,106.0266,193.8281,332055.0625,26.7663,0,0,1,0,1,0,0,0,0,0,0,0,7,0.9996,0.0396,4.0039,0.1578,70.0384,2.8132,0.9977,0.0162,3.9738,0.0530,74.9058,1.3249,0.0000,0.0000,1.1966,41.1587,0.0000,0.0000,2.4493,50.5270,37.9624,0.0000,0.0023,0.0000
1125,3449,24,366,0.7972,0.0702,106.0246,193.8281,332446.6875,26.7663,0,0,0,0,0,0,0,0,0,0,0,0,7,0.9995,0.0396,4.0040,0.1579,70.0395,2.8119,0.9977,0.0162,3.9738,0.0530,74.9058,1.3249,0.0000,0.0000,1.1966,41.1579,0.0000,0.0000,2.4493,50.5270,37.9624,0.0000,0.0023,0.0000
1126,3456,24,366,0.7972,0.0703,106.0219,193.8281,332837.7500,26.7663,0,0,0,0,0,0,0,0,0,0,0,0,7,0.9995,0.0396,4.0040,0.1580,70.0380,2.8138,0.9977,0.0162,3.9738,0.0530,74.9058,1.3249,0.0000,0.0000,1.1966,41.1569,0.0000,0.0000,2.4493,50.5270,37.9624,0.0000,0.0023,0.0000
1127,3461,24,366,0.7973,0.0703,106.0195,193.8281,333215.0938,26.7663,0,0,0,0,0,0,0,0,0,0,0,0,7,0.9995,0.0396,4.0039,0.1580,70.0369,2.8135,0.9977,0.0162,3.9738,0.0530,74.9058,1.3249,0.0000,0.0000,1.1966,41.1559,0.0000,0.0000,2.4493,50.5270,37.9624,0.0000,0.0023,0.0000
1128,3466,24,366,0.7973,0.0703,106.0169,193.8281,333610.8438,26.7663,0,0,0,0,1,0,0,0,0,0,0,0,7,0.9995,0.0396,4.0039,0.1579,70.0340,2.8130,0.9977,0.0162,3.9738,0.0530,74.9058,1.3249,0.0000,0.0000,1.1966,41.1549,0.0000,0.0000,2.4493,50.5270,37.9624,0.0000,0.0023,0.0000
1129,3467,24,366,0.7974,0.0704,106.0149,193.8281,333984.7812,26.7663,0,0,0,0,0,0,0,0,0,0,0,0,7,0.9995,0.0396,4.0039,0.1580,70.0336,2.8127,0.9977,0.0162,3.9738,0.0530,74.9058,1.3249,0.0000,0.0000,1.1966,41.1542,0.0000,0.0000,2.4493,50.5270,37.9624,0.0000,0.0023,0.0000
1130,3475,24,366,0.7974,0.0704,103.4634,194.0218,334240.8125,26.7663,0,0,0,0,0,0,0,0,0,0,0,0,7,0.9995,0.0396,4.0040,0.1579,70.0329,2.8113,0.9977,0.0162,3.9738,0.0530,74.9058,1.3249,0.0000,0.0000,1.1467,40.1855,0.0131,0.0000,2.4618,50.5274,37.9638,0.0000,0.0023,0.0000
1131,3477,24,366,0.7975,0.0704,103.4613,194.0218,334618.5000,26.7663,0,0,0,0,0,0,0,0,0,0,0,0,7,0.9995,0.0396,4.0041,0.1580,70.0333,2.8110,0.9977,0.0162,3.9738,0.0530,74.9058,1.3249,0.0000,0.0000,1.1467,40.1847,0.0000,0.0000,2.4618,50.5274,37.9638,0.0000,0.0023,0.0000
1132,3489,24,366,0.7975,0.0705,103.4591,194.0218,335017.9062,26.7663,0,0,0,0,1,0,0,0,0,0,0,0,7,0.9994,0.0396,4.0042,0.1581,70.0369,2.8112,0.9977,0.0162,3.9738,0.0530,74.9058,1.3249,0.0000,0.0000,1.1467,40.1839,0.0000,0.0000,2.4618,50.5274,37.9638,0.0000,0.0023,0.0000
1133,3494,24,366,0.7976,0.0705,103.4557,194.0218,335408.3438,26.7663,0,0,0,0,1,0,0,0,0,0,0,0,7,0.9994,0.0396,4.0042,0.1581,70.0393,2.8112,0.9977,0.0162,3.9738,0.0530,74.9058,1.3249,0.0000,0.0000,1.1467,40.1826,0.0000,0.0000,2.4618,50.5274,37.9638,0.0000,0.0023,0.0000
1134,3501,24,366,0.7976,0.0706,103.4536,194.0218,335795.7188,26.7663,0,0,0,0,0,0,0,0,0,0,0,0,7,0.9994,0.0396,4.0042,0.1584,70.0399,2.8090,0.9977,0.0162,3.9738,0.0530,74.9058,1.3249,0.0000,0.0000,1.1467,40.1818,0.0000,0.0000,2.4618,50.5274,37.9638,0.0000,0.0023,0.0000
1135,3502,24,366,0.7976,0.0706,103.4517,194.0218,336187.6250,26.7663,0,0,0,0,0,0,0,0,0,0,0,0,7,0.9994,0.0396,4.0043,0.1584,70.0386,2.8096,0.9977,0.0162,3.9738,0.0530,74.9058,1.3249,0.0000,0.0000,1.1467,40.1810,0.0000,0.0000,2.4618,50.5274,37.9638,0.0000,0.0023,0.0000
1136,3508,24,366,0.7977,0.0706,103.4491,194.0218,336579.1875,26.7663,0,0,0,0,0,0,0,0,0,0,0,0,7,0.9994,0.0396,4.0043,0.1583,70.0368,2.8118,0.9977,0.0162,3.9738,0.0530,74.9058,1.3249,0.0000,0.0000,1.1467,40.1800,0.0000,0.0000,2.4618,50.5274,37.9638,0.0000,0.0023,0.0000
1137,3513,24,366,0.7977,0.0707,103.4468,194.0218,336957.0000,26.7663,0,0,0,0,0,0,0,0,0,0,0,0,7,0.9994,0.0396,4.0041,0.1584,70.0360,2.8139,0.9977,0.0162,3.9738,0.0530,74.9058,1.3249,0.0000,0.0000,1.1467,40.1791,0.0000,0.0000,2.4618,50.5274,37.9638,0.0000,0.0023,0.0000
1138,3523,24,366,0.7978,0.0707,103.4442,194.0218,337338.1875,26.7663,0,0,0,0,0,0,0,0,0,0,0,0,7,0.9994,0.0397,4.0041,0.1584,70.0400,2.8161,0.9977,0.0162,3.9738,0.0530,74.9058,1.3249,0.0000,0.0000,1.1467,40.1782,0.0000,0.0000,2.4618,50.5274,37.9638,0.0000,0.0023,0.0000
1139,3525,24,366,0.7978,0.0707,103.4423,194.0218,337712.4062,26.7663,0,0,0,0,0,0,0,0,0,0,0,0,7,0.9994,0.0397,4.0040,0.1584,70.0409,2.8167,0.9977,0.0162,3.9738,0.0530,74.9058,1.3249,0.0000,0.0000,1.1467,40.1774,0.0000,0.0000,2.4618,50.5274,37.9638,0.0000,0.0023,0.0000
1140,3535,24,366,0.7979,0.0708,100.8969,194.2042,337970.8125,26.7663,0,0,0,0,0,0,0,0,0,0,0,0,7,0.9995,0.0397,4.0042,0.1584,70.0402,2.8142,0.9977,0.0162,3.9738,0.0530,74.9058,1.3249,0.0000,0.0000,1.1056,39.2098,0.0131,0.0000,2.4738,50.5277,37.9650,0.0000,0.0023,0.0000
1141,3541,24,366,0.7979,0.0708,100.8948,194.2042,338348.8750,26.7663,0,0,0,0,0,0,0,0,0,0,0,0,7,0.9995,0.0397,4.0041,0.1584,70.0376,2.8145,0.9977,0.0162,3.9738,0.0530,74.9058,1.3249,0.0000,0.0000,1.1056,39.2089,0.0000,0.0000,2.4738,50.5277,37.9650,0.0000,0.0023,0.0000
1142,3545,24,366,0.7979,0.0708,100.8927,194.2042,338733.6250,26.7663,0,0,0,0,0,0,0,0,0,0,0,0,7,0.9995,0.0397,4.0041,0.1584,70.0349,2.8160,0.9977,0.0162,3.9738,0.0530,74.9058,1.3249,0.0000,0.0000,1.1056,39.2081,0.0000,0.0000,2.4738,50.5277,37.9650,0.0000,0.0023,0.0000
1143,3555,24,366,0.7980,0.0709,100.8894,194.2042,339109.7812,26.7663,0,0,0,0,0,0,0,0,0,0,0,0,7,0.9995,0.0397,4.0040,0.1586,70.0369,2.8207,0.9977,0.0162,3.9738,0.0530,74.9058,1.3249,0.0000,0.0000,1.1056,39.2069,0.0000,0.0000,2.4738,50.5277,37.9650,0.0000,0.0023,0.0000
1144,3556,24,366,0.7980,0.0709,100.8874,194.2042,339512.4688,26.7663,0,0,1,0,0,0,0,0,0,0,0,0,7,0.9995,0.0397,4.0041,0.1587,70.0376,2.8215,0.9977,0.0162,3.9738,0.0530,74.9058,1.3249,0.0000,0.0000,1.1056,39.2061,0.0000,0.0000,2.4738,50.5277,37.9650,0.0000,0.0023,0.0000
1145,3567,24,366,0.7981,0.0709,100.8856,194.2042,339904.6562,26.7663,0,0,0,0,0,0,0,0,0,0,0,0,7,0.9995,0.0399,4.0040,0.1587,70.0395,2.8250,0.9977,0.0162,3.9738,0.0530,74.9058,1.3249,0.0000,0.0000,1.1056,39.2054,0.0000,0.0000,2.4738,50.5277,37.9650,0.0000,0.0023,0.0000
1146,3577,24,366,0.7981,0.0710,100.8831,194.2042,340296.7188,26.7663,0,0,0,0,0,0,0,0,0,0,0,0,7,0.9994,0.0399,4.0041,0.1587,70.0386,2.8241,0.9977,0.0162,3.9738,0.0530,74.9058,1.3249,0.0000,0.0000,1.1056,39.2044,0.0000,0.0000,2.4738,50.5277,37.9650,0.0000,0.0023,0.0000
1147,3589,24,366,0.7982,0.0710,100.8808,194.2042,340674.9062,26.7663,0,0,0,0,0,0,0,0,0,0,0,0,7,0.9994,0.0399,4.0038,0.1588,70.0336,2.8266,0.9977,0.0162,3.9738,0.0530,74.9058,1.3249,0.0000,0.0000,1.1056,39.2036,0.0000,0.0000,2.4738,50.5277,37.9650,0.0000,0.0023,0.0000
1148,3606,24,366,0.7982,0.0710,100.8784,194.2042,341056.5312,26.7663,0,0,0,0,0,0,0,0,0,0,0,0,7,0.9994,0.0399,4.0036,0.1590,70.0354,2.8279,0.9977,0.0162,3.9738,0.0530,74.9058,1.3249,0.0000,0.0000,1.1056,39.2026,0.0000,0.0000,2.4738,50.5277,37.9650,0.0000,0.0023,0.0000
1149,3615,24,366,0.7982,0.0711,100.8765,194.2042,341446.0312,26.7663,0,0,1,0,0,0,0,0,0,0,0,0,7,0.9994,0.0399,4.0037,0.1589,70.0292,2.8295,0.9977,0.0162,3.9738,0.0530,74.9058,1.3249,0.0000,0.0000,1.1056,39.2019,0.0000,0.0000,2.4738,50.5277,37.9650,0.0000,0.0023,0.0000
1150,3621,24,377,0.7983,0.0711,98.3188,194.2957,341721.8750,26.7663,0,0,1,0,0,0,0,0,0,0,0,0,7,0.9993,0.0399,4.0036,0.1589,70.0326,2.8358,0.9977,0.0162,3.9738,0.0530,74.9058,1.3249,0.0000,0.0000,1.0698,38.2268,0.0131,0.0000,2.4848,50.5276,37.9626,0.0000,0.0023,0.0000
1151,3630,24,377,0.7983,0.0711,98.3167,194.2957,342100.2500,26.7663,0,0,0,0,0,0,0,0,0,0,0,0,7,0.9993,0.0400,4.0035,0.1590,70.0317,2.8364,0.9977,0.0162,3.9738,0.0530,74.9058,1.3249,0.0000,0.0000,1.0698,38.2260,0.0000,0.0000,2.4848,50.5276,37.9626,0.0000,0.0023,0.0000
1152,3633,24,377,0.7983,0.0712,98.3146,194.2957,342485.3750,26.7663,0,0,0,0,0,0,0,0,0,0,0,0,7,0.9993,0.0400,4.0034,0.1590,70.0331,2.8365,0.9977,0.0162,3.9738,0.0530,74.9058,1.3249,0.0000,0.0000,1.0698,38.2252,0.0000,0.0000,2.4848,50.5276,37.9626,0.0000,0.0023,0.0000
1153,3645,24,377,0.7984,0.0712,98.3114,194.2957,342862.2188,26.7663,0,0,0,0,0,0,0,0,0,0,0,0,7,0.9992,0.0400,4.0034,0.1591,70.0289,2.8389,0.9977,0.0162,3.9738,0.0530,74.9058,1.3249,0.0000,0.0000,1.0698,38.2239,0.0000,0.0000,2.4848,50.5276,37.9626,0.0000,0.0023,0.0000
1154,3650,24,377,0.7983,0.0713,98.3095,194.2957,343250.1875,26.7663,0,0,0,0,0,0,0,0,0,0,0,0,7,0.9993,0.0400,4.0035,0.1591,70.0261,2.8394,0.9977,0.0162,3.9738,0.0530,74.9058,1.3249,0.0000,0.0000,1.0698,38.2232,0.0000,0.0000,2.4848,50.5276,37.9626,0.0000,0.0023,0.0000
1155,3651,24,377,0.7984,0.0713,98.3077,194.2957,343642.6250,26.7663,0,0,0,0,0,0,0,0,0,0,0,0,7,0.9993,0.0400,4.0035,0.1591,70.0260,2.8390,0.9977,0.0162,3.9738,0.0530,74.9058,1.3249,0.0000,0.0000,1.0698,38.2225,0.0000,0.0000,2.4848,50.5276,37.9626,0.0000,0.0023,0.0000
1156,3654,24,377,0.7984,0.0713,98.3052,194.2957,344035.0938,26.7663,0,0,0,0,0,0,0,0,0,0,0,0,7,0.9993,0.0400,4.0034,0.1591,70.0231,2.8397,0.9977,0.0162,3.9738,0.0530,74.9058,1.3249,0.0000,0.0000,1.0698,38.2216,0.0000,0.0000,2.4848,50.5276,37.9626,0.0000,0.0023,0.0000
1157,3659,24,377,0.7985,0.0714,98.3030,194.2957,344413.5938,26.7663,0,0,0,0,0,0,0,0,0,0,0,0,7,0.9992,0.0400,4.0034,0.1593,70.0232,2.8403,0.9977,0.0162,3.9738,0.0530,74.9058,1.3249,0.0000,0.0000,1.0698,38.2207,0.0000,0.0000,2.4848,50.5276,37.9626,0.0000,0.0023,0.0000
1158,3664,24,377,0.7985,0.0714,98.3006,194.2957,344795.5938,26.7663,0,0,0,0,0,0,0,0,0,0,0,0,7,0.9992,0.0400,4.0033,0.1594,70.0234,2.8405,0.9977,0.0162,3.9738,0.0530,74.9058,1.3249,0.0000,0.0000,1.0698,38.2198,0.0000,0.0000,2.4848,50.5276,37.9626,0.0000,0.0023,0.0000
1159,3670,24,377,0.7985,0.0714,98.2988,194.2957,345185.3438,26.7663,0,0,1,0,0,0,0,0,0,0,0,0,7,0.9992,0.0400,4.0034,0.1594,70.0180,2.8467,0.9977,0.0162,3.9738,0.0530,74.9058,1.3249,0.0000,0.0000,1.0698,38.2191,0.0000,0.0000,2.4848,50.5276,37.9626,0.0000,0.0023,0.0000
1160,3672,24,377,0.7985,0.0715,95.7787,194.4592,345448.5938,26.7663,0,0,0,0,0,0,0,0,0,0,0,0,7,0.9992,0.0400,4.0036,0.1596,70.0155,2.8485,0.9977,0.0162,3.9738,0.0530,74.9058,1.3249,0.0000,0.0000,1.0387,37.2562,0.0131,0.0000,2.4960,50.5279,37.9633,0.0000,0.0023,0.0000
1161,3679,24,377,0.7985,0.0715,95.7767,194.4592,345827.3125,26.7663,0,0,0,0,0,0,0,0,0,0,0,0,7,0.9992,0.0400,4.0037,0.1596,70.0184,2.8531,0.9977,0.0162,3.9738,0.0530,74.9058,1.3249,0.0000,0.0000,1.0387,37.2554,0.0000,0.0000,2.4960,50.5279,37.9633,0.0000,0.0023,0.0000
1162,3686,24,377,0.7986,0.0716,95.7747,194.4592,346212.7188,26.7663,0,0,0,0,0,0,0,0,0,0,0,0,7,0.9992,0.0399,4.0038,0.1596,70.0159,2.8529,0.9977,0.0162,3.9738,0.0530,74.9058,1.3249,0.0000,0.0000,1.0387,37.2546,0.0000,0.0000,2.4960,50.5279,37.9633,0.0000,0.0023,0.0000
1163,3691,24,377,0.7986,0.0716,95.7716,194.4592,346590.1875,26.7663,0,0,0,0,0,0,0,0,0,0,0,0,7,0.9991,0.0400,4.0037,0.1596,70.0175,2.8521,0.9977,0.0162,3.9738,0.0530,74.9058,1.3249,0.0000,0.0000,1.0387,37.2535,0.0000,0.0000,2.4960,50.5279,37.9633,0.0000,0.0023,0.0000
1164,3696,24,377,0.7986,0.0716,95.7698,194.4592,346978.4375,26.7663,0,0,0,0,0,0,0,0,0,0,0,0,7,0.9991,0.0399,4.0036,0.1595,70.0151,2.8516,0.9977,0.0162,3.9738,0.0530,74.9058,1.3249,0.0000,0.0000,1.0387,37.2528,0.0000,0.0000,2.4960,50.5279,37.9633,0.0000,0.0023,0.0000
1165,3703,24,377,0.7986,0.0717,103.8435,194.4592,347371.1250,26.7663,0,0,0,0,0,0,0,0,0,0,0,0,7,0.9991,0.0400,4.0034,0.1595,70.0154,2.8497,0.9977,0.0162,3.9738,0.0530,74.9058,1.3249,4.0763,1.3187,1.7625,40.2353,0.0000,0.3693,2.4960,50.5279,37.9633,0.0000,0.0013,0.0000
1166,3708,24,377,0.7987,0.0717,103.8408,194.4592,347764.0000,26.7663,0,0,0,0,0,0,0,0,0,0,0,0,7,0.9991,0.0400,4.0034,0.1597,70.0146,2.8497,0.9977,0.0162,3.9738,0.0530,74.9058,1.3249,0.0000,0.0000,1.7625,40.2344,0.0000,0.0000,2.4960,50.5279,37.9633,0.0000,0.0013,0.0000
1167,3717,24,377,0.7988,0.0717,103.8384,194.4592,348157.7812,26.7663,0,0,0,0,1,0,0,0,0,0,0,0,7,0.9991,0.0400,4.0031,0.1598,70.0145,2.8469,0.9977,0.0162,3.9738,0.0530,74.9058,1.3249,0.0000,0.0000,1.7625,40.2334,0.0000,0.0000,2.4960,50.5279,37.9633,0.0000,0.0013,0.0000
1168,3722,24,377,0.7988,0.0718,103.8358,194.4592,348540.2188,26.7663,0,0,0,0,0,0,0,0,0,0,0,0,7,0.9991,0.0400,4.0031,0.1599,70.0068,2.8531,0.9977,0.0162,3.9738,0.0530,74.9058,1.3249,0.0000,0.0000,1.7625,40.2325,0.0000,0.0000,2.4960,50.5279,37.9633,0.0000,0.0013,0.0000
1169,3728,24,377,0.7988,0.0718,103.8338,194.4592,348930.2188,26.7663,0,0,0,0,1,0,0,0,0,0,0,0,7,0.9991,0.0399,4.0032,0.1600,70.0037,2.8537,0.9977,0.0162,3.9738,0.0530,74.9058,1.3249,0.0000,0.0000,1.7625,40.2317,0.0000,0.0000,2.4960,50.5279,37.9633,0.0000,0.0013,0.0000
1170,3731,24,377,0.7989,0.0718,101.2860,194.5947,349184.8750,26.7663,0,0,0,0,0,0,0,0,0,0,0,1,7,0.9991,0.0400,4.0031,0.1600,70.0010,2.8569,0.9977,0.0162,3.9738,0.0530,74.9058,1.3249,0.0000,0.0000,1.5449,39.2402,0.0611,0.0000,2.5064,50.5269,37.9641,0.0010,0.0013,0.0000
1171,3737,24,377,0.7989,0.0719,101.2838,194.5947,349563.9062,26.7663,0,0,0,0,0,0,0,0,0,0,0,2,7,0.9991,0.0400,4.0029,0.1600,70.0045,2.8607,0.9977,0.0162,3.9738,0.0530,74.9058,1.3249,0.0000,0.0000,1.5449,39.2394,0.0000,0.0000,2.5064,50.5269,37.9641,0.0010,0.0013,0.0000
1172,3750,24,377,0.7989,0.0719,101.2816,194.5947,349949.6250,26.7663,0,0,0,0,0,0,0,0,0,0,0,3,7,0.9992,0.0400,4.0026,0.1602,70.0058,2.8605,0.9977,0.0162,3.9738,0.0530,74.9058,1.3249,0.0000,0.0000,1.5449,39.2386,0.0000,0.0000,2.5064,50.5269,37.9641,0.0010,0.0013,0.0000
1173,3755,24,377,0.7980,0.0720,101.2784,194.5947,350891.4375,26.7663,0,0,0,0,0,0,0,0,0,0,0,2,8,0.9992,0.0400,4.0025,0.1603,70.0079,2.8610,0.9977,0.0162,3.9738,0.0530,74.9058,1.3249,0.0000,0.0000,1.5449,39.2374,0.0000,0.0000,2.5064,50.5269,37.9641,0.0010,0.0013,0.0000
1174,3761,24,377,0.7971,0.0720,101.2754,194.5947,351837.2188,26.7663,0,0,0,0,0,0,0,0,0,0,0,1,9,0.9992,0.0400,4.0025,0.1603,70.0047,2.8607,0.9977,0.0162,3.9738,0.0530,74.9058,1.3249,0.0000,0.0000,1.5449,39.2363,0.0000,0.0000,2.5064,50.5269,37.9641,0.0010,0.0013,0.0000
1175,3764,24,377,0.7962,0.0720,101.2735,194.5947,352793.3438,26.7663,0,0,0,0,0,0,0,0,0,0,0,0,10,0.9991,0.0400,4.0026,0.1604,70.0049,2.8599,0.9977,0.0162,3.9738,0.0530,74.9058,1.3249,0.0000,0.0000,1.5449,39.2356,0.0000,0.0000,2.5064,50.5269,37.9641,0.0010,0.0013,0.0000
1176,3771,24,377,0.7963,0.0720,101.2709,194.5947,353186.6562,26.7663,0,0,0,0,0,0,0,0,0,0,0,0,10,0.9991,0.0400,4.0026,0.1603,70.0062,2.8615,0.9977,0.0162,3.9738,0.0530,74.9058,1.3249,0.0000,0.0000,1.5449,39.2346,0.0000,0.0000,2.5064,50.5269,37.9641,0.0010,0.0013,0.0000
1177,3773,24,377,0.7963,0.0721,101.2686,194.5947,353565.8438,26.7663,0,0,0,0,0,0,0,0,0,0,0,0,10,0.9992,0.0400,4.0026,0.1603,70.0054,2.8610,0.9977,0.0162,3.9738,0.0530,74.9058,1.3249,0.0000,0.0000,1.5449,39.2337,0.0000,0.0000,2.5064,50.5269,37.9641,0.0010,0.0013,0.0000
1178,3787,24,377,0.7964,0.0721,101.2660,194.5947,353948.7188,26.7663,0,0,0,0,0,0,0,0,0,0,0,0,10,0.9992,0.0400,4.0025,0.1605,70.0052,2.8638,0.9977,0.0162,3.9738,0.0530,74.9058,1.3249,0.0000,0.0000,1.5449,39.2328,0.0000,0.0000,2.5064,50.5269,37.9641,0.0010,0.0013,0.0000
1179,3795,24,377,0.7964,0.0721,101.2641,194.5947,354324.0000,26.7663,0,0,0,0,0,0,0,0,0,0,0,0,10,0.9992,0.0400,4.0025,0.1604,70.0040,2.8640,0.9977,0.0162,3.9738,0.0530,74.9058,1.3249,0.0000,0.0000,1.5449,39.2321,0.0000,0.0000,2.5064,50.5269,37.9641,0.0010,0.0013,0.0000
1180,3800,24,377,0.7964,0.0722,98.5767,194.7767,354580.7188,26.7663,0,0,0,0,0,0,0,0,0,0,0,0,10,0.9993,0.0401,4.0023,0.1606,70.0033,2.8631,0.9977,0.0162,3.9738,0.0530,74.9058,1.3249,0.0000,0.0000,1.4111,38.2347,0.0250,0.0000,2.5189,50.5280,37.9727,0.0001,0.0013,0.0000
1181,3800,24,377,0.7965,0.0722,98.5738,194.7767,354954.4688,26.7663,0,0,0,0,0,0,0,0,0,0,0,0,10,0.9993,0.0401,4.0023,0.1606,70.0033,2.8631,0.9977,0.0162,3.9738,0.0530,74.9058,1.3249,0.0000,0.0000,1.4111,38.2336,0.0000,0.0000,2.5189,50.5280,37.9727,0.0001,0.0013,0.0000
1182,3800,24,377,0.7965,0.0723,98.5709,194.7767,355334.8438,26.7663,0,0,0,0,0,0,0,0,0,0,0,0,10,0.9993,0.0401,4.0023,0.1606,70.0033,2.8631,0.9977,0.0162,3.9738,0.0530,74.9058,1.3249,0.0000,0.0000,1.4111,38.2325,0.0000,0.0000,2.5189,50.5280,37.9727,0.0001,0.0013,0.0000
1183,3806,25,377,0.7966,0.0723,98.5679,194.7767,355713.5000,26.7663,0,0,0,0,0,0,0,0,0,0,0,0,10,0.9993,0.0401,4.0022,0.1606,70.0068,2.8655,0.9987,0.0167,3.9708,0.0540,74.9769,1.3441,0.0000,0.0000,1.4111,38.2313,0.0000,0.0000,2.5189,50.5280,37.9727,0.0001,0.0013,0.0000
1184,3807,25,377,0.7966,0.0723,98.5652,194.7767,356096.9062,26.7663,0,0,0,0,0,0,0,0,0,0,0,0,10,0.9993,0.0401,4.0022,0.1606,70.0059,2.8656,0.9987,0.0167,3.9708,0.0540,74.9769,1.3441,0.0000,0.0000,1.4111,38.2303,0.0000,0.0000,2.5189,50.5280,37.9727,0.0001,0.0013,0.0000
1185,3809,25,377,0.7967,0.0724,98.5633,194.7767,356505.1562,26.7663,0,0,1,0,0,0,0,0,0,0,0,0,10,0.9993,0.0401,4.0023,0.1607,70.0084,2.8665,0.9987,0.0167,3.9708,0.0540,74.9769,1.3441,0.0000,0.0000,1.4111,38.2296,0.0000,0.0000,2.5189,50.5280,37.9727,0.0001,0.0013,0.0000
1186,3813,25,377,0.7967,0.0724,98.5610,194.7767,356898.8750,26.7663,0,0,0,0,0,0,0,0,0,0,0,0,10,0.9993,0.0401,4.0024,0.1608,70.0101,2.8675,0.9987,0.0167,3.9708,0.0540,74.9769,1.3441,0.0000,0.0000,1.4111,38.2287,0.0000,0.0000,2.5189,50.5280,37.9727,0.0001,0.0013,0.0000
1187,3816,25,377,0.7967,0.0724,98.5588,194.7767,357278.4062,26.7663,0,0,0,0,0,0,0,0,0,0,0,0,10,0.9993,0.0401,4.0025,0.1608,70.0120,2.8693,0.9987,0.0167,3.9708,0.0540,74.9769,1.3441,0.0000,0.0000,1.4111,38.2279,0.0000,0.0000,2.5189,50.5280,37.9727,0.0001,0.0013,0.0000
1188,3820,25,377,0.7968,0.0725,98.5564,194.7767,357661.7500,26.7663,0,0,0,0,0,0,0,0,0,0,0,0,10,0.9993,0.0401,4.0026,0.1607,70.0104,2.8693,0.9987,0.0167,3.9708,0.0540,74.9769,1.3441,0.0000,0.0000,1.4111,38.2270,0.0000,0.0000,2.5189,50.5280,37.9727,0.0001,0.0013,0.0000
1189,3823,25,377,0.7968,0.0725,98.5546,194.7767,358037.2812,26.7663,0,0,0,0,0,0,0,0,0,0,0,0,10,0.9993,0.0401,4.0027,0.1607,70.0110,2.8686,0.9987,0.0167,3.9708,0.0540,74.9769,1.3441,0.0000,0.0000,1.4111,38.2263,0.0000,0.0000,2.5189,50.5280,37.9727,0.0001,0.0013,0.0000
1190,3831,25,377,0.7968,0.0725,95.9999,194.9332,358296.6875,26.7663,0,0,0,0,0,0,0,0,0,0,0,0,10,0.9993,0.0401,4.0029,0.1609,70.0141,2.8684,0.9987,0.0167,3.9708,0.0540,74.9769,1.3441,0.0000,0.0000,1.3160,37.2564,0.0205,0.0000,2.5298,50.5282,37.9731,0.0001,0.0013,0.0000
1191,3836,25,377,0.7969,0.0726,95.9972,194.9332,358671.0000,26.7663,0,0,0,0,0,0,0,0,0,0,0,0,10,0.9993,0.0401,4.0029,0.1609,70.0137,2.8682,0.9987,0.0167,3.9708,0.0540,74.9769,1.3441,0.0000,0.0000,1.3160,37.2554,0.0000,0.0000,2.5298,50.5282,37.9731,0.0001,0.0013,0.0000
1192,3848,25,377,0.7969,0.0726,95.9944,194.9332,359051.9375,26.7663,0,0,0,0,0,0,0,0,0,0,0,0,10,0.9993,0.0401,4.0029,0.1609,70.0142,2.8692,0.9987,0.0167,3.9708,0.0540,74.9769,1.3441,0.0000,0.0000,1.3160,37.2543,0.0000,0.0000,2.5298,50.5282,37.9731,0.0001,0.0013,0.0000
1193,3855,25,377,0.7970,0.0727,95.9916,194.9332,359431.1875,26.7663,0,0,0,0,0,0,0,0,0,0,0,0,10,0.9994,0.0401,4.0030,0.1610,70.0127,2.8691,0.9987,0.0167,3.9708,0.0540,74.9769,1.3441,0.0000,0.0000,1.3160,37.2532,0.0000,0.0000,2.5298,50.5282,37.9731,0.0001,0.0013,0.0000
1194,3868,25,377,0.7970,0.0727,95.9891,194.9332,359815.0312,26.7663,0,0,0,0,0,0,0,0,0,0,0,0,10,0.9994,0.0402,4.0031,0.1612,70.0136,2.8667,0.9987,0.0167,3.9708,0.0540,74.9769,1.3441,0.0000,0.0000,1.3160,37.2522,0.0000,0.0000,2.5298,50.5282,37.9731,0.0001,0.0013,0.0000
1195,3875,25,377,0.7971,0.0727,95.9874,194.9332,360208.5312,26.7663,0,0,0,0,0,0,0,0,0,0,0,0,10,0.9994,0.0402,4.0030,0.1613,70.0135,2.8661,0.9987,0.0167,3.9708,0.0540,74.9769,1.3441,0.0000,0.0000,1.3160,37.2516,0.0000,0.0000,2.5298,50.5282,37.9731,0.0001,0.0013,0.0000
1196,3882,25,377,0.7971,0.0727,95.9852,194.9332,360602.6562,26.7663,0,0,0,0,0,0,0,0,0,0,0,0,10,0.9994,0.0402,4.0030,0.1612,70.0149,2.8638,0.9987,0.0167,3.9708,0.0540,74.9769,1.3441,0.0000,0.0000,1.3160,37.2508,0.0000,0.0000,2.5298,50.5282,37.9731,0.0001,0.0013,0.0000
1197,3889,25,377,0.7971,0.0728,95.9832,194.9332,360997.5312,26.7663,0,0,0,0,1,0,0,0,0,0,0,0,10,0.9995,0.0402,4.0029,0.1614,70.0181,2.8639,0.9987,0.0167,3.9708,0.0540,74.9769,1.3441,0.0000,0.0000,1.3160,37.2500,0.0000,0.0000,2.5298,50.5282,37.9731,0.0001,0.0013,0.0000
1198,3899,25,377,0.7971,0.0728,95.9811,194.9332,361381.2812,26.7663,0,0,0,0,0,0,0,0,0,0,0,0,10,0.9994,0.0402,4.0029,0.1615,70.0184,2.8643,0.9987,0.0167,3.9708,0.0540,74.9769,1.3441,0.0000,0.0000,1.3160,37.2491,0.0000,0.0000,2.5298,50.5282,37.9731,0.0001,0.0013,0.0000
1199,3908,25,377,0.7972,0.0728,95.9794,194.9332,361772.0312,26.7663,0,0,1,0,0,0,0,0,0,0,0,0,10,0.9994,0.0403,4.0031,0.1617,70.0210,2.8643,0.9987,0.0167,3.9708,0.0540,74.9769,1.3441,0.0000,0.0000,1.3160,37.2485,0.0000,0.0000,2.5298,50.5282,37.9731,0.0001,0.0013,0.0000
1200,3912,25,389,0.7972,0.0729,93.4467,195.0071,362249.0000,26.2067,0,0,1,0,0,0,0,0,0,0,0,0,10,0.9994,0.0403,4.0030,0.1616,70.0193,2.8638,0.9987,0.0167,3.9708,0.0540,74.9769,1.3441,0.0000,0.0000,1.2452,36.2796,0.0177,0.0000,2.5398,50.5280,37.9699,0.0000,0.0013,0.0000
1201,3918,25,389,0.7972,0.0729,99.9289,195.0071,362623.8125,26.2067,0,0,0,0,0,0,0,0,0,0,0,0,10,0.9994,0.0403,4.0031,0.1616,70.0230,2.8656,0.9987,0.0167,3.9708,0.0540,74.9769,1.3441,3.2878,1.0566,1.7463,38.7074,0.0000,0.3579,2.5398,50.5280,37.9699,0.0000,0.0010,0.0000
1202,3919,25,389,0.7973,0.0730,99.9259,195.0071,363005.2812,26.2067,0,0,0,0,0,0,0,0,0,0,0,0,10,0.9994,0.0403,4.0030,0.1616,70.0225,2.8655,0.9987,0.0167,3.9708,0.0540,74.9769,1.3441,0.0000,0.0000,1.7463,38.7063,0.0000,0.0000,2.5398,50.5280,37.9699,0.0000,0.0010,0.0000
1203,3925,25,389,0.7973,0.0730,99.9229,195.0071,363385.0312,26.2067,0,0,0,0,0,0,0,0,0,0,0,0,10,0.9995,0.0403,4.0032,0.1617,70.0231,2.8703,0.9987,0.0167,3.9708,0.0540,74.9769,1.3441,0.0000,0.0000,1.7463,38.7051,0.0000,0.0000,2.5398,50.5280,37.9699,0.0000,0.0010,0.0000
1204,3931,25,389,0.7974,0.0731,99.9201,195.0071,363769.2500,26.2067,0,0,0,0,0,0,0,0,0,0,0,0,10,0.9995,0.0403,4.0030,0.1620,70.0212,2.8708,0.9987,0.0167,3.9708,0.0540,74.9769,1.3441,0.0000,0.0000,1.7463,38.7041,0.0000,0.0000,2.5398,50.5280,37.9699,0.0000,0.0010,0.0000
1205,3938,25,389,0.7974,0.0731,99.9181,195.0071,364162.9375,26.2067,0,0,0,0,0,0,0,0,0,0,0,0,10,0.9994,0.0402,4.0029,0.1620,70.0216,2.8712,0.9987,0.0167,3.9708,0.0540,74.9769,1.3441,0.0000,0.0000,1.7463,38.7033,0.0000,0.0000,2.5398,50.5280,37.9699,0.0000,0.0010,0.0000
1206,3945,25,389,0.7974,0.0731,99.9158,195.0071,364557.4062,26.2067,0,0,0,0,0,0,0,0,0,0,0,0,10,0.9994,0.0403,4.0030,0.1620,70.0263,2.8786,0.9987,0.0167,3.9708,0.0540,74.9769,1.3441,0.0000,0.0000,1.7463,38.7024,0.0000,0.0000,2.5398,50.5280,37.9699,0.0000,0.0010,0.0000
1207,3951,25,389,0.7975,0.0732,99.9134,195.0071,364937.5625,26.2067,0,0,0,0,0,0,0,0,0,0,0,0,10,0.9994,0.0402,4.0029,0.1620,70.0261,2.8840,0.9987,0.0167,3.9708,0.0540,74.9769,1.3441,0.0000,0.0000,1.7463,38.7015,0.0000,0.0000,2.5398,50.5280,37.9699,0.0000,0.0010,0.0000
1208,3955,25,389,0.7975,0.0732,99.9111,195.0071,365321.6562,26.2067,0,0,0,0,0,0,0,0,0,0,0,0,10,0.9994,0.0402,4.0030,0.1620,70.0244,2.8848,0.9987,0.0167,3.9708,0.0540,74.9769,1.3441,0.0000,0.0000,1.7463,38.7007,0.0000,0.0000,2.5398,50.5280,37.9699,0.0000,0.0010,0.0000
1209,3959,25,389,0.7975,0.0732,99.9093,195.0071,365712.6562,26.2067,0,0,0,0,1,0,0,0,0,0,0,0,10,0.9994,0.0402,4.0030,0.1621,70.0220,2.8844,0.9987,0.0167,3.9708,0.0540,74.9769,1.3441,0.0000,0.0000,1.7463,38.7000,0.0000,0.0000,2.5398,50.5280,37.9699,0.0000,0.0010,0.0000
1210,3963,25,389,0.7975,0.0733,97.3311,195.0979,365970.7812,26.2067,0,0,0,0,0,0,0,0,0,0,0,2,10,0.9994,0.0402,4.0030,0.1621,70.0219,2.8832,0.9987,0.0167,3.9708,0.0540,74.9769,1.3441,0.0000,0.0000,1.5484,37.6698,0.0958,0.0000,2.5483,50.5273,37.9694,0.0016,0.0010,0.0000
1211,3973,25,389,0.7976,0.0733,97.3284,195.0979,366346.0312,26.2067,0,0,0,0,0,0,0,0,0,0,0,2,10,0.9995,0.0402,4.0029,0.1621,70.0232,2.8878,0.9987,0.0167,3.9708,0.0540,74.9769,1.3441,0.0000,0.0000,1.5484,37.6688,0.0000,0.0000,2.5483,50.5273,37.9694,0.0016,0.0010,0.0000
1212,3977,25,389,0.7976,0.0734,97.3256,195.0979,366728.0000,26.2067,0,0,0,0,0,0,0,0,0,0,0,3,10,0.9994,0.0402,4.0030,0.1621,70.0240,2.8872,0.9987,0.0167,3.9708,0.0540,74.9769,1.3441,0.0000,0.0000,1.5484,37.6677,0.0000,0.0000,2.5483,50.5273,37.9694,0.0016,0.0010,0.0000
1213,3990,25,386,0.7958,0.0729,97.3227,195.0979,368575.4062,26.2067,0,0,0,0,0,0,0,0,0,0,0,1,12,0.9993,0.0403,4.0029,0.1622,70.0220,2.8909,0.9987,0.0167,3.9708,0.0540,74.9769,1.3441,0.0000,0.0000,1.5484,37.6666,0.0000,0.0000,2.5483,50.5273,37.9694,0.0016,0.0010,0.0000
1214,4001,25,386,0.7958,0.0730,97.3201,195.0979,368960.0312,26.2067,0,0,0,0,0,0,0,0,0,0,0,1,12,0.9993,0.0403,4.0030,0.1621,70.0228,2.8914,0.9987,0.0167,3.9708,0.0540,74.9769,1.3441,0.0000,0.0000,1.5484,37.6656,0.0000,0.0000,2.5483,50.5273,37.9694,0.0016,0.0010,0.0000
1215,4011,25,385,0.7950,0.0729,97.3174,195.0979,370011.8750,26.2067,0,0,0,0,0,0,0,0,0,0,0,0,13,0.9993,0.0404,4.0031,0.1620,70.0266,2.8932,0.9987,0.0167,3.9708,0.0540,74.9769,1.3441,0.0000,0.0000,1.5484,37.6646,0.0000,0.0000,2.5483,50.5273,37.9694,0.0016,0.0010,0.0000
1216,4020,25,385,0.7950,0.0729,97.3151,195.0979,370406.6562,26.2067,0,0,0,0,0,0,0,0,0,0,0,0,13,0.9994,0.0405,4.0033,0.1626,70.0306,2.8991,0.9987,0.0167,3.9708,0.0540,74.9769,1.3441,0.0000,0.0000,1.5484,37.6637,0.0000,0.0000,2.5483,50.5273,37.9694,0.0016,0.0010,0.0000
1217,4028,25,385,0.7950,0.0730,97.3128,195.0979,370787.1562,26.2067,0,0,0,0,0,0,0,0,0,0,0,0,13,0.9994,0.0405,4.0034,0.1627,70.0309,2.9000,0.9987,0.0167,3.9708,0.0540,74.9769,1.3441,0.0000,0.0000,1.5484,37.6629,0.0000,0.0000,2.5483,50.5273,37.9694,0.0016,0.0010,0.0000
1218,4035,25,385,0.7950,0.0730,97.3106,195.0979,371171.5938,26.2067,0,0,0,0,0,0,0,0,0,0,0,0,13,0.9994,0.0405,4.0036,0.1627,70.0331,2.9017,0.9987,0.0167,3.9708,0.0540,74.9769,1.3441,0.0000,0.0000,1.5484,37.6620,0.0000,0.0000,2.5483,50.5273,37.9694,0.0016,0.0010,0.0000
1219,4047,25,385,0.7950,0.0730,97.3088,195.0979,371547.8438,26.2067,0,0,0,0,0,0,0,0,0,0,0,0,13,0.9994,0.0405,4.0035,0.1626,70.0376,2.9062,0.9987,0.0167,3.9708,0.0540,74.9769,1.3441,0.0000,0.0000,1.5484,37.6614,0.0000,0.0000,2.5483,50.5273,37.9694,0.0016,0.0010,0.0000
1220,4061,25,385,0.7951,0.0731,94.6911,195.2655,371801.5625,26.2067,0,0,0,0,0,0,0,0,0,0,0,0,13,0.9993,0.0405,4.0036,0.1625,70.0448,2.9094,0.9987,0.0167,3.9708,0.0540,74.9769,1.3441,0.0000,0.0000,1.4189,36.6849,0.0300,0.0000,2.5596,50.5284,37.9787,0.0002,0.0010,0.0000
1221,4071,25,385,0.7951,0.0731,94.6886,195.2655,372177.2812,26.2067,0,0,0,0,0,0,0,0,0,0,0,0,13,0.9993,0.0404,4.0033,0.1626,70.0424,2.9103,0.9987,0.0167,3.9708,0.0540,74.9769,1.3441,0.0000,0.0000,1.4189,36.6839,0.0000,0.0000,2.5596,50.5284,37.9787,0.0002,0.0010,0.0000
1222,4080,25,385,0.7952,0.0732,94.6851,195.2655,372553.5938,26.2067,0,0,0,0,0,0,0,0,0,0,0,0,13,0.9993,0.0405,4.0036,0.1628,70.0452,2.9107,0.9987,0.0167,3.9708,0.0540,74.9769,1.3441,0.0000,0.0000,1.4189,36.6826,0.0000,0.0000,2.5596,50.5284,37.9787,0.0002,0.0010,0.0000
1223,4089,25,385,0.7952,0.0732,94.6824,195.2655,372934.3750,26.2067,0,0,0,0,0,0,0,0,0,0,0,0,13,0.9993,0.0405,4.0035,0.1629,70.0499,2.9137,0.9987,0.0167,3.9708,0.0540,74.9769,1.3441,0.0000,0.0000,1.4189,36.6815,0.0000,0.0000,2.5596,50.5284,37.9787,0.0002,0.0010,0.0000
1224,4096,25,385,0.7953,0.0732,94.6800,195.2655,373319.4062,26.2067,0,0,0,0,0,0,0,0,0,0,0,0,13,0.9993,0.0405,4.0035,0.1629,70.0518,2.9143,0.9987,0.0167,3.9708,0.0540,74.9769,1.3441,0.0000,0.0000,1.4189,36.6806,0.0000,0.0000,2.5596,50.5284,37.9787,0.0002,0.0010,0.0000
1225,4111,25,385,0.7953,0.0733,94.6776,195.2655,373707.3438,26.2067,0,0,0,0,0,0,0,0,0,0,0,0,13,0.9992,0.0405,4.0036,0.1630,70.0508,2.9142,0.9987,0.0167,3.9708,0.0540,74.9769,1.3441,0.0000,0.0000,1.4189,36.6797,0.0000,0.0000,2.5596,50.5284,37.9787,0.0002,0.0010,0.0000
1226,4124,25,385,0.7953,0.0733,94.6755,195.2655,374102.4375,26.2067,0,0,0,0,0,0,0,0,0,0,0,0,13,0.9992,0.0405,4.0033,0.1630,70.0506,2.9154,0.9987,0.0167,3.9708,0.0540,74.9769,1.3441,0.0000,0.0000,1.4189,36.6789,0.0000,0.0000,2.5596,50.5284,37.9787,0.0002,0.0010,0.0000
1227,4132,25,385,0.7953,0.0734,94.6734,195.2655,374483.1875,26.2067,0,0,0,0,0,0,0,0,0,0,0,0,13,0.9992,0.0405,4.0032,0.1630,70.0482,2.9154,0.9987,0.0167,3.9708,0.0540,74.9769,1.3441,0.0000,0.0000,1.4189,36.6781,0.0000,0.0000,2.5596,50.5284,37.9787,0.0002,0.0010,0.0000
1228,4145,25,385,0.7953,0.0734,94.6713,195.2655,374867.9688,26.2067,0,0,0,0,0,0,0,0,0,0,0,0,13,0.9992,0.0405,4.0033,0.1630,70.0446,2.9170,0.9987,0.0167,3.9708,0.0540,74.9769,1.3441,0.0000,0.0000,1.4189,36.6773,0.0000,0.0000,2.5596,50.5284,37.9787,0.0002,0.0010,0.0000
1229,4149,25,385,0.7953,0.0734,94.6697,195.2655,375244.4062,26.2067,0,0,0,0,0,0,0,0,0,0,0,0,13,0.9992,0.0405,4.0033,0.1630,70.0432,2.9165,0.9987,0.0167,3.9708,0.0540,74.9769,1.3441,0.0000,0.0000,1.4189,36.6767,0.0000,0.0000,2.5596,50.5284,37.9787,0.0002,0.0010,0.0000
1230,4153,25,385,0.7954,0.0735,92.1901,195.3916,375500.9375,26.2067,0,0,0,0,0,0,0,0,0,0,0,0,13,0.9992,0.0405,4.0032,0.1630,70.0443,2.9164,0.9987,0.0167,3.9708,0.0540,74.9769,1.3441,0.0000,0.0000,1.3281,35.7299,0.0215,0.0000,2.5693,50.5286,37.9784,0.0000,0.0010,0.0000
1231,4159,25,385,0.7954,0.0735,92.1877,195.3916,375892.0000,26.2067,0,0,1,0,0,0,0,0,0,0,0,0,13,0.9992,0.0405,4.0031,0.1629,70.0443,2.9180,0.9987,0.0167,3.9708,0.0540,74.9769,1.3441,0.0000,0.0000,1.3281,35.7290,0.0000,0.0000,2.5693,50.5286,37.9784,0.0000,0.0010,0.0000
1232,4166,25,385,0.7954,0.0735,92.1844,195.3916,376268.9375,26.2067,0,0,0,0,0,0,0,0,0,0,0,0,13,0.9992,0.0405,4.0032,0.1630,70.0479,2.9211,0.9987,0.0167,3.9708,0.0540,74.9769,1.3441,0.0000,0.0000,1.3281,35.7277,0.0000,0.0000,2.5693,50.5286,37.9784,0.0000,0.0010,0.0000
1233,4170,25,385,0.7955,0.0736,92.1818,195.3916,376650.1250,26.2067,0,0,0,0,0,0,0,0,0,0,0,0,13,0.9992,0.0405,4.0032,0.1630,70.0487,2.9205,0.9987,0.0167,3.9708,0.0540,74.9769,1.3441,0.0000,0.0000,1.3281,35.7267,0.0000,0.0000,2.5693,50.5286,37.9784,0.0000,0.0010,0.0000
1234,4176,25,385,0.7955,0.0736,92.1796,195.3916,377035.4375,26.2067,0,0,0,0,0,0,0,0,0,0,0,0,13,0.9992,0.0405,4.0032,0.1632,70.0513,2.9217,0.9987,0.0167,3.9708,0.0540,74.9769,1.3441,0.0000,0.0000,1.3281,35.7258,0.0000,0.0000,2.5693,50.5286,37.9784,0.0000,0.0010,0.0000
1235,4179,25,385,0.7955,0.0736,92.1772,195.3916,377438.7500,26.2067,0,0,0,0,1,0,0,0,0,0,0,0,13,0.9992,0.0405,4.0031,0.1633,70.0506,2.9212,0.9987,0.0167,3.9708,0.0540,74.9769,1.3441,0.0000,0.0000,1.3281,35.7249,0.0000,0.0000,2.5693,50.5286,37.9784,0.0000,0.0010,0.0000
1236,4183,25,385,0.7955,0.0737,92.1752,195.3916,377849.0312,26.2067,0,0,0,0,1,0,0,0,0,0,0,0,13,0.9992,0.0405,4.0030,0.1632,70.0504,2.9205,0.9987,0.0167,3.9708,0.0540,74.9769,1.3441,0.0000,0.0000,1.3281,35.7242,0.0000,0.0000,2.5693,50.5286,37.9784,0.0000,0.0010,0.0000
1237,4189,25,385,0.7955,0.0737,92.1733,195.3916,378245.0312,26.2067,0,0,0,0,1,0,0,0,0,0,0,0,13,0.9993,0.0406,4.0029,0.1635,70.0498,2.9194,0.9987,0.0167,3.9708,0.0540,74.9769,1.3441,0.0000,0.0000,1.3281,35.7234,0.0000,0.0000,2.5693,50.5286,37.9784,0.0000,0.0010,0.0000
1238,4195,25,385,0.7955,0.0738,92.1713,195.3916,378630.0312,26.2067,0,0,0,0,0,0,0,0,0,0,0,0,13,0.9993,0.0406,4.0028,0.1636,70.0501,2.9189,0.9987,0.0167,3.9708,0.0540,74.9769,1.3441,0.0000,0.0000,1.3281,35.7226,0.0000,0.0000,2.5693,50.5286,37.9784,0.0000,0.0010,0.0000
1239,4200,25,385,0.7955,0.0738,92.1698,195.3916,379006.6250,26.2067,0,0,0,0,0,0,0,0,0,0,0,0,13,0.9993,0.0406,4.0027,0.1635,70.0478,2.9190,0.9987,0.0167,3.9708,0.0540,74.9769,1.3441,0.0000,0.0000,1.3281,35.7220,0.0000,0.0000,2.5693,50.5286,37.9784,0.0000,0.0010,0.0000
1240,4211,25,385,0.7956,0.0738,89.7060,195.5127,379265.9375,26.2067,0,0,0,0,0,0,0,0,0,0,0,0,13,0.9993,0.0406,4.0028,0.1637,70.0491,2.9224,0.9987,0.0167,3.9708,0.0540,74.9769,1.3441,0.0000,0.0000,1.2576,34.7782,0.0185,0.0000,2.5788,50.5287,37.9779,0.0000,0.0010,0.0000
1241,4218,25,385,0.7956,0.0739,89.7037,195.5127,379642.3438,26.2067,0,0,0,0,0,0,0,0,0,0,0,0,13,0.9993,0.0406,4.0025,0.1637,70.0509,2.9255,0.9987,0.0167,3.9708,0.0540,74.9769,1.3441,0.0000,0.0000,1.2576,34.7773,0.0000,0.0000,2.5788,50.5287,37.9779,0.0000,0.0010,0.0000
1242,4221,25,385,0.7956,0.0739,89.7006,195.5127,380049.9062,26.2067,0,0,2,0,0,0,0,0,0,0,0,0,13,0.9994,0.0407,4.0026,0.1637,70.0515,2.9255,0.9987,0.0167,3.9708,0.0540,74.9769,1.3441,0.0000,0.0000,1.2576,34.7761,0.0000,0.0000,2.5788,50.5287,37.9779,0.0000,0.0010,0.0000
1243,4226,25,385,0.7956,0.0739,89.6981,195.5127,380431.5000,26.2067,0,0,0,0,0,0,0,0,0,0,0,0,13,0.9994,0.0407,4.0027,0.1636,70.0504,2.9248,0.9987,0.0167,3.9708,0.0540,74.9769,1.3441,0.0000,0.0000,1.2576,34.7752,0.0000,0.0000,2.5788,50.5287,37.9779,0.0000,0.0010,0.0000
1244,4235,25,385,0.7956,0.0740,89.6959,195.5127,380847.0938,26.2067,0,0,2,0,0,0,0,0,0,0,0,0,13,0.9994,0.0408,4.0027,0.1637,70.0512,2.9240,0.9987,0.0167,3.9708,0.0540,74.9769,1.3441,0.0000,0.0000,1.2576,34.7743,0.0000,0.0000,2.5788,50.5287,37.9779,0.0000,0.0010,0.0000
1245,4247,25,385,0.7957,0.0740,89.6937,195.5127,381235.6875,26.2067,0,0,0,0,0,0,0,0,0,0,0,0,13,0.9994,0.0408,4.0027,0.1638,70.0524,2.9298,0.9987,0.0167,3.9708,0.0540,74.9769,1.3441,0.0000,0.0000,1.2576,34.7735,0.0000,0.0000,2.5788,50.5287,37.9779,0.0000,0.0010,0.0000
1246,4257,25,385,0.7957,0.0740,89.6918,195.5127,381631.2188,26.2067,0,0,0,0,0,0,0,0,0,0,0,0,13,0.9994,0.0408,4.0027,0.1641,70.0511,2.9281,0.9987,0.0167,3.9708,0.0540,74.9769,1.3441,0.0000,0.0000,1.2576,34.7727,0.0000,0.0000,2.5788,50.5287,37.9779,0.0000,0.0010,0.0000
1247,4267,25,385,0.7957,0.0741,100.7741,195.5127,382012.4375,26.2067,0,0,0,0,0,0,0,0,0,0,0,0,13,0.9994,0.0409,4.0026,0.1642,70.0535,2.9318,0.9987,0.0167,3.9708,0.0540,74.9769,1.3441,5.7299,1.9231,1.8952,38.9724,0.0000,0.8919,2.5788,50.5287,37.9779,0.0000,0.0041,0.0000
1248,4272,25,385,0.7957,0.0741,100.7719,195.5127,382412.6562,26.2067,0,0,1,0,0,0,0,0,0,0,0,0,13,0.9995,0.0409,4.0025,0.1641,70.0545,2.9321,0.9987,0.0167,3.9708,0.0540,74.9769,1.3441,0.0000,0.0000,1.8952,38.9716,0.0000,0.0000,2.5788,50.5287,37.9779,0.0000,0.0041,0.0000
1249,4284,25,385,0.7957,0.0741,100.7701,195.5127,382789.4375,26.2067,0,0,0,0,0,0,0,0,0,0,0,0,13,0.9995,0.0409,4.0024,0.1641,70.0552,2.9308,0.9987,0.0167,3.9708,0.0540,74.9769,1.3441,0.0000,0.0000,1.8952,38.9709,0.0000,0.0000,2.5788,50.5287,37.9779,0.0000,0.0041,0.0000
1250,4293,25,401,0.7958,0.0742,98.2395,195.4628,383275.2500,26.2067,0,0,0,0,0,0,0,0,0,0,0,0,13,0.9995,0.0409,4.0021,0.1643,70.0535,2.9296,0.9987,0.0167,3.9708,0.0540,74.9769,1.3441,0.0000,0.0000,1.6527,37.8892,0.1664,0.0000,2.5852,50.5245,37.9732,0.0030,0.0041,0.0000
1251,4299,24,401,0.7958,0.0742,98.2370,195.4628,383676.9688,26.2067,0,0,0,0,0,0,1,0,0,0,0,0,13,0.9995,0.0409,4.0021,0.1642,70.0524,2.9339,0.9987,0.0170,3.9696,0.0548,74.9759,1.3718,0.0000,0.0000,1.6527,37.8883,0.0000,0.0000,2.5852,50.5245,37.9732,0.0030,0.0041,0.0000
1252,4310,24,401,0.7959,0.0743,98.2337,195.4628,384055.0938,26.2067,0,0,0,0,0,0,0,0,0,0,0,0,13,0.9995,0.0409,4.0022,0.1642,70.0551,2.9343,0.9987,0.0170,3.9696,0.0548,74.9759,1.3718,0.0000,0.0000,1.6527,37.8870,0.0000,0.0000,2.5852,50.5245,37.9732,0.0030,0.0041,0.0000
1253,4317,24,401,0.7959,0.0743,98.2309,195.4628,384437.0625,26.2067,0,0,0,0,0,0,0,0,0,0,0,0,13,0.9995,0.0409,4.0023,0.1643,70.0541,2.9341,0.9987,0.0170,3.9696,0.0548,74.9759,1.3718,0.0000,0.0000,1.6527,37.8859,0.0000,0.0000,2.5852,50.5245,37.9732,0.0030,0.0041,0.0000
1254,4322,24,401,0.7960,0.0744,98.2284,195.4628,384822.9375,26.2067,0,0,0,0,0,0,0,0,0,0,0,0,13,0.9995,0.0410,4.0024,0.1643,70.0524,2.9335,0.9987,0.0170,3.9696,0.0548,74.9759,1.3718,0.0000,0.0000,1.6527,37.8850,0.0000,0.0000,2.5852,50.5245,37.9732,0.0030,0.0041,0.0000
1255,4331,24,401,0.7960,0.0744,98.2259,195.4628,385211.7812,26.2067,0,0,0,0,0,0,0,0,0,0,0,0,13,0.9995,0.0410,4.0026,0.1642,70.0515,2.9323,0.9987,0.0170,3.9696,0.0548,74.9759,1.3718,0.0000,0.0000,1.6527,37.8841,0.0000,0.0000,2.5852,50.5245,37.9732,0.0030,0.0041,0.0000
1256,4342,24,401,0.7960,0.0744,98.2236,195.4628,385607.4688,26.2067,0,0,0,0,0,0,0,0,0,0,0,0,13,0.9995,0.0411,4.0027,0.1642,70.0542,2.9389,0.9987,0.0170,3.9696,0.0548,74.9759,1.3718,0.0000,0.0000,1.6527,37.8832,0.0000,0.0000,2.5852,50.5245,37.9732,0.0030,0.0041,0.0000
1257,4348,24,401,0.7961,0.0745,98.2214,195.4628,385988.8750,26.2067,0,0,0,0,0,0,0,0,0,0,0,0,13,0.9996,0.0411,4.0026,0.1644,70.0567,2.9400,0.9987,0.0170,3.9696,0.0548,74.9759,1.3718,0.0000,0.0000,1.6527,37.8824,0.0000,0.0000,2.5852,50.5245,37.9732,0.0030,0.0041,0.0000
1258,4358,24,401,0.7961,0.0745,98.2192,195.4628,386389.3750,26.2067,0,0,0,0,1,0,0,0,0,0,0,0,13,0.9996,0.0410,4.0025,0.1643,70.0541,2.9426,0.9987,0.0170,3.9696,0.0548,74.9759,1.3718,0.0000,0.0000,1.6527,37.8816,0.0000,0.0000,2.5852,50.5245,37.9732,0.0030,0.0041,0.0000
1259,4385,24,401,0.7961,0.0745,98.2175,195.4628,386766.3750,26.2067,0,0,0,0,0,0,0,0,0,0,0,0,13,0.9996,0.0411,4.0028,0.1643,70.0545,2.9435,0.9987,0.0170,3.9696,0.0548,74.9759,1.3718,0.0000,0.0000,1.6527,37.8809,0.0000,0.0000,2.5852,50.5245,37.9732,0.0030,0.0041,0.0000
1260,4398,24,401,0.7961,0.0746,95.5665,195.5915,387015.3438,26.2067,0,0,0,0,0,0,0,0,0,0,0,1,13,0.9996,0.0411,4.0031,0.1645,70.0566,2.9534,0.9987,0.0170,3.9696,0.0548,74.9759,1.3718,0.0000,0.0000,1.4918,36.9001,0.0364,0.0000,2.5954,50.5247,37.9731,0.0002,0.0041,0.0000
1261,4406,24,401,0.7961,0.0746,95.5641,195.5915,387392.4062,26.2067,0,0,0,0,0,0,0,0,0,0,0,1,13,0.9996,0.0411,4.0031,0.1646,70.0573,2.9523,0.9987,0.0170,3.9696,0.0548,74.9759,1.3718,0.0000,0.0000,1.4918,36.8992,0.0000,0.0000,2.5954,50.5247,37.9731,0.0002,0.0041,0.0000
1262,4417,24,401,0.7962,0.0747,95.5609,195.5915,387771.1562,26.2067,0,0,0,0,0,0,0,0,0,0,0,1,13,0.9996,0.0412,4.0032,0.1645,70.0605,2.9533,0.9987,0.0170,3.9696,0.0548,74.9759,1.3718,0.0000,0.0000,1.4918,36.8980,0.0000,0.0000,2.5954,50.5247,37.9731,0.0002,0.0041,0.0000
1263,4422,24,400,0.7953,0.0747,95.5583,195.5915,388666.6250,26.2067,0,0,0,0,0,0,0,0,0,0,0,0,14,0.9996,0.0412,4.0031,0.1646,70.0591,2.9522,0.9987,0.0170,3.9696,0.0548,74.9759,1.3718,0.0000,0.0000,1.4918,36.8970,0.0000,0.0000,2.5954,50.5247,37.9731,0.0002,0.0041,0.0000
1264,4427,24,400,0.7953,0.0747,95.5559,195.5915,389052.8750,26.2067,0,0,0,0,0,0,0,0,0,0,0,0,14,0.9996,0.0412,4.0031,0.1646,70.0599,2.9519,0.9987,0.0170,3.9696,0.0548,74.9759,1.3718,0.0000,0.0000,1.4918,36.8961,0.0000,0.0000,2.5954,50.5247,37.9731,0.0002,0.0041,0.0000
1265,4436,24,400,0.7953,0.0747,95.5536,195.5915,389442.0938,26.2067,0,0,0,0,0,0,0,0,0,0,0,0,14,0.9996,0.0412,4.0032,0.1648,70.0590,2.9526,0.9987,0.0170,3.9696,0.0548,74.9759,1.3718,0.0000,0.0000,1.4918,36.8952,0.0000,0.0000,2.5954,50.5247,37.9731,0.0002,0.0041,0.0000
1266,4440,24,400,0.7954,0.0748,95.5505,195.5915,389833.3125,26.2067,0,0,0,0,0,0,0,0,0,0,0,0,14,0.9996,0.0412,4.0031,0.1648,70.0581,2.9518,0.9987,0.0170,3.9696,0.0548,74.9759,1.3718,0.0000,0.0000,1.4918,36.8941,0.0000,0.0000,2.5954,50.5247,37.9731,0.0002,0.0041,0.0000
1267,4448,24,400,0.7954,0.0748,95.5485,195.5915,390214.9375,26.2067,0,0,0,0,0,0,0,0,0,0,0,0,14,0.9996,0.0412,4.0033,0.1650,70.0559,2.9514,0.9987,0.0170,3.9696,0.0548,74.9759,1.3718,0.0000,0.0000,1.4918,36.8933,0.0000,0.0000,2.5954,50.5247,37.9731,0.0002,0.0041,0.0000
1268,4453,24,400,0.7954,0.0749,95.5463,195.5915,390615.6562,26.2067,0,0,1,0,0,0,0,0,0,0,0,0,14,0.9996,0.0412,4.0033,0.1650,70.0587,2.9534,0.9987,0.0170,3.9696,0.0548,74.9759,1.3718,0.0000,0.0000,1.4918,36.8925,0.0000,0.0000,2.5954,50.5247,37.9731,0.0002,0.0041,0.0000
1269,4460,24,400,0.7954,0.0749,95.5447,195.5915,390992.8438,26.2067,0,0,0,0,0,0,0,0,0,0,0,0,14,0.9996,0.0412,4.0035,0.1651,70.0616,2.9528,0.9987,0.0170,3.9696,0.0548,74.9759,1.3718,0.0000,0.0000,1.4918,36.8919,0.0000,0.0000,2.5954,50.5247,37.9731,0.0002,0.0041,0.0000
1270,4463,24,400,0.7954,0.0749,92.9502,195.7223,391244.6562,26.2067,0,0,0,0,0,0,0,0,0,0,0,0,14,0.9996,0.0412,4.0034,0.1651,70.0632,2.9527,0.9987,0.0170,3.9696,0.0548,74.9759,1.3718,0.0000,0.0000,1.3871,35.9219,0.0226,0.0000,2.6056,50.5251,37.9750,0.0001,0.0041,0.0000
1271,4473,24,400,0.7954,0.0750,92.9480,195.7223,391622.0312,26.2067,0,0,0,0,0,0,0,0,0,0,0,0,14,0.9996,0.0413,4.0032,0.1652,70.0601,2.9517,0.9987,0.0170,3.9696,0.0548,74.9759,1.3718,0.0000,0.0000,1.3871,35.9211,0.0000,0.0000,2.6056,50.5251,37.9750,0.0001,0.0041,0.0000
1272,4477,24,400,0.7955,0.0750,92.9450,195.7223,392016.3750,26.2067,0,0,1,0,0,0,0,0,0,0,0,0,14,0.9996,0.0413,4.0032,0.1652,70.0561,2.9518,0.9987,0.0170,3.9696,0.0548,74.9759,1.3718,0.0000,0.0000,1.3871,35.9199,0.0000,0.0000,2.6056,50.5251,37.9750,0.0001,0.0041,0.0000
1273,4482,24,400,0.7955,0.0751,92.9425,195.7223,392399.1250,26.2067,0,0,0,0,0,0,0,0,0,0,0,0,14,0.9996,0.0413,4.0030,0.1652,70.0560,2.9503,0.9987,0.0170,3.9696,0.0548,74.9759,1.3718,0.0000,0.0000,1.3871,35.9190,0.0000,0.0000,2.6056,50.5251,37.9750,0.0001,0.0041,0.0000
1274,4493,24,400,0.7955,0.0751,92.9403,195.7223,392785.7188,26.2067,0,0,0,0,0,0,0,0,0,0,0,0,14,0.9996,0.0414,4.0032,0.1655,70.0590,2.9520,0.9987,0.0170,3.9696,0.0548,74.9759,1.3718,0.0000,0.0000,1.3871,35.9181,0.0000,0.0000,2.6056,50.5251,37.9750,0.0001,0.0041,0.0000
1275,4502,24,400,0.7955,0.0751,92.9381,195.7223,393175.2812,26.2067,0,0,0,0,0,0,0,0,0,0,0,0,14,0.9996,0.0414,4.0032,0.1655,70.0590,2.9517,0.9987,0.0170,3.9696,0.0548,74.9759,1.3718,0.0000,0.0000,1.3871,35.9173,0.0000,0.0000,2.6056,50.5251,37.9750,0.0001,0.0041,0.0000
1276,4514,24,400,0.7956,0.0752,92.9353,195.7223,393566.9062,26.2067,0,0,0,0,0,0,0,0,0,0,0,0,14,0.9996,0.0414,4.0034,0.1655,70.0643,2.9517,0.9987,0.0170,3.9696,0.0548,74.9759,1.3718,0.0000,0.0000,1.3871,35.9162,0.0000,0.0000,2.6056,50.5251,37.9750,0.0001,0.0041,0.0000
1277,4521,24,400,0.7956,0.0752,92.9334,195.7223,393948.7812,26.2067,0,0,0,0,0,0,0,0,0,0,0,0,14,0.9996,0.0415,4.0033,0.1656,70.0674,2.9537,0.9987,0.0170,3.9696,0.0548,74.9759,1.3718,0.0000,0.0000,1.3871,35.9155,0.0000,0.0000,2.6056,50.5251,37.9750,0.0001,0.0041,0.0000
1278,4528,24,400,0.7956,0.0752,92.9314,195.7223,394349.7188,26.2067,0,0,0,0,1,0,0,0,0,0,0,0,14,0.9997,0.0415,4.0033,0.1656,70.0700,2.9580,0.9987,0.0170,3.9696,0.0548,74.9759,1.3718,0.0000,0.0000,1.3871,35.9147,0.0000,0.0000,2.6056,50.5251,37.9750,0.0001,0.0041,0.0000
1279,4536,24,400,0.7956,0.0753,92.9299,195.7223,394727.0625,26.2067,0,0,0,0,0,0,0,0,0,0,0,0,14,0.9997,0.0415,4.0033,0.1656,70.0687,2.9587,0.9987,0.0170,3.9696,0.0548,74.9759,1.3718,0.0000,0.0000,1.3871,35.9141,0.0000,0.0000,2.6056,50.5251,37.9750,0.0001,0.0041,0.0000
1280,4539,24,400,0.7956,0.0753,90.4216,195.8425,394981.8750,26.2067,0,0,0,0,0,0,0,0,0,0,0,0,14,0.9997,0.0415,4.0033,0.1656,70.0689,2.9590,0.9987,0.0170,3.9696,0.0548,74.9759,1.3718,0.0000,0.0000,1.3048,34.9612,0.0192,0.0000,2.6153,50.5252,37.9747,0.0000,0.0041,0.0000
1281,4548,24,400,0.7956,0.0753,90.4195,195.8425,395359.4688,26.2067,0,0,0,0,0,0,0,0,0,0,0,0,14,0.9997,0.0416,4.0034,0.1657,70.0695,2.9622,0.9987,0.0170,3.9696,0.0548,74.9759,1.3718,0.0000,0.0000,1.3048,34.9604,0.0000,0.0000,2.6153,50.5252,37.9747,0.0000,0.0041,0.0000
1282,4568,24,400,0.7956,0.0754,101.6143,195.8425,395739.3438,26.2067,0,0,0,0,0,0,0,0,0,0,0,0,14,0.9997,0.0416,4.0035,0.1662,70.0690,2.9647,0.9987,0.0170,3.9696,0.0548,74.9759,1.3718,5.8970,1.9900,1.9319,39.2840,0.0000,0.9452,2.6153,50.5252,37.9747,0.0000,0.0043,0.0000
1283,4574,24,400,0.7957,0.0754,101.6117,195.8425,396122.4688,26.2067,0,0,0,0,0,0,0,0,0,0,0,0,14,0.9998,0.0417,4.0036,0.1664,70.0691,2.9685,0.9987,0.0170,3.9696,0.0548,74.9759,1.3718,0.0000,0.0000,1.9319,39.2829,0.0000,0.0000,2.6153,50.5252,37.9747,0.0000,0.0043,0.0000
1284,4588,24,400,0.7957,0.0755,101.6092,195.8425,396509.3125,26.2067,0,0,0,0,0,0,0,0,0,0,0,0,14,0.9997,0.0417,4.0036,0.1663,70.0680,2.9689,0.9987,0.0170,3.9696,0.0548,74.9759,1.3718,0.0000,0.0000,1.9319,39.2820,0.0000,0.0000,2.6153,50.5252,37.9747,0.0000,0.0043,0.0000
1285,4591,24,400,0.7957,0.0755,101.6069,195.8425,396899.1250,26.2067,0,0,0,0,0,0,0,0,0,0,0,0,14,0.9998,0.0417,4.0037,0.1664,70.0689,2.9683,0.9987,0.0170,3.9696,0.0548,74.9759,1.3718,0.0000,0.0000,1.9319,39.2811,0.0000,0.0000,2.6153,50.5252,37.9747,0.0000,0.0043,0.0000
1286,4595,24,400,0.7958,0.0755,101.6039,195.8425,397291.1250,26.2067,0,0,0,0,0,0,0,0,0,0,0,0,14,0.9998,0.0417,4.0039,0.1665,70.0667,2.9718,0.9987,0.0170,3.9696,0.0548,74.9759,1.3718,0.0000,0.0000,1.9319,39.2800,0.0000,0.0000,2.6153,50.5252,37.9747,0.0000,0.0043,0.0000
1287,4604,24,400,0.7958,0.0756,101.6018,195.8425,397673.2500,26.2067,0,0,0,0,0,0,0,0,0,0,0,0,14,0.9998,0.0417,4.0037,0.1665,70.0649,2.9715,0.9987,0.0170,3.9696,0.0548,74.9759,1.3718,0.0000,0.0000,1.9319,39.2792,0.0000,0.0000,2.6153,50.5252,37.9747,0.0000,0.0043,0.0000
1288,4615,24,400,0.7958,0.0756,101.5996,195.8425,398059.3750,26.2067,0,0,0,0,0,0,0,0,0,0,0,0,14,0.9998,0.0418,4.0037,0.1665,70.0662,2.9722,0.9987,0.0170,3.9696,0.0548,74.9759,1.3718,0.0000,0.0000,1.9319,39.2784,0.0000,0.0000,2.6153,50.5252,37.9747,0.0000,0.0043,0.0000
1289,4632,24,400,0.7959,0.0756,101.5979,195.8425,398436.8750,26.2067,0,0,0,0,0,0,0,0,0,0,0,0,14,0.9997,0.0418,4.0037,0.1664,70.0689,2.9741,0.9987,0.0170,3.9696,0.0548,74.9759,1.3718,0.0000,0.0000,1.9319,39.2777,0.0000,0.0000,2.6153,50.5252,37.9747,0.0000,0.0043,0.0000
1290,4643,24,400,0.7959,0.0757,99.0997,195.8206,398677.3750,26.2067,0,0,0,0,0,0,0,0,0,0,0,1,14,0.9997,0.0419,4.0035,0.1668,70.0711,2.9762,0.9987,0.0170,3.9696,0.0548,74.9759,1.3718,0.0000,0.0000,1.6864,38.1373,0.2517,0.0000,2.6198,50.5211,37.9727,0.0054,0.0043,0.0000
1291,4651,24,400,0.7959,0.0757,99.0973,195.8206,399055.1875,26.2067,0,0,0,0,0,0,0,0,0,0,0,2,14,0.9997,0.0419,4.0036,0.1670,70.0705,2.9769,0.9987,0.0170,3.9696,0.0548,74.9759,1.3718,0.0000,0.0000,1.6864,38.1364,0.0000,0.0000,2.6198,50.5211,37.9727,0.0054,0.0043,0.0000
1292,4658,24,400,0.7960,0.0758,99.0942,195.8206,399435.5000,26.2067,0,0,0,0,0,0,0,0,0,0,0,2,14,0.9996,0.0419,4.0033,0.1673,70.0697,2.9777,0.9987,0.0170,3.9696,0.0548,74.9759,1.3718,0.0000,0.0000,1.6864,38.1352,0.0000,0.0000,2.6198,50.5211,37.9727,0.0054,0.0043,0.0000
1293,4672,24,400,0.7950,0.0758,99.0916,195.8206,400381.7500,26.2067,0,0,0,0,0,0,0,0,0,0,0,1,15,0.9996,0.0420,4.0033,0.1674,70.0698,2.9806,0.9987,0.0170,3.9696,0.0548,74.9759,1.3718,0.0000,0.0000,1.6864,38.1342,0.0000,0.0000,2.6198,50.5211,37.9727,0.0054,0.0043,0.0000
1294,4688,24,397,0.7942,0.0755,99.0892,195.8206,401591.3750,26.2067,0,0,0,0,0,0,0,0,0,0,0,0,16,0.9996,0.0420,4.0030,0.1677,70.0704,2.9803,0.9987,0.0170,3.9696,0.0548,74.9759,1.3718,0.0000,0.0000,1.6864,38.1334,0.0000,0.0000,2.6198,50.5211,37.9727,0.0054,0.0043,0.0000
1295,4700,24,397,0.7942,0.0755,99.0863,195.8206,401974.8125,26.2067,0,0,0,0,0,0,0,0,0,0,0,0,16,0.9996,0.0420,4.0032,0.1678,70.0735,2.9792,0.9987,0.0170,3.9696,0.0548,74.9759,1.3718,0.0000,0.0000,1.6864,38.1323,0.0000,0.0000,2.6198,50.5211,37.9727,0.0054,0.0043,0.0000
1296,4708,24,397,0.7943,0.0756,99.0834,195.8206,402367.3125,26.2067,0,0,0,0,0,0,0,0,0,0,0,0,16,0.9996,0.0420,4.0032,0.1678,70.0680,2.9832,0.9987,0.0170,3.9696,0.0548,74.9759,1.3718,0.0000,0.0000,1.6864,38.1312,0.0000,0.0000,2.6198,50.5211,37.9727,0.0054,0.0043,0.0000
1297,4717,24,397,0.7943,0.0756,99.0805,195.8206,402744.0625,26.2067,0,0,0,0,0,0,0,0,0,0,0,0,16,0.9996,0.0420,4.0031,0.1679,70.0688,2.9813,0.9987,0.0170,3.9696,0.0548,74.9759,1.3718,0.0000,0.0000,1.6864,38.1301,0.0000,0.0000,2.6198,50.5211,37.9727,0.0054,0.0043,0.0000
1298,4736,24,397,0.7943,0.0757,99.0783,195.8206,403145.4375,26.2067,0,0,1,0,0,0,0,0,0,0,0,0,16,0.9995,0.0420,4.0033,0.1678,70.0681,2.9831,0.9987,0.0170,3.9696,0.0548,74.9759,1.3718,0.0000,0.0000,1.6864,38.1293,0.0000,0.0000,2.6198,50.5211,37.9727,0.0054,0.0043,0.0000
1299,4754,24,397,0.7943,0.0757,99.0766,195.8206,403523.0938,26.2067,0,0,0,0,0,0,0,0,0,0,0,0,16,0.9996,0.0422,4.0034,0.1680,70.0689,2.9827,0.9987,0.0170,3.9696,0.0548,74.9759,1.3718,0.0000,0.0000,1.6864,38.1286,0.0000,0.0000,2.6198,50.5211,37.9727,0.0054,0.0043,0.0000
1300,4760,24,336,0.7944,0.0757,96.3607,195.8769,406685.7500,25.3292,0,0,0,0,0,0,0,0,0,0,0,1,16,0.9996,0.0422,4.0035,0.1682,70.0693,2.9823,0.9987,0.0170,3.9696,0.0548,74.9759,1.3718,0.0000,0.0000,1.5200,37.1228,0.0415,0.0000,2.6299,50.5215,37.9746,0.0003,0.0043,0.0000
1301,4767,24,336,0.7944,0.0757,96.3587,195.8769,407063.8438,25.3292,0,0,0,0,0,0,0,0,0,0,0,1,16,0.9996,0.0422,4.0037,0.1684,70.0687,2.9812,0.9987,0.0170,3.9696,0.0548,74.9759,1.3718,0.0000,0.0000,1.5200,37.1221,0.0000,0.0000,2.6299,50.5215,37.9746,0.0003,0.0043,0.0000
1302,4774,24,336,0.7944,0.0758,96.3561,195.8769,407444.6562,25.3292,0,0,0,0,0,0,0,0,0,0,0,1,16,0.9995,0.0422,4.0035,0.1683,70.0690,2.9814,0.9987,0.0170,3.9696,0.0548,74.9759,1.3718,0.0000,0.0000,1.5200,37.1211,0.0000,0.0000,2.6299,50.5215,37.9746,0.0003,0.0043,0.0000
1303,4782,24,335,0.7935,0.0757,96.3540,195.8769,408486.7812,25.3292,0,0,1,0,0,0,0,0,0,0,0,0,17,0.9995,0.0422,4.0037,0.1687,70.0716,2.9818,0.9987,0.0170,3.9696,0.0548,74.9759,1.3718,0.0000,0.0000,1.5200,37.1203,0.0000,0.0000,2.6299,50.5215,37.9746,0.0003,0.0043,0.0000
1304,4787,24,335,0.7935,0.0757,96.3521,195.8769,408874.1562,25.3292,0,0,0,0,0,0,0,0,0,0,0,0,17,0.9995,0.0422,4.0038,0.1687,70.0700,2.9813,0.9987,0.0170,3.9696,0.0548,74.9759,1.3718,0.0000,0.0000,1.5200,37.1196,0.0000,0.0000,2.6299,50.5215,37.9746,0.0003,0.0043,0.0000
1305,4795,24,335,0.7936,0.0757,96.3494,195.8769,409258.0312,25.3292,0,0,0,0,0,0,0,0,0,0,0,0,17,0.9996,0.0422,4.0038,0.1688,70.0656,2.9849,0.9987,0.0170,3.9696,0.0548,74.9759,1.3718,0.0000,0.0000,1.5200,37.1186,0.0000,0.0000,2.6299,50.5215,37.9746,0.0003,0.0043,0.0000
1306,4803,24,335,0.7936,0.0757,96.3468,195.8769,409665.9375,25.3292,0,0,0,0,1,0,0,0,0,0,0,0,17,0.9996,0.0423,4.0039,0.1691,70.0652,2.9864,0.9987,0.0170,3.9696,0.0548,74.9759,1.3718,0.0000,0.0000,1.5200,37.1176,0.0000,0.0000,2.6299,50.5215,37.9746,0.0003,0.0043,0.0000
1307,4810,24,335,0.7936,0.0758,96.3441,195.8769,410043.1250,25.3292,0,0,0,0,0,0,0,0,0,0,0,0,17,0.9995,0.0423,4.0038,0.1691,70.0666,2.9857,0.9987,0.0170,3.9696,0.0548,74.9759,1.3718,0.0000,0.0000,1.5200,37.1166,0.0000,0.0000,2.6299,50.5215,37.9746,0.0003,0.0043,0.0000
1308,4816,24,335,0.7936,0.0758,96.3423,195.8769,410429.7500,25.3292,0,0,0,0,0,0,0,0,0,0,0,0,17,0.9996,0.0423,4.0038,0.1692,70.0666,2.9851,0.9987,0.0170,3.9696,0.0548,74.9759,1.3718,0.0000,0.0000,1.5200,37.1159,0.0000,0.0000,2.6299,50.5215,37.9746,0.0003,0.0043,0.0000
1309,4826,24,335,0.7936,0.0758,96.3409,195.8769,410807.5312,25.3292,0,0,0,0,0,0,0,0,0,0,0,0,17,0.9996,0.0423,4.0038,0.1691,70.0679,2.9872,0.9987,0.0170,3.9696,0.0548,74.9759,1.3718,0.0000,0.0000,1.5200,37.1154,0.0000,0.0000,2.6299,50.5215,37.9746,0.0003,0.0043,0.0000
1310,4832,24,335,0.7937,0.0758,93.7951,196.0223,411072.6875,25.3292,0,0,0,0,1,0,0,0,0,0,0,0,17,0.9996,0.0423,4.0036,0.1691,70.0700,2.9863,0.9987,0.0170,3.9696,0.0548,74.9759,1.3718,0.0000,0.0000,1.4136,36.1653,0.0237,0.0000,2.6403,50.5220,37.9774,0.0001,0.0043,0.0000
1311,4841,24,335,0.7937,0.0758,93.7924,196.0223,411445.1250,25.3292,0,0,0,0,0,0,0,0,0,0,0,0,17,0.9995,0.0424,4.0036,0.1691,70.0725,2.9881,0.9987,0.0170,3.9696,0.0548,74.9759,1.3718,0.0000,0.0000,1.4136,36.1643,0.0000,0.0000,2.6403,50.5220,37.9774,0.0001,0.0043,0.0000
1312,4850,24,335,0.7938,0.0759,93.7900,196.0223,411826.3125,25.3292,0,0,0,0,0,0,0,0,0,0,0,0,17,0.9995,0.0424,4.0034,0.1691,70.0719,2.9870,0.9987,0.0170,3.9696,0.0548,74.9759,1.3718,0.0000,0.0000,1.4136,36.1633,0.0000,0.0000,2.6403,50.5220,37.9774,0.0001,0.0043,0.0000
1313,4862,24,335,0.7938,0.0759,93.7880,196.0223,412210.4688,25.3292,0,0,0,0,0,0,0,0,0,0,0,0,17,0.9995,0.0424,4.0036,0.1693,70.0692,2.9876,0.9987,0.0170,3.9696,0.0548,74.9759,1.3718,0.0000,0.0000,1.4136,36.1626,0.0000,0.0000,2.6403,50.5220,37.9774,0.0001,0.0043,0.0000
1314,4863,24,335,0.7938,0.0759,93.7862,196.0223,412598.0000,25.3292,0,0,0,0,0,0,0,0,0,0,0,0,17,0.9995,0.0424,4.0035,0.1693,70.0680,2.9886,0.9987,0.0170,3.9696,0.0548,74.9759,1.3718,0.0000,0.0000,1.4136,36.1619,0.0000,0.0000,2.6403,50.5220,37.9774,0.0001,0.0043,0.0000
1315,4870,24,335,0.7938,0.0759,93.7838,196.0223,412982.1875,25.3292,0,0,0,0,0,0,0,0,0,0,0,0,17,0.9995,0.0424,4.0034,0.1695,70.0679,2.9876,0.9987,0.0170,3.9696,0.0548,74.9759,1.3718,0.0000,0.0000,1.4136,36.1610,0.0000,0.0000,2.6403,50.5220,37.9774,0.0001,0.0043,0.0000
1316,4876,24,335,0.7938,0.0759,93.7813,196.0223,413390.4688,25.3292,0,0,0,0,1,0,0,0,0,0,0,0,17,0.9995,0.0424,4.0033,0.1694,70.0675,2.9875,0.9987,0.0170,3.9696,0.0548,74.9759,1.3718,0.0000,0.0000,1.4136,36.1600,0.0000,0.0000,2.6403,50.5220,37.9774,0.0001,0.0043,0.0000
1317,4883,24,335,0.7939,0.0760,93.7788,196.0223,413768.0312,25.3292,0,0,0,0,0,0,0,0,0,0,0,0,17,0.9995,0.0424,4.0033,0.1695,70.0694,2.9886,0.9987,0.0170,3.9696,0.0548,74.9759,1.3718,0.0000,0.0000,1.4136,36.1591,0.0000,0.0000,2.6403,50.5220,37.9774,0.0001,0.0043,0.0000
1318,4894,24,335,0.7939,0.0760,93.7772,196.0223,414154.8125,25.3292,0,0,0,0,0,0,0,0,0,0,0,0,17,0.9995,0.0424,4.0036,0.1696,70.0684,2.9883,0.9987,0.0170,3.9696,0.0548,74.9759,1.3718,0.0000,0.0000,1.4136,36.1585,0.0000,0.0000,2.6403,50.5220,37.9774,0.0001,0.0043,0.0000
1319,4901,24,335,0.7939,0.0760,93.7758,196.0223,414547.6875,25.3292,0,0,1,0,0,0,0,0,0,0,0,0,17,0.9994,0.0424,4.0037,0.1696,70.0650,2.9903,0.9987,0.0170,3.9696,0.0548,74.9759,1.3718,0.0000,0.0000,1.4136,36.1579,0.0000,0.0000,2.6403,50.5220,37.9774,0.0001,0.0043,0.0000
1320,4910,24,335,0.7939,0.0760,91.3174,196.1516,414800.7812,25.3292,0,0,0,0,0,0,0,0,0,0,0,0,17,0.9994,0.0424,4.0039,0.1696,70.0634,2.9918,0.9987,0.0170,3.9696,0.0548,74.9759,1.3718,0.0000,0.0000,1.3314,35.2252,0.0194,0.0000,2.6499,50.5221,37.9771,0.0000,0.0043,0.0000
1321,4923,24,335,0.7939,0.0760,91.3149,196.1516,415188.6562,25.3292,0,0,1,0,0,0,0,0,0,0,0,0,17,0.9994,0.0425,4.0038,0.1696,70.0605,2.9964,0.9987,0.0170,3.9696,0.0548,74.9759,1.3718,0.0000,0.0000,1.3314,35.2242,0.0000,0.0000,2.6499,50.5221,37.9771,0.0000,0.0043,0.0000
1322,4929,24,335,0.7940,0.0761,91.3126,196.1516,415570.1250,25.3292,0,0,0,0,0,0,0,0,0,0,0,0,17,0.9994,0.0425,4.0040,0.1696,70.0598,2.9955,0.9987,0.0170,3.9696,0.0548,74.9759,1.3718,0.0000,0.0000,1.3314,35.2233,0.0000,0.0000,2.6499,50.5221,37.9771,0.0000,0.0043,0.0000
1323,4946,24,335,0.7940,0.0761,91.3107,196.1516,415954.5000,25.3292,0,0,0,0,0,0,0,0,0,0,0,0,17,0.9994,0.0425,4.0043,0.1698,70.0606,2.9953,0.9987,0.0170,3.9696,0.0548,74.9759,1.3718,0.0000,0.0000,1.3314,35.2226,0.0000,0.0000,2.6499,50.5221,37.9771,0.0000,0.0043,0.0000
1324,4959,24,335,0.7940,0.0761,91.3090,196.1516,416342.0938,25.3292,0,0,0,0,0,0,0,0,0,0,0,0,17,0.9993,0.0425,4.0043,0.1698,70.0607,2.9956,0.9987,0.0170,3.9696,0.0548,74.9759,1.3718,0.0000,0.0000,1.3314,35.2219,0.0000,0.0000,2.6499,50.5221,37.9771,0.0000,0.0043,0.0000
1325,4967,24,335,0.7940,0.0761,91.3067,196.1516,416726.6250,25.3292,0,0,0,0,0,0,0,0,0,0,0,0,17,0.9992,0.0425,4.0045,0.1700,70.0600,2.9955,0.9987,0.0170,3.9696,0.0548,74.9759,1.3718,0.0000,0.0000,1.3314,35.2210,0.0000,0.0000,2.6499,50.5221,37.9771,0.0000,0.0043,0.0000
1326,4974,24,335,0.7940,0.0761,91.3044,196.1516,417150.2500,25.3292,0,0,2,0,0,0,0,0,0,0,0,0,17,0.9993,0.0425,4.0047,0.1701,70.0613,2.9956,0.9987,0.0170,3.9696,0.0548,74.9759,1.3718,0.0000,0.0000,1.3314,35.2202,0.0000,0.0000,2.6499,50.5221,37.9771,0.0000,0.0043,0.0000
1327,4978,24,335,0.7941,0.0762,91.3019,196.1516,417543.1562,25.3292,0,0,1,0,0,0,0,0,0,0,0,0,17,0.9993,0.0426,4.0047,0.1703,70.0641,2.9957,0.9987,0.0170,3.9696,0.0548,74.9759,1.3718,0.0000,0.0000,1.3314,35.2192,0.0000,0.0000,2.6499,50.5221,37.9771,0.0000,0.0043,0.0000
1328,4984,24,335,0.7940,0.0762,91.3005,196.1516,417930.0312,25.3292,0,0,0,0,0,0,0,0,0,0,0,0,17,0.9992,0.0426,4.0047,0.1703,70.0641,2.9968,0.9987,0.0170,3.9696,0.0548,74.9759,1.3718,0.0000,0.0000,1.3314,35.2186,0.0000,0.0000,2.6499,50.5221,37.9771,0.0000,0.0043,0.0000
1329,4988,24,335,0.7940,0.0762,91.2992,196.1516,418308.0312,25.3292,0,0,0,0,0,0,0,0,0,0,0,0,17,0.9992,0.0426,4.0049,0.1704,70.0621,2.9971,0.9987,0.0170,3.9696,0.0548,74.9759,1.3718,0.0000,0.0000,1.3314,35.2181,0.0000,0.0000,2.6499,50.5221,37.9771,0.0000,0.0043,0.0000
1330,4997,24,335,0.7941,0.0762,88.8730,196.2745,418563.9688,25.3292,0,0,0,0,0,0,0,0,0,0,0,0,17,0.9992,0.0426,4.0049,0.1704,70.0630,2.9968,0.9987,0.0170,3.9696,0.0548,74.9759,1.3718,0.0000,0.0000,1.2626,34.2915,0.0170,0.0000,2.6593,50.5223,37.9768,0.0000,0.0043,0.0000
1331,5006,24,335,0.7941,0.0762,88.8706,196.2745,418937.1875,25.3292,0,0,0,0,0,0,0,0,0,0,0,0,17,0.9992,0.0426,4.0049,0.1705,70.0590,2.9988,0.9987,0.0170,3.9696,0.0548,74.9759,1.3718,0.0000,0.0000,1.2626,34.2906,0.0000,0.0000,2.6593,50.5223,37.9768,0.0000,0.0043,0.0000
1332,5012,24,335,0.7941,0.0763,88.8684,196.2745,419333.9062,25.3292,0,0,0,0,1,0,0,0,0,0,0,0,17,0.9992,0.0426,4.0048,0.1706,70.0575,3.0025,0.9987,0.0170,3.9696,0.0548,74.9759,1.3718,0.0000,0.0000,1.2626,34.2898,0.0000,0.0000,2.6593,50.5223,37.9768,0.0000,0.0043,0.0000
1333,5020,24,335,0.7941,0.0763,88.8666,196.2745,419718.4375,25.3292,0,0,0,0,0,0,0,0,0,0,0,0,17,0.9992,0.0426,4.0046,0.1707,70.0537,3.0032,0.9987,0.0170,3.9696,0.0548,74.9759,1.3718,0.0000,0.0000,1.2626,34.2891,0.0000,0.0000,2.6593,50.5223,37.9768,0.0000,0.0043,0.0000
1334,5029,24,335,0.7941,0.0763,88.8650,196.2745,420106.0938,25.3292,0,0,0,0,0,0,0,0,0,0,0,0,17,0.9992,0.0426,4.0046,0.1706,70.0579,3.0081,0.9987,0.0170,3.9696,0.0548,74.9759,1.3718,0.0000,0.0000,1.2626,34.2885,0.0000,0.0000,2.6593,50.5223,37.9768,0.0000,0.0043,0.0000
1335,5040,24,335,0.7941,0.0763,88.8627,196.2745,420490.9062,25.3292,0,0,0,0,0,0,0,0,0,0,0,0,17,0.9992,0.0426,4.0045,0.1705,70.0605,3.0112,0.9987,0.0170,3.9696,0.0548,74.9759,1.3718,0.0000,0.0000,1.2626,34.2876,0.0000,0.0000,2.6593,50.5223,37.9768,0.0000,0.0043,0.0000
1336,5047,24,335,0.7941,0.0763,88.8606,196.2745,420884.8125,25.3292,0,0,0,0,0,0,0,0,0,0,0,0,17,0.9992,0.0426,4.0044,0.1706,70.0626,3.0116,0.9987,0.0170,3.9696,0.0548,74.9759,1.3718,0.0000,0.0000,1.2626,34.2868,0.0000,0.0000,2.6593,50.5223,37.9768,0.0000,0.0043,0.0000
1337,5048,24,335,0.7942,0.0764,88.8582,196.2745,421293.0312,25.3292,0,0,1,0,1,0,0,0,0,0,0,0,17,0.9992,0.0426,4.0044,0.1707,70.0631,3.0115,0.9987,0.0170,3.9696,0.0548,74.9759,1.3718,0.0000,0.0000,1.2626,34.2859,0.0000,0.0000,2.6593,50.5223,37.9768,0.0000,0.0043,0.0000
1338,5063,24,335,0.7941,0.0764,88.8568,196.2745,421695.0000,25.3292,0,0,1,0,0,0,0,0,0,0,0,0,17,0.9992,0.0426,4.0043,0.1708,70.0607,3.0134,0.9987,0.0170,3.9696,0.0548,74.9759,1.3718,0.0000,0.0000,1.2626,34.2853,0.0000,0.0000,2.6593,50.5223,37.9768,0.0000,0.0043,0.0000
1339,5081,24,335,0.7941,0.0764,88.8556,196.2745,422088.0312,25.3292,0,0,1,0,0,0,0,0,0,0,0,0,17,0.9992,0.0426,4.0040,0.1711,70.0569,3.0169,0.9987,0.0170,3.9696,0.0548,74.9759,1.3718,0.0000,0.0000,1.2626,34.2848,0.0000,0.0000,2.6593,50.5223,37.9768,0.0000,0.0043,0.0000
1340,5089,24,335,0.7941,0.0764,86.4385,196.3928,422346.8750,25.3292,0,0,0,0,0,0,0,0,0,0,0,1,17,0.9993,0.0426,4.0040,0.1712,70.0552,3.0165,0.9987,0.0170,3.9696,0.0548,74.9759,1.3718,0.0000,0.0000,1.2071,33.3598,0.0160,0.0000,2.6685,50.5224,37.9763,0.0000,0.0043,0.0000
1341,5100,24,335,0.7941,0.0764,86.4362,196.3928,422720.4062,25.3292,0,0,0,0,0,0,0,0,0,0,0,1,17,0.9992,0.0426,4.0042,0.1712,70.0524,3.0163,0.9987,0.0170,3.9696,0.0548,74.9759,1.3718,0.0000,0.0000,1.2071,33.3590,0.0000,0.0000,2.6685,50.5224,37.9763,0.0000,0.0043,0.0000
1342,5113,24,335,0.7941,0.0765,86.4341,196.3928,423102.3125,25.3292,0,0,0,0,0,0,0,0,0,0,0,1,17,0.9992,0.0426,4.0042,0.1712,70.0528,3.0140,0.9987,0.0170,3.9696,0.0548,74.9759,1.3718,0.0000,0.0000,1.2071,33.3582,0.0000,0.0000,2.6685,50.5224,37.9763,0.0000,0.0043,0.0000
1343,5125,24,335,0.7932,0.0761,86.4324,196.3928,424052.7500,25.3292,0,0,0,0,0,0,0,0,0,0,0,0,18,0.9993,0.0427,4.0044,0.1715,70.0496,3.0131,0.9987,0.0170,3.9696,0.0548,74.9759,1.3718,0.0000,0.0000,1.2071,33.3575,0.0000,0.0000,2.6685,50.5224,37.9763,0.0000,0.0043,0.0000
1344,5133,24,335,0.7932,0.0762,86.4308,196.3928,424440.4688,25.3292,0,0,0,0,0,0,0,0,0,0,0,0,18,0.9993,0.0427,4.0043,0.1716,70.0483,3.0146,0.9987,0.0170,3.9696,0.0548,74.9759,1.3718,0.0000,0.0000,1.2071,33.3569,0.0000,0.0000,2.6685,50.5224,37.9763,0.0000,0.0043,0.0000
1345,5138,24,335,0.7932,0.0762,86.4287,196.3928,424840.5312,25.3292,0,0,0,0,1,0,0,0,0,0,0,0,18,0.9992,0.0426,4.0042,0.1717,70.0498,3.0145,0.9987,0.0170,3.9696,0.0548,74.9759,1.3718,0.0000,0.0000,1.2071,33.3561,0.0000,0.0000,2.6685,50.5224,37.9763,0.0000,0.0043,0.0000
1346,5151,24,335,0.7932,0.0762,86.4267,196.3928,425234.5938,25.3292,0,0,0,0,0,0,0,0,0,0,0,0,18,0.9992,0.0426,4.0039,0.1718,70.0508,3.0120,0.9987,0.0170,3.9696,0.0548,74.9759,1.3718,0.0000,0.0000,1.2071,33.3553,0.0000,0.0000,2.6685,50.5224,37.9763,0.0000,0.0043,0.0000
1347,5165,24,335,0.7932,0.0762,86.4245,196.3928,425613.0312,25.3292,0,0,0,0,0,0,0,0,0,0,0,0,18,0.9992,0.0427,4.0040,0.1718,70.0494,3.0171,0.9987,0.0170,3.9696,0.0548,74.9759,1.3718,0.0000,0.0000,1.2071,33.3544,0.0000,0.0000,2.6685,50.5224,37.9763,0.0000,0.0043,0.0000
1348,5173,24,335,0.7932,0.0762,86.4231,196.3928,425999.9375,25.3292,0,0,0,0,0,0,0,0,0,0,0,0,18,0.9992,0.0427,4.0040,0.1718,70.0500,3.0183,0.9987,0.0170,3.9696,0.0548,74.9759,1.3718,0.0000,0.0000,1.2071,33.3539,0.0000,0.0000,2.6685,50.5224,37.9763,0.0000,0.0043,0.0000
1349,5181,24,335,0.7932,0.0763,86.4215,196.3928,426372.6562,25.3292,0,0,0,0,0,0,0,0,0,0,0,0,18,0.9992,0.0427,4.0040,0.1717,70.0478,3.0190,0.9987,0.0170,3.9696,0.0548,74.9759,1.3718,0.0000,0.0000,1.2071,33.3533,0.0000,0.0000,2.6685,50.5224,37.9763,0.0000,0.0043,0.0000
1350,5189,24,298,0.7932,0.0763,83.9909,196.4167,428233.9375,25.3292,0,0,0,0,0,0,0,0,0,0,0,2,18,0.9992,0.0427,4.0040,0.1717,70.0466,3.0179,0.9987,0.0170,3.9696,0.0548,74.9759,1.3718,0.0000,0.0000,1.1592,32.4220,0.0151,0.0000,2.6768,50.5223,37.9747,0.0000,0.0043,0.0000
1351,5196,24,298,0.7932,0.0763,83.9889,196.4167,428607.6562,25.3292,0,0,0,0,0,0,0,0,0,0,0,3,18,0.9992,0.0427,4.0039,0.1717,70.0472,3.0193,0.9987,0.0170,3.9696,0.0548,74.9759,1.3718,0.0000,0.0000,1.1592,32.4212,0.0000,0.0000,2.6768,50.5223,37.9747,0.0000,0.0043,0.0000
1352,5207,24,298,0.7932,0.0763,83.9869,196.4167,428989.7812,25.3292,0,0,0,0,0,0,0,0,0,0,0,3,18,0.9993,0.0428,4.0039,0.1718,70.0514,3.0245,0.9987,0.0170,3.9696,0.0548,74.9759,1.3718,0.0000,0.0000,1.1592,32.4204,0.0000,0.0000,2.6768,50.5223,37.9747,0.0000,0.0043,0.0000
1353,5215,24,298,0.7915,0.0756,83.9854,196.4167,430576.7812,25.3292,0,0,0,0,0,0,0,0,0,0,0,1,20,0.9993,0.0428,4.0040,0.1717,70.0498,3.0234,0.9987,0.0170,3.9696,0.0548,74.9759,1.3718,0.0000,0.0000,1.1592,32.4198,0.0000,0.0000,2.6768,50.5223,37.9747,0.0000,0.0043,0.0000
1354,5227,24,298,0.7905,0.0756,83.9839,196.4167,431530.8750,25.3292,0,0,0,0,0,0,0,0,0,0,0,0,21,0.9992,0.0428,4.0040,0.1717,70.0476,3.0243,0.9987,0.0170,3.9696,0.0548,74.9759,1.3718,0.0000,0.0000,1.1592,32.4193,0.0000,0.0000,2.6768,50.5223,37.9747,0.0000,0.0043,0.0000
1355,5234,24,298,0.7905,0.0756,86.9200,196.4167,431916.0938,25.3292,0,0,0,0,0,0,0,0,0,0,0,0,21,0.9992,0.0428,4.0040,0.1717,70.0459,3.0245,0.9987,0.0170,3.9696,0.0548,74.9759,1.3718,1.4835,0.4412,1.5339,33.5012,0.0000,0.0260,2.6768,50.5223,37.9747,0.0000,0.0001,0.0000
1356,5241,24,298,0.7905,0.0756,86.9178,196.4167,432310.2500,25.3292,0,0,0,0,0,0,0,0,0,0,0,0,21,0.9992,0.0428,4.0041,0.1719,70.0438,3.0243,0.9987,0.0170,3.9696,0.0548,74.9759,1.3718,0.0000,0.0000,1.5339,33.5004,0.0000,0.0000,2.6768,50.5223,37.9747,0.0000,0.0001,0.0000
1357,5248,24,298,0.7905,0.0757,86.9157,196.4167,432688.8750,25.3292,0,0,0,0,0,0,0,0,0,0,0,0,21,0.9992,0.0428,4.0041,0.1718,70.0437,3.0254,0.9987,0.0170,3.9696,0.0548,74.9759,1.3718,0.0000,0.0000,1.5339,33.4996,0.0000,0.0000,2.6768,50.5223,37.9747,0.0000,0.0001,0.0000
1358,5261,24,298,0.7905,0.0757,86.9142,196.4167,433075.7188,25.3292,0,0,0,0,0,0,0,0,0,0,0,0,21,0.9992,0.0428,4.0041,0.1718,70.0448,3.0287,0.9987,0.0170,3.9696,0.0548,74.9759,1.3718,0.0000,0.0000,1.5339,33.4991,0.0000,0.0000,2.6768,50.5223,37.9747,0.0000,0.0001,0.0000
1359,5268,24,298,0.7905,0.0757,86.9125,196.4167,433448.5000,25.3292,0,0,0,0,0,0,0,0,0,0,0,0,21,0.9992,0.0428,4.0041,0.1718,70.0456,3.0284,0.9987,0.0170,3.9696,0.0548,74.9759,1.3718,0.0000,0.0000,1.5339,33.4984,0.0000,0.0000,2.6768,50.5223,37.9747,0.0000,0.0001,0.0000
1360,5276,24,298,0.7905,0.0757,84.3362,196.5659,433707.9375,25.3292,0,0,0,0,0,0,0,0,0,0,0,1,21,0.9992,0.0428,4.0040,0.1718,70.0428,3.0280,0.9987,0.0170,3.9696,0.0548,74.9759,1.3718,0.0000,0.0000,1.3926,32.5213,0.0347,0.0000,2.6868,50.5232,37.9828,0.0003,0.0001,0.0000
1361,5281,24,298,0.7905,0.0757,84.3341,196.5659,434081.7500,25.3292,0,0,0,0,0,0,0,0,0,0,0,3,21,0.9992,0.0428,4.0040,0.1718,70.0422,3.0283,0.9987,0.0170,3.9696,0.0548,74.9759,1.3718,0.0000,0.0000,1.3926,32.5205,0.0000,0.0000,2.6868,50.5232,37.9828,0.0003,0.0001,0.0000
1362,5286,24,298,0.7905,0.0757,84.3315,196.5659,434452.6562,25.3292,0,0,0,0,0,0,0,0,0,0,0,3,21,0.9992,0.0428,4.0041,0.1718,70.0408,3.0285,0.9987,0.0170,3.9696,0.0548,74.9759,1.3718,0.0000,0.0000,1.3926,32.5195,0.0000,0.0000,2.6868,50.5232,37.9828,0.0003,0.0001,0.0000
1363,5297,24,298,0.7895,0.0757,84.3300,196.5659,435417.8438,25.3292,0,0,0,0,1,0,0,0,0,0,0,2,22,0.9992,0.0428,4.0037,0.1720,70.0413,3.0297,0.9987,0.0170,3.9696,0.0548,74.9759,1.3718,0.0000,0.0000,1.3926,32.5190,0.0000,0.0000,2.6868,50.5232,37.9828,0.0003,0.0001,0.0000
1364,5309,24,298,0.7876,0.0757,84.3276,196.5659,436794.5000,25.3292,0,0,0,0,0,0,0,0,0,0,0,0,24,0.9992,0.0428,4.0039,0.1720,70.0383,3.0316,0.9987,0.0170,3.9696,0.0548,74.9759,1.3718,0.0000,0.0000,1.3926,32.5181,0.0000,0.0000,2.6868,50.5232,37.9828,0.0003,0.0001,0.0000
1365,5316,24,298,0.7876,0.0757,84.3257,196.5659,437179.7812,25.3292,0,0,0,0,0,0,0,0,0,0,0,0,24,0.9992,0.0428,4.0039,0.1720,70.0376,3.0306,0.9987,0.0170,3.9696,0.0548,74.9759,1.3718,0.0000,0.0000,1.3926,32.5173,0.0000,0.0000,2.6868,50.5232,37.9828,0.0003,0.0001,0.0000
1366,5322,24,298,0.7876,0.0757,84.3237,196.5659,437604.0312,25.3292,0,0,0,0,2,0,0,0,0,0,0,0,24,0.9992,0.0428,4.0037,0.1721,70.0407,3.0334,0.9987,0.0170,3.9696,0.0548,74.9759,1.3718,0.0000,0.0000,1.3926,32.5166,0.0000,0.0000,2.6868,50.5232,37.9828,0.0003,0.0001,0.0000
1367,5329,24,298,0.7876,0.0757,84.3218,196.5659,437982.7812,25.3292,0,0,0,0,0,0,0,0,0,0,0,0,24,0.9993,0.0428,4.0036,0.1722,70.0414,3.0330,0.9987,0.0170,3.9696,0.0548,74.9759,1.3718,0.0000,0.0000,1.3926,32.5158,0.0000,0.0000,2.6868,50.5232,37.9828,0.0003,0.0001,0.0000
1368,5338,24,298,0.7876,0.0757,84.3204,196.5659,438384.6250,25.3292,0,0,0,0,1,0,0,0,0,0,0,0,24,0.9992,0.0428,4.0035,0.1721,70.0402,3.0332,0.9987,0.0170,3.9696,0.0548,74.9759,1.3718,0.0000,0.0000,1.3926,32.5153,0.0000,0.0000,2.6868,50.5232,37.9828,0.0003,0.0001,0.0000
1369,5351,24,298,0.7876,0.0757,84.3188,196.5659,438757.5000,25.3292,0,0,0,0,0,0,0,0,0,0,0,0,24,0.9992,0.0428,4.0036,0.1720,70.0423,3.0341,0.9987,0.0170,3.9696,0.0548,74.9759,1.3718,0.0000,0.0000,1.3926,32.5147,0.0000,0.0000,2.6868,50.5232,37.9828,0.0003,0.0001,0.0000
1370,5365,24,298,0.7876,0.0758,81.9194,196.6975,439019.3438,25.3292,0,0,0,0,0,0,0,0,0,0,0,0,24,0.9992,0.0428,4.0035,0.1721,70.0412,3.0374,0.9987,0.0170,3.9696,0.0548,74.9759,1.3718,0.0000,0.0000,1.3058,31.5969,0.0173,0.0000,2.6965,50.5241,37.9894,0.0000,0.0001,0.0000
1371,5378,24,298,0.7876,0.0758,81.9176,196.6975,439393.2500,25.3292,0,0,0,0,0,0,0,0,0,0,0,0,24,0.9992,0.0428,4.0035,0.1721,70.0399,3.0369,0.9987,0.0170,3.9696,0.0548,74.9759,1.3718,0.0000,0.0000,1.3058,31.5962,0.0000,0.0000,2.6965,50.5241,37.9894,0.0000,0.0001,0.0000
1372,5385,24,298,0.7876,0.0758,81.9145,196.6975,439775.1875,25.3292,0,0,1,0,0,0,0,0,0,0,0,0,24,0.9992,0.0428,4.0035,0.1722,70.0406,3.0378,0.9987,0.0170,3.9696,0.0548,74.9759,1.3718,0.0000,0.0000,1.3058,31.5950,0.0000,0.0000,2.6965,50.5241,37.9894,0.0000,0.0001,0.0000
1373,5390,24,298,0.7876,0.0758,81.9123,196.6975,440154.2500,25.3292,0,0,0,0,0,0,0,0,0,0,0,0,24,0.9992,0.0429,4.0035,0.1722,70.0387,3.0377,0.9987,0.0170,3.9696,0.0548,74.9759,1.3718,0.0000,0.0000,1.3058,31.5942,0.0000,0.0000,2.6965,50.5241,37.9894,0.0000,0.0001,0.0000
1374,5393,24,298,0.7877,0.0758,81.9092,196.6975,440530.8125,25.3292,0,0,0,0,0,0,0,0,0,0,0,0,24,0.9992,0.0429,4.0035,0.1722,70.0371,3.0381,0.9987,0.0170,3.9696,0.0548,74.9759,1.3718,0.0000,0.0000,1.3058,31.5930,0.0000,0.0000,2.6965,50.5241,37.9894,0.0000,0.0001,0.0000
1375,5398,24,298,0.7877,0.0758,81.9075,196.6975,440916.1875,25.3292,0,0,0,0,0,0,0,0,0,0,0,0,24,0.9992,0.0429,4.0035,0.1722,70.0358,3.0387,0.9987,0.0170,3.9696,0.0548,74.9759,1.3718,0.0000,0.0000,1.3058,31.5923,0.0000,0.0000,2.6965,50.5241,37.9894,0.0000,0.0001,0.0000
1376,5411,24,298,0.7876,0.0758,81.9058,196.6975,441310.5000,25.3292,0,0,0,0,0,0,0,0,0,0,0,0,24,0.9992,0.0429,4.0036,0.1723,70.0350,3.0390,0.9987,0.0170,3.9696,0.0548,74.9759,1.3718,0.0000,0.0000,1.3058,31.5917,0.0000,0.0000,2.6965,50.5241,37.9894,0.0000,0.0001,0.0000
1377,5418,24,298,0.7876,0.0758,81.9040,196.6975,441689.3438,25.3292,0,0,0,0,0,0,0,0,0,0,0,0,24,0.9992,0.0429,4.0037,0.1722,70.0344,3.0394,0.9987,0.0170,3.9696,0.0548,74.9759,1.3718,0.0000,0.0000,1.3058,31.5910,0.0000,0.0000,2.6965,50.5241,37.9894,0.0000,0.0001,0.0000
1378,5427,24,298,0.7876,0.0758,81.9028,196.6975,442076.0938,25.3292,0,0,0,0,0,0,0,0,0,0,0,0,24,0.9992,0.0429,4.0038,0.1723,70.0347,3.0417,0.9987,0.0170,3.9696,0.0548,74.9759,1.3718,0.0000,0.0000,1.3058,31.5905,0.0000,0.0000,2.6965,50.5241,37.9894,0.0000,0.0001,0.0000
1379,5435,24,298,0.7876,0.0758,81.9014,196.6975,442464.0312,25.3292,0,0,1,0,0,0,0,0,0,0,0,0,24,0.9992,0.0430,4.0039,0.1724,70.0368,3.0411,0.9987,0.0170,3.9696,0.0548,74.9759,1.3718,0.0000,0.0000,1.3058,31.5900,0.0000,0.0000,2.6965,50.5241,37.9894,0.0000,0.0001,0.0000
1380,5441,24,298,0.7875,0.0758,79.5150,196.8114,442728.8125,25.3292,0,0,0,0,0,0,0,0,0,0,0,0,24,0.9991,0.0430,4.0041,0.1725,70.0354,3.0431,0.9987,0.0170,3.9696,0.0548,74.9759,1.3718,0.0000,0.0000,1.2423,30.6747,0.0156,0.0000,2.7048,50.5241,37.9885,0.0000,0.0001,0.0000
1381,5445,24,298,0.7875,0.0758,79.5133,196.8114,443102.7812,25.3292,0,0,0,0,0,0,0,0,0,0,0,0,24,0.9992,0.0430,4.0040,0.1726,70.0367,3.0434,0.9987,0.0170,3.9696,0.0548,74.9759,1.3718,0.0000,0.0000,1.2423,30.6740,0.0000,0.0000,2.7048,50.5241,37.9885,0.0000,0.0001,0.0000
1382,5453,24,298,0.7876,0.0759,79.5105,196.8114,443470.0938,25.3292,0,0,0,0,0,0,0,0,0,0,0,0,24,0.9992,0.0430,4.0040,0.1725,70.0365,3.0424,0.9987,0.0170,3.9696,0.0548,74.9759,1.3718,0.0000,0.0000,1.2423,30.6730,0.0000,0.0000,2.7048,50.5241,37.9885,0.0000,0.0001,0.0000
1383,5457,24,298,0.7876,0.0759,79.5085,196.8114,443849.3125,25.3292,0,0,0,0,0,0,0,0,0,0,0,0,24,0.9992,0.0430,4.0039,0.1725,70.0354,3.0416,0.9987,0.0170,3.9696,0.0548,74.9759,1.3718,0.0000,0.0000,1.2423,30.6721,0.0000,0.0000,2.7048,50.5241,37.9885,0.0000,0.0001,0.0000
1384,5468,24,298,0.7876,0.0759,79.5057,196.8114,444226.3125,25.3292,0,0,0,0,0,0,0,0,0,0,0,0,24,0.9993,0.0430,4.0039,0.1728,70.0358,3.0424,0.9987,0.0170,3.9696,0.0548,74.9759,1.3718,0.0000,0.0000,1.2423,30.6711,0.0000,0.0000,2.7048,50.5241,37.9885,0.0000,0.0001,0.0000
1385,5477,24,298,0.7876,0.0759,79.5042,196.8114,444611.6562,25.3292,0,0,0,0,0,0,0,0,0,0,0,0,24,0.9993,0.0431,4.0039,0.1728,70.0365,3.0416,0.9987,0.0170,3.9696,0.0548,74.9759,1.3718,0.0000,0.0000,1.2423,30.6705,0.0000,0.0000,2.7048,50.5241,37.9885,0.0000,0.0001,0.0000
1386,5481,24,298,0.7875,0.0759,79.5026,196.8114,445005.9688,25.3292,0,0,0,0,0,0,0,0,0,0,0,0,24,0.9993,0.0431,4.0040,0.1731,70.0358,3.0422,0.9987,0.0170,3.9696,0.0548,74.9759,1.3718,0.0000,0.0000,1.2423,30.6699,0.0000,0.0000,2.7048,50.5241,37.9885,0.0000,0.0001,0.0000
1387,5491,24,298,0.7875,0.0759,79.5010,196.8114,445384.8438,25.3292,0,0,0,0,0,0,0,0,0,0,0,0,24,0.9993,0.0431,4.0039,0.1732,70.0335,3.0463,0.9987,0.0170,3.9696,0.0548,74.9759,1.3718,0.0000,0.0000,1.2423,30.6692,0.0000,0.0000,2.7048,50.5241,37.9885,0.0000,0.0001,0.0000
1388,5503,24,298,0.7875,0.0759,79.4999,196.8114,445771.5625,25.3292,0,0,0,0,0,0,0,0,0,0,0,0,24,0.9993,0.0431,4.0040,0.1732,70.0307,3.0478,0.9987,0.0170,3.9696,0.0548,74.9759,1.3718,0.0000,0.0000,1.2423,30.6688,0.0000,0.0000,2.7048,50.5241,37.9885,0.0000,0.0001,0.0000
1389,5515,24,298,0.7874,0.0759,79.4986,196.8114,446144.5000,25.3292,0,0,0,0,0,0,0,0,0,0,0,0,24,0.9993,0.0431,4.0041,0.1732,70.0332,3.0480,0.9987,0.0170,3.9696,0.0548,74.9759,1.3718,0.0000,0.0000,1.2423,30.6683,0.0000,0.0000,2.7048,50.5241,37.9885,0.0000,0.0001,0.0000
1390,5530,24,298,0.7874,0.0759,77.1141,196.9249,446427.2500,25.3292,0,0,0,0,1,0,0,0,0,0,0,0,24,0.9993,0.0431,4.0043,0.1732,70.0301,3.0488,0.9987,0.0170,3.9696,0.0548,74.9759,1.3718,0.0000,0.0000,1.1922,29.7533,0.0145,0.0000,2.7131,50.5242,37.9876,0.0000,0.0001,0.0000
1391,5543,24,298,0.7874,0.0759,113.4026,196.9249,446801.1875,25.3292,0,0,0,0,0,0,0,0,0,0,0,0,24,0.9992,0.0431,4.0044,0.1733,70.0328,3.0505,0.9987,0.0170,3.9696,0.0548,74.9759,1.3718,20.8392,8.0598,2.5632,43.9743,0.0000,5.2467,2.7131,50.5242,37.9876,0.0000,0.1534,0.0000
1392,5553,24,298,0.7876,0.0759,113.3980,196.9249,447168.8438,25.3292,0,0,0,0,0,0,0,0,0,0,0,0,24,0.9992,0.0431,4.0044,0.1733,70.0345,3.0496,0.9987,0.0170,3.9696,0.0548,74.9759,1.3718,0.0000,0.0000,2.5632,43.9725,0.0000,0.0000,2.7131,50.5242,37.9876,0.0000,0.1534,0.0000
1393,5558,24,298,0.7877,0.0759,113.3950,196.9249,447563.1875,25.3292,0,0,0,0,1,0,0,0,0,0,0,0,24,0.9992,0.0431,4.0045,0.1734,70.0351,3.0501,0.9987,0.0170,3.9696,0.0548,74.9759,1.3718,0.0000,0.0000,2.5632,43.9714,0.0000,0.0000,2.7131,50.5242,37.9876,0.0000,0.1534,0.0000
1394,5565,24,298,0.7878,0.0759,113.3912,196.9249,447940.4375,25.3292,0,0,0,0,0,0,0,0,0,0,0,0,24,0.9992,0.0431,4.0045,0.1734,70.0337,3.0500,0.9987,0.0170,3.9696,0.0548,74.9759,1.3718,0.0000,0.0000,2.5632,43.9700,0.0000,0.0000,2.7131,50.5242,37.9876,0.0000,0.1534,0.0000
1395,5578,24,298,0.7879,0.0760,113.3886,196.9249,448325.7812,25.3292,0,0,0,0,0,0,0,0,0,0,0,0,24,0.9992,0.0431,4.0045,0.1734,70.0389,3.0527,0.9987,0.0170,3.9696,0.0548,74.9759,1.3718,0.0000,0.0000,2.5632,43.9690,0.0000,0.0000,2.7131,50.5242,37.9876,0.0000,0.1534,0.0000
1396,5584,24,298,0.7879,0.0760,113.3858,196.9249,448734.9688,25.3292,0,0,1,0,0,0,0,0,0,0,0,0,24,0.9992,0.0431,4.0045,0.1734,70.0417,3.0539,0.9987,0.0170,3.9696,0.0548,74.9759,1.3718,0.0000,0.0000,2.5632,43.9679,0.0000,0.0000,2.7131,50.5242,37.9876,0.0000,0.1534,0.0000
1397,5592,24,298,0.7880,0.0760,113.3833,196.9249,449113.7812,25.3292,0,0,0,0,0,0,0,0,0,0,0,0,24,0.9992,0.0431,4.0044,0.1734,70.0376,3.0572,0.9987,0.0170,3.9696,0.0548,74.9759,1.3718,0.0000,0.0000,2.5632,43.9670,0.0000,0.0000,2.7131,50.5242,37.9876,0.0000,0.1534,0.0000
1398,5602,24,298,0.7880,0.0760,113.3812,196.9249,449500.3438,25.3292,0,0,0,0,0,0,0,0,0,0,0,0,24,0.9992,0.0430,4.0043,0.1735,70.0416,3.0589,0.9987,0.0170,3.9696,0.0548,74.9759,1.3718,0.0000,0.0000,2.5632,43.9662,0.0000,0.0000,2.7131,50.5242,37.9876,0.0000,0.1534,0.0000
1399,5608,24,298,0.7881,0.0760,113.3789,196.9249,449873.2500,25.3292,0,0,0,0,0,0,0,0,0,0,0,0,24,0.9992,0.0430,4.0043,0.1734,70.0412,3.0604,0.9987,0.0170,3.9696,0.0548,74.9759,1.3718,0.0000,0.0000,2.5632,43.9653,0.0000,0.0000,2.7131,50.5242,37.9876,0.0000,0.1534,0.0000
1400,5612,24,284,0.7882,0.0760,111.5940,196.6812,451240.5000,24.1152,0,0,0,0,0,0,0,0,0,0,0,0,24,0.9992,0.0430,4.0043,0.1735,70.0401,3.0613,0.9987,0.0170,3.9696,0.0548,74.9759,1.3718,0.0000,0.0000,2.0319,42.7205,0.6468,0.0000,2.6915,50.3708,37.9793,0.0271,0.1534,0.0000
1401,5616,24,284,0.7883,0.0760,111.5911,196.6812,451614.3438,24.1152,0,0,0,0,0,0,0,0,0,0,0,0,24,0.9992,0.0431,4.0042,0.1736,70.0400,3.0605,0.9987,0.0170,3.9696,0.0548,74.9759,1.3718,0.0000,0.0000,2.0319,42.7194,0.0000,0.0000,2.6915,50.3708,37.9793,0.0271,0.1534,0.0000
1402,5623,24,284,0.7884,0.0761,111.5865,196.6812,451982.9062,24.1152,0,0,0,0,0,0,0,0,0,0,0,0,24,0.9992,0.0430,4.0042,0.1735,70.0380,3.0618,0.9987,0.0170,3.9696,0.0548,74.9759,1.3718,0.0000,0.0000,2.0319,42.7178,0.0000,0.0000,2.6915,50.3708,37.9793,0.0271,0.1534,0.0000
1403,5630,24,284,0.7885,0.0761,111.5837,196.6812,452362.7500,24.1152,0,0,0,0,0,0,0,0,0,0,0,0,24,0.9991,0.0430,4.0043,0.1737,70.0399,3.0627,0.9987,0.0170,3.9696,0.0548,74.9759,1.3718,0.0000,0.0000,2.0319,42.7167,0.0000,0.0000,2.6915,50.3708,37.9793,0.0271,0.1534,0.0000
1404,5637,24,284,0.7886,0.0761,111.5801,196.6812,452740.6875,24.1152,0,0,0,0,0,0,0,0,0,0,0,0,24,0.9991,0.0430,4.0044,0.1736,70.0385,3.0644,0.9987,0.0170,3.9696,0.0548,74.9759,1.3718,0.0000,0.0000,2.0319,42.7153,0.0000,0.0000,2.6915,50.3708,37.9793,0.0271,0.1534,0.0000
1405,5646,24,284,0.7887,0.0761,111.5775,196.6812,453126.4375,24.1152,0,0,0,0,0,0,0,0,0,0,0,0,24,0.9991,0.0431,4.0045,0.1736,70.0411,3.0684,0.9987,0.0170,3.9696,0.0548,74.9759,1.3718,0.0000,0.0000,2.0319,42.7144,0.0000,0.0000,2.6915,50.3708,37.9793,0.0271,0.1534,0.0000
1406,5654,24,284,0.7888,0.0761,111.5750,196.6812,453521.0312,24.1152,0,0,0,0,0,0,0,0,0,0,0,0,24,0.9991,0.0431,4.0045,0.1738,70.0399,3.0703,0.9987,0.0170,3.9696,0.0548,74.9759,1.3718,0.0000,0.0000,2.0319,42.7134,0.0000,0.0000,2.6915,50.3708,37.9793,0.0271,0.1534,0.0000
1407,5658,24,284,0.7888,0.0761,118.9464,196.6812,453900.1562,24.1152,0,0,0,0,0,0,0,0,0,0,0,0,24,0.9991,0.0431,4.0044,0.1739,70.0404,3.0709,0.9987,0.0170,3.9696,0.0548,74.9759,1.3718,4.1261,1.4073,2.2774,45.8135,0.0000,0.7796,2.6915,50.3708,37.9793,0.0271,0.0033,0.0000
1408,5663,24,284,0.7889,0.0761,118.9444,196.6812,454286.9688,24.1152,0,0,0,0,0,0,0,0,0,0,0,0,24,0.9992,0.0432,4.0044,0.1739,70.0390,3.0706,0.9987,0.0170,3.9696,0.0548,74.9759,1.3718,0.0000,0.0000,2.2774,45.8128,0.0000,0.0000,2.6915,50.3708,37.9793,0.0271,0.0033,0.0000
1409,5668,24,284,0.7889,0.0761,118.9421,196.6812,454675.1562,24.1152,0,0,1,0,0,0,0,0,0,0,0,0,24,0.9992,0.0432,4.0044,0.1740,70.0387,3.0699,0.9987,0.0170,3.9696,0.0548,74.9759,1.3718,0.0000,0.0000,2.2774,45.8119,0.0000,0.0000,2.6915,50.3708,37.9793,0.0271,0.0033,0.0000
1410,5677,24,284,0.7890,0.0761,116.5037,196.6285,454881.7188,24.1152,0,0,0,0,0,0,0,0,0,0,0,0,24,0.9992,0.0432,4.0044,0.1740,70.0384,3.0698,0.9987,0.0170,3.9696,0.0548,74.9759,1.3718,0.0000,0.0000,2.0454,44.5072,0.4607,0.0000,2.6922,50.3679,37.9758,0.0112,0.0033,0.0000
1411,5684,24,284,0.7891,0.0761,116.5008,196.6285,455256.0000,24.1152,0,0,0,0,0,0,0,0,0,0,0,0,24,0.9992,0.0432,4.0044,0.1740,70.0386,3.0690,0.9987,0.0170,3.9696,0.0548,74.9759,1.3718,0.0000,0.0000,2.0454,44.5061,0.0000,0.0000,2.6922,50.3679,37.9758,0.0112,0.0033,0.0000
1412,5692,24,284,0.7893,0.0762,116.4963,196.6285,455625.3750,24.1152,0,0,0,0,0,0,0,0,0,0,0,0,24,0.9992,0.0432,4.0044,0.1741,70.0414,3.0693,0.9987,0.0170,3.9696,0.0548,74.9759,1.3718,0.0000,0.0000,2.0454,44.5044,0.0000,0.0000,2.6922,50.3679,37.9758,0.0112,0.0033,0.0000
1413,5704,24,284,0.7894,0.0762,116.4934,196.6285,456005.6875,24.1152,0,0,0,0,0,0,0,0,0,0,0,0,24,0.9992,0.0432,4.0045,0.1742,70.0441,3.0720,0.9987,0.0170,3.9696,0.0548,74.9759,1.3718,0.0000,0.0000,2.0454,44.5034,0.0000,0.0000,2.6922,50.3679,37.9758,0.0112,0.0033,0.0000
1414,5713,24,284,0.7895,0.0762,116.4898,196.6285,456384.3125,24.1152,0,0,0,0,0,0,0,0,0,0,0,0,24,0.9992,0.0432,4.0044,0.1744,70.0449,3.0741,0.9987,0.0170,3.9696,0.0548,74.9759,1.3718,0.0000,0.0000,2.0454,44.5020,0.0000,0.0000,2.6922,50.3679,37.9758,0.0112,0.0033,0.0000
1415,5723,24,284,0.7896,0.0762,116.4872,196.6285,456770.4688,24.1152,0,0,0,0,0,0,0,0,0,0,0,0,24,0.9991,0.0432,4.0042,0.1744,70.0484,3.0774,0.9987,0.0170,3.9696,0.0548,74.9759,1.3718,0.0000,0.0000,2.0454,44.5010,0.0000,0.0000,2.6922,50.3679,37.9758,0.0112,0.0033,0.0000
1416,5730,24,284,0.7897,0.0762,116.4846,196.6285,457165.3750,24.1152,0,0,0,0,0,0,0,0,0,0,0,0,24,0.9991,0.0432,4.0041,0.1744,70.0525,3.0799,0.9987,0.0170,3.9696,0.0548,74.9759,1.3718,0.0000,0.0000,2.0454,44.5001,0.0000,0.0000,2.6922,50.3679,37.9758,0.0112,0.0033,0.0000
1417,5736,24,284,0.7897,0.0762,116.4823,196.6285,457544.7500,24.1152,0,0,0,0,0,0,0,0,0,0,0,0,24,0.9991,0.0432,4.0041,0.1744,70.0502,3.0799,0.9987,0.0170,3.9696,0.0548,74.9759,1.3718,0.0000,0.0000,2.0454,44.4992,0.0000,0.0000,2.6922,50.3679,37.9758,0.0112,0.0033,0.0000
1418,5743,24,284,0.7898,0.0762,116.4802,196.6285,457931.7500,24.1152,0,0,0,0,0,0,0,0,0,0,0,0,24,0.9992,0.0432,4.0040,0.1744,70.0506,3.0801,0.9987,0.0170,3.9696,0.0548,74.9759,1.3718,0.0000,0.0000,2.0454,44.4985,0.0000,0.0000,2.6922,50.3679,37.9758,0.0112,0.0033,0.0000
1419,5755,24,284,0.7899,0.0762,116.4779,196.6285,458320.2500,24.1152,0,0,1,0,0,0,0,0,0,0,0,0,24,0.9992,0.0432,4.0040,0.1744,70.0481,3.0797,0.9987,0.0170,3.9696,0.0548,74.9759,1.3718,0.0000,0.0000,2.0454,44.4976,0.0000,0.0000,2.6922,50.3679,37.9758,0.0112,0.0033,0.0000
1420,5766,24,284,0.7899,0.0762,113.9645,196.7845,458529.8750,24.1152,0,0,0,0,0,0,0,0,0,0,0,0,24,0.9992,0.0432,4.0040,0.1744,70.0474,3.0827,0.9987,0.0170,3.9696,0.0548,74.9759,1.3718,0.0000,0.0000,1.8537,43.5663,0.0667,0.0000,2.7037,50.3682,37.9765,0.0007,0.0033,0.0000
1421,5771,24,284,0.7900,0.0762,113.9617,196.7845,458904.5938,24.1152,0,0,0,0,0,0,0,0,0,0,0,0,24,0.9991,0.0432,4.0041,0.1744,70.0462,3.0834,0.9987,0.0170,3.9696,0.0548,74.9759,1.3718,0.0000,0.0000,1.8537,43.5653,0.0000,0.0000,2.7037,50.3682,37.9765,0.0007,0.0033,0.0000
1422,5777,24,284,0.7902,0.0763,113.9573,196.7845,459274.9062,24.1152,0,0,0,0,0,0,0,0,0,0,0,0,24,0.9991,0.0432,4.0041,0.1744,70.0425,3.0846,0.9987,0.0170,3.9696,0.0548,74.9759,1.3718,0.0000,0.0000,1.8537,43.5637,0.0000,0.0000,2.7037,50.3682,37.9765,0.0007,0.0033,0.0000
1423,5783,24,284,0.7903,0.0763,113.9546,196.7845,459655.6562,24.1152,0,0,0,0,0,0,0,0,0,0,0,0,24,0.9991,0.0432,4.0040,0.1746,70.0423,3.0843,0.9987,0.0170,3.9696,0.0548,74.9759,1.3718,0.0000,0.0000,1.8537,43.5626,0.0000,0.0000,2.7037,50.3682,37.9765,0.0007,0.0033,0.0000
1424,5798,24,284,0.7904,0.0763,113.9511,196.7845,460034.9688,24.1152,0,0,0,0,0,0,0,0,0,0,0,0,24,0.9992,0.0433,4.0040,0.1747,70.0465,3.0902,0.9987,0.0170,3.9696,0.0548,74.9759,1.3718,0.0000,0.0000,1.8537,43.5614,0.0000,0.0000,2.7037,50.3682,37.9765,0.0007,0.0033,0.0000
1425,5804,24,284,0.7904,0.0763,113.9486,196.7845,460421.5000,24.1152,0,0,0,0,0,0,0,0,0,0,0,0,24,0.9992,0.0433,4.0038,0.1748,70.0463,3.0915,0.9987,0.0170,3.9696,0.0548,74.9759,1.3718,0.0000,0.0000,1.8537,43.5604,0.0000,0.0000,2.7037,50.3682,37.9765,0.0007,0.0033,0.0000
1426,5808,24,284,0.7905,0.0763,113.9461,196.7845,460816.7188,24.1152,0,0,0,0,0,0,0,0,0,0,0,0,24,0.9992,0.0433,4.0037,0.1748,70.0458,3.0908,0.9987,0.0170,3.9696,0.0548,74.9759,1.3718,0.0000,0.0000,1.8537,43.5595,0.0000,0.0000,2.7037,50.3682,37.9765,0.0007,0.0033,0.0000
1427,5817,24,284,0.7906,0.0763,113.9439,196.7845,461196.3438,24.1152,0,0,0,0,0,0,0,0,0,0,0,0,24,0.9992,0.0433,4.0037,0.1747,70.0447,3.0920,0.9987,0.0170,3.9696,0.0548,74.9759,1.3718,0.0000,0.0000,1.8537,43.5587,0.0000,0.0000,2.7037,50.3682,37.9765,0.0007,0.0033,0.0000
1428,5825,24,284,0.7906,0.0763,113.9419,196.7845,461598.5312,24.1152,0,0,1,0,0,0,0,0,0,0,0,0,24,0.9992,0.0433,4.0035,0.1748,70.0452,3.0941,0.9987,0.0170,3.9696,0.0548,74.9759,1.3718,0.0000,0.0000,1.8537,43.5580,0.0000,0.0000,2.7037,50.3682,37.9765,0.0007,0.0033,0.0000
1429,5831,24,284,0.7907,0.0763,116.6407,196.7845,461972.3125,24.1152,0,0,0,0,0,0,0,0,0,0,0,0,24,0.9992,0.0433,4.0035,0.1747,70.0451,3.0934,0.9987,0.0170,3.9696,0.0548,74.9759,1.3718,1.4272,0.4391,2.0994,44.6349,0.0000,0.1037,2.7037,50.3682,37.9765,0.0007,0.0002,0.0000
1430,5840,24,284,0.7907,0.0763,114.1101,196.9093,462180.5312,24.1152,0,0,0,0,0,0,0,0,0,0,0,0,24,0.9992,0.0433,4.0036,0.1747,70.0461,3.0938,0.9987,0.0170,3.9696,0.0548,74.9759,1.3718,0.0000,0.0000,1.9209,43.6018,0.1399,0.0000,2.7136,50.3684,37.9764,0.0023,0.0002,0.0000
1431,5845,24,284,0.7908,0.0763,114.1073,196.9093,462570.7188,24.1152,0,0,1,0,0,0,0,0,0,0,0,0,24,0.9992,0.0433,4.0035,0.1748,70.0450,3.0937,0.9987,0.0170,3.9696,0.0548,74.9759,1.3718,0.0000,0.0000,1.9209,43.6008,0.0000,0.0000,2.7136,50.3684,37.9764,0.0023,0.0002,0.0000
1432,5852,24,284,0.7910,0.0764,114.1031,196.9093,462956.8438,24.1152,0,0,1,0,0,0,0,0,0,0,0,0,24,0.9992,0.0433,4.0035,0.1748,70.0442,3.0925,0.9987,0.0170,3.9696,0.0548,74.9759,1.3718,0.0000,0.0000,1.9209,43.5992,0.0000,0.0000,2.7136,50.3684,37.9764,0.0023,0.0002,0.0000
1433,5863,24,284,0.7911,0.0764,114.1004,196.9093,463338.0312,24.1152,0,0,0,0,0,0,0,0,0,0,0,0,24,0.9992,0.0433,4.0035,0.1747,70.0421,3.0940,0.9987,0.0170,3.9696,0.0548,74.9759,1.3718,0.0000,0.0000,1.9209,43.5982,0.0000,0.0000,2.7136,50.3684,37.9764,0.0023,0.0002,0.0000
1434,5868,24,284,0.7912,0.0764,114.0971,196.9093,463732.9375,24.1152,0,0,0,0,1,0,0,0,0,0,0,0,24,0.9992,0.0433,4.0035,0.1748,70.0427,3.0929,0.9987,0.0170,3.9696,0.0548,74.9759,1.3718,0.0000,0.0000,1.9209,43.5970,0.0000,0.0000,2.7136,50.3684,37.9764,0.0023,0.0002,0.0000
1435,5881,24,284,0.7912,0.0764,114.0946,196.9093,464119.7812,24.1152,0,0,0,0,0,0,0,0,0,0,0,0,24,0.9992,0.0433,4.0035,0.1749,70.0430,3.0948,0.9987,0.0170,3.9696,0.0548,74.9759,1.3718,0.0000,0.0000,1.9209,43.5961,0.0000,0.0000,2.7136,50.3684,37.9764,0.0023,0.0002,0.0000
1436,5891,24,284,0.7913,0.0764,114.0922,196.9093,464515.3125,24.1152,0,0,0,0,0,0,0,0,0,0,0,0,24,0.9992,0.0433,4.0034,0.1748,70.0453,3.0947,0.9987,0.0170,3.9696,0.0548,74.9759,1.3718,0.0000,0.0000,1.9209,43.5952,0.0000,0.0000,2.7136,50.3684,37.9764,0.0023,0.0002,0.0000
1437,5895,24,284,0.7913,0.0764,114.0900,196.9093,464910.1875,24.1152,0,0,1,0,0,0,0,0,0,0,0,0,24,0.9992,0.0433,4.0035,0.1748,70.0469,3.0962,0.9987,0.0170,3.9696,0.0548,74.9759,1.3718,0.0000,0.0000,1.9209,43.5944,0.0000,0.0000,2.7136,50.3684,37.9764,0.0023,0.0002,0.0000
1438,5901,24,284,0.7914,0.0764,114.0880,196.9093,465297.5312,24.1152,0,0,0,0,0,0,0,0,0,0,0,0,24,0.9992,0.0433,4.0035,0.1749,70.0467,3.0949,0.9987,0.0170,3.9696,0.0548,74.9759,1.3718,0.0000,0.0000,1.9209,43.5936,0.0000,0.0000,2.7136,50.3684,37.9764,0.0023,0.0002,0.0000
1439,5909,24,284,0.7914,0.0764,114.0857,196.9093,465671.5625,24.1152,0,0,0,0,0,0,0,0,0,0,0,0,24,0.9991,0.0433,4.0035,0.1751,70.0470,3.0951,0.9987,0.0170,3.9696,0.0548,74.9759,1.3718,0.0000,0.0000,1.9209,43.5928,0.0000,0.0000,2.7136,50.3684,37.9764,0.0023,0.0002,0.0000
1440,5914,24,284,0.7915,0.0764,111.5407,197.0694,465897.9375,24.1152,0,0,0,0,1,0,0,0,0,0,0,0,24,0.9991,0.0433,4.0036,0.1751,70.0476,3.0964,0.9987,0.0170,3.9696,0.0548,74.9759,1.3718,0.0000,0.0000,1.7670,42.6537,0.0407,0.0000,2.7253,50.3687,37.9773,0.0002,0.0002,0.0000
1441,5924,24,284,0.7916,0.0764,111.5380,197.0694,466273.5000,24.1152,0,0,0,0,0,0,0,0,0,0,0,0,24,0.9992,0.0433,4.0037,0.1752,70.0463,3.0971,0.9987,0.0170,3.9696,0.0548,74.9759,1.3718,0.0000,0.0000,1.7670,42.6527,0.0000,0.0000,2.7253,50.3687,37.9773,0.0002,0.0002,0.0000
1442,5931,24,284,0.7917,0.0764,111.5340,197.0694,466645.4062,24.1152,0,0,0,0,0,0,0,0,0,0,0,0,24,0.9992,0.0433,4.0036,0.1752,70.0449,3.0984,0.9987,0.0170,3.9696,0.0548,74.9759,1.3718,0.0000,0.0000,1.7670,42.6512,0.0000,0.0000,2.7253,50.3687,37.9773,0.0002,0.0002,0.0000
1443,5940,24,284,0.7918,0.0764,111.5314,197.0694,467042.0000,24.1152,0,0,0,0,1,0,0,0,0,0,0,0,24,0.9992,0.0433,4.0035,0.1753,70.0468,3.0962,0.9987,0.0170,3.9696,0.0548,74.9759,1.3718,0.0000,0.0000,1.7670,42.6503,0.0000,0.0000,2.7253,50.3687,37.9773,0.0002,0.0002,0.0000
1444,5953,24,284,0.7919,0.0765,111.5282,197.0694,467422.4375,24.1152,0,0,0,0,0,0,0,0,0,0,0,0,24,0.9992,0.0432,4.0036,0.1752,70.0435,3.0960,0.9987,0.0170,3.9696,0.0548,74.9759,1.3718,0.0000,0.0000,1.7670,42.6491,0.0000,0.0000,2.7253,50.3687,37.9773,0.0002,0.0002,0.0000
1445,5962,24,284,0.7919,0.0765,111.5258,197.0694,467809.5938,24.1152,0,0,0,0,0,0,0,0,0,0,0,0,24,0.9993,0.0433,4.0035,0.1753,70.0457,3.0974,0.9987,0.0170,3.9696,0.0548,74.9759,1.3718,0.0000,0.0000,1.7670,42.6482,0.0000,0.0000,2.7253,50.3687,37.9773,0.0002,0.0002,0.0000
1446,5974,24,284,0.7920,0.0765,111.5235,197.0694,468205.4062,24.1152,0,0,0,0,0,0,0,0,0,0,0,0,24,0.9992,0.0434,4.0034,0.1752,70.0452,3.0983,0.9987,0.0170,3.9696,0.0548,74.9759,1.3718,0.0000,0.0000,1.7670,42.6473,0.0000,0.0000,2.7253,50.3687,37.9773,0.0002,0.0002,0.0000
1447,5984,24,284,0.7920,0.0765,111.5214,197.0694,468600.5625,24.1152,0,0,1,0,0,0,0,0,0,0,0,0,24,0.9992,0.0434,4.0035,0.1753,70.0420,3.0984,0.9987,0.0170,3.9696,0.0548,74.9759,1.3718,0.0000,0.0000,1.7670,42.6466,0.0000,0.0000,2.7253,50.3687,37.9773,0.0002,0.0002,0.0000
1448,5991,24,284,0.7921,0.0765,111.5195,197.0694,468988.0000,24.1152,0,0,0,0,0,0,0,0,0,0,0,0,24,0.9992,0.0434,4.0034,0.1753,70.0419,3.0986,0.9987,0.0170,3.9696,0.0548,74.9759,1.3718,0.0000,0.0000,1.7670,42.6459,0.0000,0.0000,2.7253,50.3687,37.9773,0.0002,0.0002,0.0000
1449,6001,24,284,0.7921,0.0765,111.5173,197.0694,469377.3125,24.1152,0,0,0,0,1,0,0,0,0,0,0,0,24,0.9993,0.0434,4.0033,0.1754,70.0403,3.0981,0.9987,0.0170,3.9696,0.0548,74.9759,1.3718,0.0000,0.0000,1.7670,42.6451,0.0000,0.0000,2.7253,50.3687,37.9773,0.0002,0.0002,0.0000
1450,6008,24,264,0.7922,0.0765,108.9110,197.1160,470631.7188,24.1152,0,0,0,0,0,0,0,0,0,0,0,0,24,0.9992,0.0434,4.0032,0.1754,70.0432,3.1005,0.9987,0.0170,3.9696,0.0548,74.9759,1.3718,0.0000,0.0000,1.6408,41.6834,0.0302,0.0000,2.7360,50.3687,37.9753,0.0001,0.0002,0.0000
1451,6018,24,264,0.7922,0.0765,108.9084,197.1160,471007.5938,24.1152,0,0,0,0,0,0,0,0,0,0,0,0,24,0.9992,0.0434,4.0032,0.1755,70.0475,3.1022,0.9987,0.0170,3.9696,0.0548,74.9759,1.3718,0.0000,0.0000,1.6408,41.6824,0.0000,0.0000,2.7360,50.3687,37.9753,0.0001,0.0002,0.0000
1452,6027,24,264,0.7924,0.0765,108.9046,197.1160,471380.2500,24.1152,0,0,0,0,0,0,0,0,0,0,0,0,24,0.9992,0.0434,4.0031,0.1755,70.0491,3.1025,0.9987,0.0170,3.9696,0.0548,74.9759,1.3718,0.0000,0.0000,1.6408,41.6810,0.0000,0.0000,2.7360,50.3687,37.9753,0.0001,0.0002,0.0000
1453,6033,24,264,0.7924,0.0765,108.9021,197.1160,471762.2188,24.1152,0,0,0,0,0,0,0,0,0,0,0,0,24,0.9993,0.0434,4.0030,0.1756,70.0481,3.1024,0.9987,0.0170,3.9696,0.0548,74.9759,1.3718,0.0000,0.0000,1.6408,41.6801,0.0000,0.0000,2.7360,50.3687,37.9753,0.0001,0.0002,0.0000
1454,6045,24,264,0.7925,0.0765,108.8991,197.1160,472143.1250,24.1152,0,0,0,0,0,0,0,0,0,0,0,0,24,0.9993,0.0434,4.0029,0.1757,70.0497,3.1040,0.9987,0.0170,3.9696,0.0548,74.9759,1.3718,0.0000,0.0000,1.6408,41.6789,0.0000,0.0000,2.7360,50.3687,37.9753,0.0001,0.0002,0.0000
1455,6050,24,264,0.7926,0.0765,108.8969,197.1160,472530.5312,24.1152,0,0,0,0,0,0,0,0,0,0,0,0,24,0.9992,0.0434,4.0030,0.1757,70.0478,3.1039,0.9987,0.0170,3.9696,0.0548,74.9759,1.3718,0.0000,0.0000,1.6408,41.6781,0.0000,0.0000,2.7360,50.3687,37.9753,0.0001,0.0002,0.0000
1456,6060,24,264,0.7926,0.0765,108.8947,197.1160,472926.5625,24.1152,0,0,0,0,0,0,0,0,0,0,0,0,24,0.9992,0.0435,4.0031,0.1759,70.0454,3.1051,0.9987,0.0170,3.9696,0.0548,74.9759,1.3718,0.0000,0.0000,1.6408,41.6773,0.0000,0.0000,2.7360,50.3687,37.9753,0.0001,0.0002,0.0000
1457,6071,24,264,0.7926,0.0765,108.8927,197.1160,473306.9688,24.1152,0,0,0,0,0,0,0,0,0,0,0,0,24,0.9992,0.0435,4.0033,0.1759,70.0447,3.1052,0.9987,0.0170,3.9696,0.0548,74.9759,1.3718,0.0000,0.0000,1.6408,41.6766,0.0000,0.0000,2.7360,50.3687,37.9753,0.0001,0.0002,0.0000
1458,6079,24,264,0.7927,0.0765,108.8908,197.1160,473694.5000,24.1152,0,0,0,0,0,0,0,0,0,0,0,0,24,0.9992,0.0436,4.0031,0.1759,70.0460,3.1052,0.9987,0.0170,3.9696,0.0548,74.9759,1.3718,0.0000,0.0000,1.6408,41.6759,0.0000,0.0000,2.7360,50.3687,37.9753,0.0001,0.0002,0.0000
1459,6084,24,264,0.7927,0.0765,108.8887,197.1160,474069.0625,24.1152,0,0,0,0,0,0,0,0,0,0,0,0,24,0.9992,0.0436,4.0032,0.1760,70.0466,3.1055,0.9987,0.0170,3.9696,0.0548,74.9759,1.3718,0.0000,0.0000,1.6408,41.6751,0.0000,0.0000,2.7360,50.3687,37.9753,0.0001,0.0002,0.0000
1460,6088,24,264,0.7928,0.0766,106.3306,197.2707,474286.6875,24.1152,0,0,0,0,0,0,0,0,0,0,0,0,24,0.9992,0.0436,4.0032,0.1760,70.0463,3.1051,0.9987,0.0170,3.9696,0.0548,74.9759,1.3718,0.0000,0.0000,1.5338,40.7325,0.0236,0.0000,2.7474,50.3690,37.9761,0.0001,0.0002,0.0000
1461,6095,24,264,0.7928,0.0766,106.3281,197.2707,474662.9375,24.1152,0,0,0,0,0,0,0,0,0,0,0,0,24,0.9992,0.0436,4.0033,0.1760,70.0467,3.1062,0.9987,0.0170,3.9696,0.0548,74.9759,1.3718,0.0000,0.0000,1.5338,40.7316,0.0000,0.0000,2.7474,50.3690,37.9761,0.0001,0.0002,0.0000
1462,6098,24,264,0.7929,0.0766,106.3245,197.2707,475051.2188,24.1152,0,0,0,0,1,0,0,0,0,0,0,0,24,0.9992,0.0436,4.0033,0.1760,70.0478,3.1070,0.9987,0.0170,3.9696,0.0548,74.9759,1.3718,0.0000,0.0000,1.5338,40.7302,0.0000,0.0000,2.7474,50.3690,37.9761,0.0001,0.0002,0.0000
1463,6102,24,264,0.7930,0.0766,106.3221,197.2707,475433.5000,24.1152,0,0,0,0,0,0,0,0,0,0,0,0,24,0.9992,0.0436,4.0033,0.1759,70.0481,3.1081,0.9987,0.0170,3.9696,0.0548,74.9759,1.3718,0.0000,0.0000,1.5338,40.7294,0.0000,0.0000,2.7474,50.3690,37.9761,0.0001,0.0002,0.0000
1464,6108,24,264,0.7931,0.0766,106.3193,197.2707,475814.9062,24.1152,0,0,0,0,0,0,0,0,0,0,0,0,24,0.9992,0.0436,4.0034,0.1759,70.0483,3.1072,0.9987,0.0170,3.9696,0.0548,74.9759,1.3718,0.0000,0.0000,1.5338,40.7283,0.0000,0.0000,2.7474,50.3690,37.9761,0.0001,0.0002,0.0000
1465,6117,24,264,0.7931,0.0766,106.3172,197.2707,476202.5000,24.1152,0,0,0,0,0,0,0,0,0,0,0,0,24,0.9992,0.0436,4.0033,0.1760,70.0501,3.1091,0.9987,0.0170,3.9696,0.0548,74.9759,1.3718,0.0000,0.0000,1.5338,40.7275,0.0000,0.0000,2.7474,50.3690,37.9761,0.0001,0.0002,0.0000
1466,6121,24,264,0.7932,0.0766,106.3150,197.2707,476613.8438,24.1152,0,0,0,0,1,0,0,0,0,0,0,0,24,0.9992,0.0436,4.0033,0.1760,70.0502,3.1085,0.9987,0.0170,3.9696,0.0548,74.9759,1.3718,0.0000,0.0000,1.5338,40.7267,0.0000,0.0000,2.7474,50.3690,37.9761,0.0001,0.0002,0.0000
1467,6125,24,264,0.7932,0.0766,106.3131,197.2707,477009.4062,24.1152,0,0,0,0,1,0,0,0,0,0,0,0,24,0.9992,0.0437,4.0033,0.1761,70.0504,3.1089,0.9987,0.0170,3.9696,0.0548,74.9759,1.3718,0.0000,0.0000,1.5338,40.7260,0.0000,0.0000,2.7474,50.3690,37.9761,0.0001,0.0002,0.0000
1468,6134,24,264,0.7932,0.0766,106.3113,197.2707,477397.0312,24.1152,0,0,0,0,0,0,0,0,0,0,0,0,24,0.9992,0.0436,4.0033,0.1760,70.0500,3.1075,0.9987,0.0170,3.9696,0.0548,74.9759,1.3718,0.0000,0.0000,1.5338,40.7254,0.0000,0.0000,2.7474,50.3690,37.9761,0.0001,0.0002,0.0000
1469,6137,24,264,0.7933,0.0766,106.3093,197.2707,477786.7812,24.1152,0,0,0,0,1,0,0,0,0,0,0,0,24,0.9992,0.0436,4.0034,0.1760,70.0522,3.1087,0.9987,0.0170,3.9696,0.0548,74.9759,1.3718,0.0000,0.0000,1.5338,40.7246,0.0000,0.0000,2.7474,50.3690,37.9761,0.0001,0.0002,0.0000
1470,6145,24,264,0.7933,0.0766,103.7486,197.4209,478007.6562,24.1152,0,0,0,0,0,0,0,0,0,0,0,1,24,0.9992,0.0436,4.0034,0.1760,70.0513,3.1102,0.9987,0.0170,3.9696,0.0548,74.9759,1.3718,0.0000,0.0000,1.4409,39.7812,0.0199,0.0000,2.7584,50.3692,37.9768,0.0000,0.0002,0.0000
1471,6154,24,264,0.7934,0.0766,103.7463,197.4209,478384.2188,24.1152,0,0,0,0,0,0,0,0,0,0,0,2,24,0.9991,0.0437,4.0034,0.1760,70.0506,3.1127,0.9987,0.0170,3.9696,0.0548,74.9759,1.3718,0.0000,0.0000,1.4409,39.7803,0.0000,0.0000,2.7584,50.3692,37.9768,0.0000,0.0002,0.0000
1472,6163,24,264,0.7935,0.0766,103.7429,197.4209,478758.1250,24.1152,0,0,0,0,0,0,0,0,0,0,0,2,24,0.9991,0.0437,4.0032,0.1761,70.0489,3.1131,0.9987,0.0170,3.9696,0.0548,74.9759,1.3718,0.0000,0.0000,1.4409,39.7791,0.0000,0.0000,2.7584,50.3692,37.9768,0.0000,0.0002,0.0000
1473,6170,24,264,0.7926,0.0765,103.7407,197.4209,479765.3125,24.1152,0,0,1,0,0,0,0,0,0,0,0,1,25,0.9991,0.0437,4.0032,0.1760,70.0481,3.1132,0.9987,0.0170,3.9696,0.0548,74.9759,1.3718,0.0000,0.0000,1.4409,39.7782,0.0000,0.0000,2.7584,50.3692,37.9768,0.0000,0.0002,0.0000
1474,6178,24,264,0.7917,0.0765,103.7380,197.4209,480712.1250,24.1152,0,0,0,0,0,0,0,0,0,0,0,0,26,0.9991,0.0437,4.0031,0.1760,70.0459,3.1141,0.9987,0.0170,3.9696,0.0548,74.9759,1.3718,0.0000,0.0000,1.4409,39.7772,0.0000,0.0000,2.7584,50.3692,37.9768,0.0000,0.0002,0.0000
1475,6183,24,264,0.7917,0.0765,111.4078,197.4209,481100.0000,24.1152,0,0,0,0,0,0,0,0,0,0,0,0,26,0.9992,0.0437,4.0031,0.1760,70.0434,3.1164,0.9987,0.0170,3.9696,0.0548,74.9759,1.3718,4.1343,1.3527,2.0259,42.8209,0.0000,0.5048,2.7584,50.3692,37.9768,0.0000,0.0011,0.0000
1476,6189,24,264,0.7918,0.0765,111.4056,197.4209,481496.5625,24.1152,0,0,0,0,0,0,0,0,0,0,0,0,26,0.9991,0.0437,4.0030,0.1760,70.0429,3.1158,0.9987,0.0170,3.9696,0.0548,74.9759,1.3718,0.0000,0.0000,2.0259,42.8201,0.0000,0.0000,2.7584,50.3692,37.9768,0.0000,0.0011,0.0000
1477,6193,24,264,0.7918,0.0765,111.4037,197.4209,481877.3125,24.1152,0,0,0,0,0,0,0,0,0,0,0,0,26,0.9991,0.0437,4.0030,0.1760,70.0442,3.1156,0.9987,0.0170,3.9696,0.0548,74.9759,1.3718,0.0000,0.0000,2.0259,42.8194,0.0000,0.0000,2.7584,50.3692,37.9768,0.0000,0.0011,0.0000
1478,6210,24,264,0.7918,0.0765,111.4019,197.4209,482265.0312,24.1152,0,0,0,0,0,0,0,0,0,0,0,0,26,0.9991,0.0437,4.0033,0.1762,70.0476,3.1149,0.9987,0.0170,3.9696,0.0548,74.9759,1.3718,0.0000,0.0000,2.0259,42.8187,0.0000,0.0000,2.7584,50.3692,37.9768,0.0000,0.0011,0.0000
1479,6215,24,264,0.7919,0.0765,111.3999,197.4209,482639.8750,24.1152,0,0,0,0,0,0,0,0,0,0,0,0,26,0.9991,0.0437,4.0033,0.1764,70.0475,3.1141,0.9987,0.0170,3.9696,0.0548,74.9759,1.3718,0.0000,0.0000,2.0259,42.8180,0.0000,0.0000,2.7584,50.3692,37.9768,0.0000,0.0011,0.0000
1480,6222,24,264,0.7920,0.0765,108.9245,197.4653,482844.2812,24.1152,0,0,0,0,0,0,0,0,0,0,0,0,26,0.9991,0.0437,4.0031,0.1764,70.0472,3.1140,0.9987,0.0170,3.9696,0.0548,74.9759,1.3718,0.0000,0.0000,1.8176,41.6665,0.2858,0.0000,2.7641,50.3690,37.9803,0.0064,0.0011,0.0000
1481,6229,24,264,0.7920,0.0766,108.9220,197.4653,483221.1250,24.1152,0,0,0,0,0,0,0,0,0,0,0,0,26,0.9991,0.0437,4.0031,0.1764,70.0465,3.1139,0.9987,0.0170,3.9696,0.0548,74.9759,1.3718,0.0000,0.0000,1.8176,41.6656,0.0000,0.0000,2.7641,50.3690,37.9803,0.0064,0.0011,0.0000
1482,6236,24,264,0.7922,0.0766,108.9176,197.4653,483590.0000,24.1152,0,0,0,0,0,0,0,0,0,0,0,0,26,0.9991,0.0437,4.0031,0.1765,70.0474,3.1131,0.9987,0.0170,3.9696,0.0548,74.9759,1.3718,0.0000,0.0000,1.8176,41.6639,0.0000,0.0000,2.7641,50.3690,37.9803,0.0064,0.0011,0.0000
1483,6244,24,264,0.7922,0.0766,108.9153,197.4653,483972.7812,24.1152,0,0,0,0,0,0,0,0,0,0,0,0,26,0.9991,0.0437,4.0031,0.1764,70.0472,3.1138,0.9987,0.0170,3.9696,0.0548,74.9759,1.3718,0.0000,0.0000,1.8176,41.6631,0.0000,0.0000,2.7641,50.3690,37.9803,0.0064,0.0011,0.0000
1484,6250,24,264,0.7923,0.0766,108.9125,197.4653,484355.0312,24.1152,0,0,0,0,0,0,0,0,0,0,0,0,26,0.9991,0.0437,4.0031,0.1764,70.0489,3.1147,0.9987,0.0170,3.9696,0.0548,74.9759,1.3718,0.0000,0.0000,1.8176,41.6620,0.0000,0.0000,2.7641,50.3690,37.9803,0.0064,0.0011,0.0000
1485,6256,24,264,0.7924,0.0766,108.9105,197.4653,484743.1250,24.1152,0,0,0,0,0,0,0,0,0,0,0,0,26,0.9990,0.0437,4.0032,0.1765,70.0485,3.1143,0.9987,0.0170,3.9696,0.0548,74.9759,1.3718,0.0000,0.0000,1.8176,41.6613,0.0000,0.0000,2.7641,50.3690,37.9803,0.0064,0.0011,0.0000
1486,6262,24,264,0.7924,0.0766,108.9083,197.4653,485139.9375,24.1152,0,0,0,0,0,0,0,0,0,0,0,0,26,0.9990,0.0437,4.0034,0.1766,70.0469,3.1137,0.9987,0.0170,3.9696,0.0548,74.9759,1.3718,0.0000,0.0000,1.8176,41.6605,0.0000,0.0000,2.7641,50.3690,37.9803,0.0064,0.0011,0.0000
1487,6270,24,264,0.7924,0.0766,108.9065,197.4653,485520.8438,24.1152,0,0,0,0,0,0,0,0,0,0,0,0,26,0.9991,0.0437,4.0035,0.1766,70.0479,3.1129,0.9987,0.0170,3.9696,0.0548,74.9759,1.3718,0.0000,0.0000,1.8176,41.6598,0.0000,0.0000,2.7641,50.3690,37.9803,0.0064,0.0011,0.0000
1488,6279,24,264,0.7925,0.0766,108.9046,197.4653,485923.7188,24.1152,0,0,1,0,0,0,0,0,0,0,0,0,26,0.9990,0.0437,4.0034,0.1766,70.0468,3.1153,0.9987,0.0170,3.9696,0.0548,74.9759,1.3718,0.0000,0.0000,1.8176,41.6591,0.0000,0.0000,2.7641,50.3690,37.9803,0.0064,0.0011,0.0000
1489,6287,24,264,0.7925,0.0766,108.9026,197.4653,486298.7188,24.1152,0,0,0,0,0,0,0,0,0,0,0,0,26,0.9990,0.0437,4.0033,0.1766,70.0472,3.1160,0.9987,0.0170,3.9696,0.0548,74.9759,1.3718,0.0000,0.0000,1.8176,41.6584,0.0000,0.0000,2.7641,50.3690,37.9803,0.0064,0.0011,0.0000
1490,6292,24,264,0.7926,0.0766,106.3658,197.6160,486506.6875,24.1152,0,0,0,0,0,0,0,0,0,0,0,0,26,0.9990,0.0437,4.0034,0.1767,70.0460,3.1166,0.9987,0.0170,3.9696,0.0548,74.9759,1.3718,0.0000,0.0000,1.6659,40.7207,0.0356,0.0000,2.7753,50.3693,37.9809,0.0001,0.0011,0.0000
1491,6298,24,264,0.7927,0.0766,106.3636,197.6160,486883.8438,24.1152,0,0,0,0,0,0,0,0,0,0,0,0,26,0.9990,0.0437,4.0034,0.1767,70.0470,3.1174,0.9987,0.0170,3.9696,0.0548,74.9759,1.3718,0.0000,0.0000,1.6659,40.7198,0.0000,0.0000,2.7753,50.3693,37.9809,0.0001,0.0011,0.0000
1492,6306,24,264,0.7928,0.0766,106.3594,197.6160,487253.5938,24.1152,0,0,0,0,0,0,0,0,0,0,0,0,26,0.9990,0.0437,4.0035,0.1766,70.0480,3.1208,0.9987,0.0170,3.9696,0.0548,74.9759,1.3718,0.0000,0.0000,1.6659,40.7183,0.0000,0.0000,2.7753,50.3693,37.9809,0.0001,0.0011,0.0000
1493,6314,24,264,0.7928,0.0766,106.3572,197.6160,487636.7188,24.1152,0,0,0,0,0,0,0,0,0,0,0,0,26,0.9991,0.0437,4.0036,0.1766,70.0458,3.1224,0.9987,0.0170,3.9696,0.0548,74.9759,1.3718,0.0000,0.0000,1.6659,40.7174,0.0000,0.0000,2.7753,50.3693,37.9809,0.0001,0.0011,0.0000
1494,6321,24,264,0.7929,0.0766,106.3546,197.6160,488019.3750,24.1152,0,0,0,0,0,0,0,0,0,0,0,0,26,0.9991,0.0437,4.0036,0.1766,70.0474,3.1217,0.9987,0.0170,3.9696,0.0548,74.9759,1.3718,0.0000,0.0000,1.6659,40.7165,0.0000,0.0000,2.7753,50.3693,37.9809,0.0001,0.0011,0.0000
1495,6326,24,264,0.7930,0.0766,106.3527,197.6160,488422.7188,24.1152,0,0,1,0,0,0,0,0,0,0,0,0,26,0.9991,0.0437,4.0035,0.1768,70.0477,3.1220,0.9987,0.0170,3.9696,0.0548,74.9759,1.3718,0.0000,0.0000,1.6659,40.7157,0.0000,0.0000,2.7753,50.3693,37.9809,0.0001,0.0011,0.0000
1496,6334,24,264,0.7930,0.0766,106.3506,197.6160,488819.8125,24.1152,0,0,0,0,0,0,0,0,0,0,0,0,26,0.9991,0.0437,4.0034,0.1768,70.0513,3.1240,0.9987,0.0170,3.9696,0.0548,74.9759,1.3718,0.0000,0.0000,1.6659,40.7150,0.0000,0.0000,2.7753,50.3693,37.9809,0.0001,0.0011,0.0000
1497,6340,24,264,0.7930,0.0766,106.3489,197.6160,489200.8438,24.1152,0,0,0,0,0,0,0,0,0,0,0,0,26,0.9991,0.0438,4.0035,0.1769,70.0525,3.1247,0.9987,0.0170,3.9696,0.0548,74.9759,1.3718,0.0000,0.0000,1.6659,40.7143,0.0000,0.0000,2.7753,50.3693,37.9809,0.0001,0.0011,0.0000
1498,6351,24,264,0.7930,0.0766,106.3471,197.6160,489588.8438,24.1152,0,0,0,0,0,0,0,0,0,0,0,0,26,0.9991,0.0438,4.0035,0.1770,70.0547,3.1238,0.9987,0.0170,3.9696,0.0548,74.9759,1.3718,0.0000,0.0000,1.6659,40.7137,0.0000,0.0000,2.7753,50.3693,37.9809,0.0001,0.0011,0.0000
1499,6355,24,264,0.7931,0.0766,106.3452,197.6160,489964.0625,24.1152,0,0,0,0,0,0,0,0,0,0,0,0,26,0.9991,0.0438,4.0035,0.1769,70.0551,3.1242,0.9987,0.0170,3.9696,0.0548,74.9759,1.3718,0.0000,0.0000,1.6659,40.7130,0.0000,0.0000,2.7753,50.3693,37.9809,0.0001,0.0011,0.0000
1500,6358,24,236,0.7932,0.0766,103.7583,197.6598,491375.3750,22.5962,0,0,0,0,0,0,0,0,0,0,0,0,26,0.9991,0.0438,4.0035,0.1770,70.0552,3.1242,0.9987,0.0170,3.9696,0.0548,74.9759,1.3718,0.0000,0.0000,1.5463,39.7561,0.0244,0.0000,2.7855,50.3693,37.9790,0.0000,0.0011,0.0000
1501,6365,24,236,0.7932,0.0766,103.7563,197.6598,491767.8125,22.5962,0,0,0,0,1,0,0,0,0,0,0,0,26,0.9991,0.0438,4.0035,0.1770,70.0552,3.1248,0.9987,0.0170,3.9696,0.0548,74.9759,1.3718,0.0000,0.0000,1.5463,39.7553,0.0000,0.0000,2.7855,50.3693,37.9790,0.0000,0.0011,0.0000
1502,6368,24,236,0.7933,0.0766,103.7526,197.6598,492168.3125,22.5962,0,0,0,0,2,0,0,0,0,0,0,0,26,0.9991,0.0439,4.0035,0.1770,70.0546,3.1266,0.9987,0.0170,3.9696,0.0548,74.9759,1.3718,0.0000,0.0000,1.5463,39.7539,0.0000,0.0000,2.7855,50.3693,37.9790,0.0000,0.0011,0.0000
1503,6377,24,236,0.7934,0.0766,103.7505,197.6598,492551.6875,22.5962,0,0,0,0,0,0,0,0,0,0,0,0,26,0.9990,0.0439,4.0033,0.1771,70.0549,3.1280,0.9987,0.0170,3.9696,0.0548,74.9759,1.3718,0.0000,0.0000,1.5463,39.7532,0.0000,0.0000,2.7855,50.3693,37.9790,0.0000,0.0011,0.0000
1504,6378,24,236,0.7934,0.0766,103.7481,197.6598,492934.7188,22.5962,0,0,0,0,0,0,0,0,0,0,0,0,26,0.9990,0.0439,4.0033,0.1771,70.0547,3.1278,0.9987,0.0170,3.9696,0.0548,74.9759,1.3718,0.0000,0.0000,1.5463,39.7523,0.0000,0.0000,2.7855,50.3693,37.9790,0.0000,0.0011,0.0000
1505,6381,24,236,0.7935,0.0766,103.7463,197.6598,493323.2812,22.5962,0,0,0,0,0,0,0,0,0,0,0,0,26,0.9990,0.0439,4.0033,0.1770,70.0546,3.1275,0.9987,0.0170,3.9696,0.0548,74.9759,1.3718,0.0000,0.0000,1.5463,39.7516,0.0000,0.0000,2.7855,50.3693,37.9790,0.0000,0.0011,0.0000
1506,6383,24,236,0.7935,0.0766,103.7444,197.6598,493720.5625,22.5962,0,0,0,0,0,0,0,0,0,0,0,0,26,0.9990,0.0439,4.0032,0.1771,70.0529,3.1289,0.9987,0.0170,3.9696,0.0548,74.9759,1.3718,0.0000,0.0000,1.5463,39.7509,0.0000,0.0000,2.7855,50.3693,37.9790,0.0000,0.0011,0.0000
1507,6388,24,236,0.7935,0.0766,103.7428,197.6598,494101.7812,22.5962,0,0,0,0,0,0,0,0,0,0,0,0,26,0.9990,0.0439,4.0032,0.1770,70.0523,3.1289,0.9987,0.0170,3.9696,0.0548,74.9759,1.3718,0.0000,0.0000,1.5463,39.7503,0.0000,0.0000,2.7855,50.3693,37.9790,0.0000,0.0011,0.0000
1508,6392,24,236,0.7935,0.0766,103.7411,197.6598,494489.8750,22.5962,0,0,0,0,0,0,0,0,0,0,0,0,26,0.9990,0.0439,4.0033,0.1771,70.0549,3.1313,0.9987,0.0170,3.9696,0.0548,74.9759,1.3718,0.0000,0.0000,1.5463,39.7497,0.0000,0.0000,2.7855,50.3693,37.9790,0.0000,0.0011,0.0000
1509,6396,24,236,0.7936,0.0766,103.7395,197.6598,494865.2500,22.5962,0,0,0,0,0,0,0,0,0,0,0,0,26,0.9990,0.0439,4.0033,0.1772,70.0550,3.1318,0.9987,0.0170,3.9696,0.0548,74.9759,1.3718,0.0000,0.0000,1.5463,39.7491,0.0000,0.0000,2.7855,50.3693,37.9790,0.0000,0.0011,0.0000
1510,6403,24,236,0.7936,0.0766,101.3022,197.7867,495090.6250,22.5962,0,0,0,0,0,0,0,0,0,0,0,0,26,0.9990,0.0439,4.0033,0.1771,70.0566,3.1312,0.9987,0.0170,3.9696,0.0548,74.9759,1.3718,0.0000,0.0000,1.4477,38.8479,0.0211,0.0000,2.7953,50.3694,37.9788,0.0000,0.0011,0.0000
1511,6408,24,236,0.7937,0.0766,101.3003,197.7867,495468.2500,22.5962,0,0,0,0,0,0,0,0,0,0,0,0,26,0.9990,0.0439,4.0033,0.1771,70.0568,3.1318,0.9987,0.0170,3.9696,0.0548,74.9759,1.3718,0.0000,0.0000,1.4477,38.8471,0.0000,0.0000,2.7953,50.3694,37.9788,0.0000,0.0011,0.0000
1512,6412,24,236,0.7938,0.0766,101.2968,197.7867,495839.4375,22.5962,0,0,0,0,0,0,0,0,0,0,0,0,26,0.9990,0.0439,4.0033,0.1771,70.0567,3.1328,0.9987,0.0170,3.9696,0.0548,74.9759,1.3718,0.0000,0.0000,1.4477,38.8458,0.0000,0.0000,2.7953,50.3694,37.9788,0.0000,0.0011,0.0000
1513,6421,24,236,0.7938,0.0766,101.2949,197.7867,496223.0000,22.5962,0,0,0,0,0,0,0,0,0,0,0,0,26,0.9989,0.0439,4.0034,0.1770,70.0587,3.1350,0.9987,0.0170,3.9696,0.0548,74.9759,1.3718,0.0000,0.0000,1.4477,38.8451,0.0000,0.0000,2.7953,50.3694,37.9788,0.0000,0.0011,0.0000
1514,6432,24,236,0.7939,0.0766,101.2926,197.7867,496606.2812,22.5962,0,0,0,0,0,0,0,0,0,0,0,0,26,0.9989,0.0439,4.0033,0.1770,70.0567,3.1362,0.9987,0.0170,3.9696,0.0548,74.9759,1.3718,0.0000,0.0000,1.4477,38.8442,0.0000,0.0000,2.7953,50.3694,37.9788,0.0000,0.0011,0.0000
1515,6442,24,236,0.7939,0.0766,101.2909,197.7867,496995.0938,22.5962,0,0,0,0,0,0,0,0,0,0,0,0,26,0.9989,0.0439,4.0032,0.1771,70.0583,3.1363,0.9987,0.0170,3.9696,0.0548,74.9759,1.3718,0.0000,0.0000,1.4477,38.8436,0.0000,0.0000,2.7953,50.3694,37.9788,0.0000,0.0011,0.0000
1516,6448,24,236,0.7939,0.0766,101.2891,197.7867,497407.5625,22.5962,0,0,0,0,1,0,0,0,0,0,0,0,26,0.9989,0.0439,4.0032,0.1771,70.0576,3.1359,0.9987,0.0170,3.9696,0.0548,74.9759,1.3718,0.0000,0.0000,1.4477,38.8429,0.0000,0.0000,2.7953,50.3694,37.9788,0.0000,0.0011,0.0000
1517,6456,24,236,0.7940,0.0766,101.2875,197.7867,497803.9062,22.5962,0,0,1,0,0,0,0,0,0,0,0,0,26,0.9989,0.0439,4.0032,0.1771,70.0570,3.1362,0.9987,0.0170,3.9696,0.0548,74.9759,1.3718,0.0000,0.0000,1.4477,38.8424,0.0000,0.0000,2.7953,50.3694,37.9788,0.0000,0.0011,0.0000
1518,6461,24,236,0.7940,0.0766,101.2860,197.7867,498192.0938,22.5962,0,0,0,0,0,0,0,0,0,0,0,0,26,0.9989,0.0439,4.0032,0.1772,70.0541,3.1371,0.9987,0.0170,3.9696,0.0548,74.9759,1.3718,0.0000,0.0000,1.4477,38.8418,0.0000,0.0000,2.7953,50.3694,37.9788,0.0000,0.0011,0.0000
1519,6472,24,236,0.7940,0.0766,101.2844,197.7867,498582.5938,22.5962,0,0,1,0,0,0,0,0,0,0,0,0,26,0.9989,0.0440,4.0031,0.1772,70.0563,3.1435,0.9987,0.0170,3.9696,0.0548,74.9759,1.3718,0.0000,0.0000,1.4477,38.8412,0.0000,0.0000,2.7953,50.3694,37.9788,0.0000,0.0011,0.0000
1520,6474,24,236,0.7941,0.0766,98.8673,197.9105,498826.2188,22.5962,0,0,0,0,1,0,0,0,0,0,0,0,26,0.9989,0.0440,4.0031,0.1772,70.0570,3.1444,0.9987,0.0170,3.9696,0.0548,74.9759,1.3718,0.0000,0.0000,1.3741,37.9438,0.0188,0.0000,2.8048,50.3696,37.9786,0.0000,0.0011,0.0000
1521,6482,24,236,0.7941,0.0766,98.8656,197.9105,499203.9688,22.5962,0,0,0,0,0,0,0,0,0,0,0,0,26,0.9989,0.0440,4.0032,0.1772,70.0570,3.1455,0.9987,0.0170,3.9696,0.0548,74.9759,1.3718,0.0000,0.0000,1.3741,37.9432,0.0000,0.0000,2.8048,50.3696,37.9786,0.0000,0.0011,0.0000
1522,6493,24,236,0.7942,0.0766,101.9215,197.9105,499575.7500,22.5962,0,0,0,0,0,0,0,0,0,0,0,0,26,0.9988,0.0440,4.0033,0.1774,70.0561,3.1469,0.9987,0.0170,3.9696,0.0548,74.9759,1.3718,1.5586,0.4681,1.7474,39.0889,0.0000,0.0384,2.8048,50.3696,37.9786,0.0000,0.0001,0.0000
1523,6497,24,236,0.7942,0.0766,101.9195,197.9105,499959.4688,22.5962,0,0,0,0,0,0,0,0,0,0,0,0,26,0.9989,0.0440,4.0032,0.1775,70.0588,3.1482,0.9987,0.0170,3.9696,0.0548,74.9759,1.3718,0.0000,0.0000,1.7474,39.0882,0.0000,0.0000,2.8048,50.3696,37.9786,0.0000,0.0001,0.0000
1524,6500,24,236,0.7942,0.0766,101.9173,197.9105,500343.0312,22.5962,0,0,0,0,0,0,0,0,0,0,0,0,26,0.9989,0.0440,4.0032,0.1775,70.0585,3.1489,0.9987,0.0170,3.9696,0.0548,74.9759,1.3718,0.0000,0.0000,1.7474,39.0873,0.0000,0.0000,2.8048,50.3696,37.9786,0.0000,0.0001,0.0000
1525,6510,24,236,0.7943,0.0766,101.9155,197.9105,500732.0000,22.5962,0,0,0,0,0,0,0,0,0,0,0,0,26,0.9989,0.0440,4.0032,0.1776,70.0619,3.1535,0.9987,0.0170,3.9696,0.0548,74.9759,1.3718,0.0000,0.0000,1.7474,39.0867,0.0000,0.0000,2.8048,50.3696,37.9786,0.0000,0.0001,0.0000
1526,6521,24,236,0.7943,0.0766,101.9138,197.9105,501129.6250,22.5962,0,0,0,0,0,0,0,0,0,0,0,0,26,0.9989,0.0440,4.0032,0.1776,70.0616,3.1590,0.9987,0.0170,3.9696,0.0548,74.9759,1.3718,0.0000,0.0000,1.7474,39.0860,0.0000,0.0000,2.8048,50.3696,37.9786,0.0000,0.0001,0.0000
1527,6526,24,236,0.7943,0.0766,101.9122,197.9105,501526.0000,22.5962,0,0,0,0,1,0,0,0,0,0,0,0,26,0.9989,0.0440,4.0033,0.1777,70.0613,3.1589,0.9987,0.0170,3.9696,0.0548,74.9759,1.3718,0.0000,0.0000,1.7474,39.0854,0.0000,0.0000,2.8048,50.3696,37.9786,0.0000,0.0001,0.0000
1528,6532,24,236,0.7943,0.0766,101.9106,197.9105,501914.2500,22.5962,0,0,0,0,0,0,0,0,0,0,0,0,26,0.9989,0.0440,4.0033,0.1777,70.0607,3.1589,0.9987,0.0170,3.9696,0.0548,74.9759,1.3718,0.0000,0.0000,1.7474,39.0848,0.0000,0.0000,2.8048,50.3696,37.9786,0.0000,0.0001,0.0000
1529,6543,24,236,0.7943,0.0766,101.9091,197.9105,502304.8125,22.5962,0,0,0,0,1,0,0,0,0,0,0,0,26,0.9989,0.0440,4.0033,0.1778,70.0606,3.1611,0.9987,0.0170,3.9696,0.0548,74.9759,1.3718,0.0000,0.0000,1.7474,39.0843,0.0000,0.0000,2.8048,50.3696,37.9786,0.0000,0.0001,0.0000
1530,6552,24,236,0.7944,0.0766,99.4827,198.0176,502531.6562,22.5962,0,0,0,0,0,0,0,0,0,0,0,0,26,0.9989,0.0440,4.0033,0.1778,70.0584,3.1608,0.9987,0.0170,3.9696,0.0548,74.9759,1.3718,0.0000,0.0000,1.6021,38.1457,0.0607,0.0000,2.8138,50.3696,37.9780,0.0005,0.0001,0.0000
1531,6563,24,236,0.7944,0.0766,99.4810,198.0176,502909.5000,22.5962,0,0,0,0,0,0,0,0,0,0,0,0,26,0.9989,0.0440,4.0032,0.1779,70.0577,3.1619,0.9987,0.0170,3.9696,0.0548,74.9759,1.3718,0.0000,0.0000,1.6021,38.1451,0.0000,0.0000,2.8138,50.3696,37.9780,0.0005,0.0001,0.0000
1532,6568,24,236,0.7945,0.0766,99.4777,198.0176,503296.8125,22.5962,0,0,1,0,0,0,0,0,0,0,0,0,26,0.9989,0.0440,4.0032,0.1779,70.0608,3.1660,0.9987,0.0170,3.9696,0.0548,74.9759,1.3718,0.0000,0.0000,1.6021,38.1439,0.0000,0.0000,2.8138,50.3696,37.9780,0.0005,0.0001,0.0000
1533,6575,24,236,0.7945,0.0766,99.4759,198.0176,503680.6562,22.5962,0,0,0,0,0,0,0,0,0,0,0,0,26,0.9989,0.0440,4.0032,0.1780,70.0622,3.1670,0.9987,0.0170,3.9696,0.0548,74.9759,1.3718,0.0000,0.0000,1.6021,38.1432,0.0000,0.0000,2.8138,50.3696,37.9780,0.0005,0.0001,0.0000
1534,6581,24,236,0.7946,0.0766,99.4738,198.0176,504064.4375,22.5962,0,0,0,0,0,0,0,0,0,0,0,0,26,0.9989,0.0440,4.0030,0.1780,70.0602,3.1669,0.9987,0.0170,3.9696,0.0548,74.9759,1.3718,0.0000,0.0000,1.6021,38.1424,0.0000,0.0000,2.8138,50.3696,37.9780,0.0005,0.0001,0.0000
1535,6588,24,236,0.7946,0.0766,99.4721,198.0176,504453.5000,22.5962,0,0,0,0,0,0,0,0,0,0,0,0,26,0.9988,0.0440,4.0031,0.1780,70.0606,3.1666,0.9987,0.0170,3.9696,0.0548,74.9759,1.3718,0.0000,0.0000,1.6021,38.1417,0.0000,0.0000,2.8138,50.3696,37.9780,0.0005,0.0001,0.0000
1536,6591,24,236,0.7946,0.0766,99.4704,198.0176,504851.2188,22.5962,0,0,0,0,0,0,0,0,0,0,0,0,26,0.9988,0.0440,4.0032,0.1781,70.0611,3.1704,0.9987,0.0170,3.9696,0.0548,74.9759,1.3718,0.0000,0.0000,1.6021,38.1411,0.0000,0.0000,2.8138,50.3696,37.9780,0.0005,0.0001,0.0000
1537,6603,25,236,0.7946,0.0766,99.4689,198.0176,505232.6250,22.5962,0,0,0,0,0,0,0,0,0,0,0,0,26,0.9988,0.0439,4.0033,0.1782,70.0580,3.1731,0.9992,0.0168,3.9739,0.0577,74.9608,1.3461,0.0000,0.0000,1.6021,38.1406,0.0000,0.0000,2.8138,50.3696,37.9780,0.0005,0.0001,0.0000
1538,6608,25,236,0.7946,0.0766,99.4675,198.0176,505620.9375,22.5962,0,0,0,0,0,0,0,0,0,0,0,0,26,0.9988,0.0440,4.0031,0.1783,70.0589,3.1736,0.9992,0.0168,3.9739,0.0577,74.9608,1.3461,0.0000,0.0000,1.6021,38.1400,0.0000,0.0000,2.8138,50.3696,37.9780,0.0005,0.0001,0.0000
1539,6613,25,236,0.7946,0.0766,99.4660,198.0176,505996.5312,22.5962,0,0,0,0,0,0,0,0,0,0,0,0,26,0.9988,0.0440,4.0030,0.1783,70.0571,3.1735,0.9992,0.0168,3.9739,0.0577,74.9608,1.3461,0.0000,0.0000,1.6021,38.1395,0.0000,0.0000,2.8138,50.3696,37.9780,0.0005,0.0001,0.0000
1540,6620,25,236,0.7947,0.0766,97.0804,198.1389,506226.5938,22.5962,0,0,0,0,0,0,0,0,0,0,0,0,26,0.9988,0.0440,4.0030,0.1783,70.0585,3.1767,0.9992,0.0168,3.9739,0.0577,74.9608,1.3461,0.0000,0.0000,1.4960,37.2484,0.0270,0.0000,2.8232,50.3698,37.9777,0.0000,0.0001,0.0000
1541,6627,25,236,0.7947,0.0766,97.0788,198.1389,506604.5938,22.5962,0,0,0,0,0,0,0,0,0,0,0,0,26,0.9988,0.0440,4.0030,0.1782,70.0576,3.1762,0.9992,0.0168,3.9739,0.0577,74.9608,1.3461,0.0000,0.0000,1.4960,37.2478,0.0000,0.0000,2.8232,50.3698,37.9777,0.0000,0.0001,0.0000
1542,6633,25,236,0.7947,0.0766,97.0757,198.1389,506977.4062,22.5962,0,0,0,0,0,0,0,0,0,0,0,0,26,0.9989,0.0440,4.0030,0.1782,70.0570,3.1759,0.9992,0.0168,3.9739,0.0577,74.9608,1.3461,0.0000,0.0000,1.4960,37.2466,0.0000,0.0000,2.8232,50.3698,37.9777,0.0000,0.0001,0.0000
1543,6636,25,236,0.7948,0.0766,97.0740,198.1389,507361.3750,22.5962,0,0,0,0,0,0,0,0,0,0,0,0,26,0.9988,0.0440,4.0030,0.1782,70.0572,3.1769,0.9992,0.0168,3.9739,0.0577,74.9608,1.3461,0.0000,0.0000,1.4960,37.2460,0.0000,0.0000,2.8232,50.3698,37.9777,0.0000,0.0001,0.0000
1544,6657,25,236,0.7948,0.0766,97.0720,198.1389,507745.3438,22.5962,0,0,0,0,0,0,0,0,0,0,0,0,26,0.9989,0.0441,4.0028,0.1785,70.0585,3.1762,0.9992,0.0168,3.9739,0.0577,74.9608,1.3461,0.0000,0.0000,1.4960,37.2452,0.0000,0.0000,2.8232,50.3698,37.9777,0.0000,0.0001,0.0000
1545,6663,25,236,0.7948,0.0766,97.0704,198.1389,508134.4688,22.5962,0,0,0,0,0,0,0,0,0,0,0,0,26,0.9989,0.0441,4.0027,0.1785,70.0605,3.1784,0.9992,0.0168,3.9739,0.0577,74.9608,1.3461,0.0000,0.0000,1.4960,37.2446,0.0000,0.0000,2.8232,50.3698,37.9777,0.0000,0.0001,0.0000
1546,6678,25,236,0.7948,0.0766,97.0689,198.1389,508532.2188,22.5962,0,0,0,0,0,0,0,0,0,0,0,0,26,0.9989,0.0441,4.0028,0.1787,70.0584,3.1784,0.9992,0.0168,3.9739,0.0577,74.9608,1.3461,0.0000,0.0000,1.4960,37.2440,0.0000,0.0000,2.8232,50.3698,37.9777,0.0000,0.0001,0.0000
1547,6686,25,236,0.7948,0.0766,97.0675,198.1389,508913.6562,22.5962,0,0,0,0,0,0,0,0,0,0,0,0,26,0.9989,0.0441,4.0028,0.1787,70.0586,3.1779,0.9992,0.0168,3.9739,0.0577,74.9608,1.3461,0.0000,0.0000,1.4960,37.2435,0.0000,0.0000,2.8232,50.3698,37.9777,0.0000,0.0001,0.0000
1548,6688,25,236,0.7948,0.0766,97.0661,198.1389,509316.9688,22.5962,0,0,1,0,0,0,0,0,0,0,0,0,26,0.9989,0.0442,4.0029,0.1786,70.0583,3.1783,0.9992,0.0168,3.9739,0.0577,74.9608,1.3461,0.0000,0.0000,1.4960,37.2430,0.0000,0.0000,2.8232,50.3698,37.9777,0.0000,0.0001,0.0000
1549,6693,25,236,0.7948,0.0766,97.0647,198.1389,509707.6250,22.5962,0,0,0,0,1,0,0,0,0,0,0,0,26,0.9989,0.0442,4.0028,0.1786,70.0585,3.1788,0.9992,0.0168,3.9739,0.0577,74.9608,1.3461,0.0000,0.0000,1.4960,37.2425,0.0000,0.0000,2.8232,50.3698,37.9777,0.0000,0.0001,0.0000
1550,6700,25,217,0.7948,0.0766,94.7009,198.1737,510715.7500,22.5962,0,0,1,0,0,0,0,0,0,0,0,0,26,0.9990,0.0442,4.0027,0.1787,70.0576,3.1785,0.9992,0.0168,3.9739,0.0577,74.9608,1.3461,0.0000,0.0000,1.4144,36.3518,0.0221,0.0000,2.8318,50.3697,37.9751,0.0000,0.0001,0.0000
1551,6702,25,217,0.7948,0.0766,94.6994,198.1737,511108.8125,22.5962,0,0,1,0,0,0,0,0,0,0,0,0,26,0.9990,0.0442,4.0025,0.1787,70.0560,3.1793,0.9992,0.0168,3.9739,0.0577,74.9608,1.3461,0.0000,0.0000,1.4144,36.3513,0.0000,0.0000,2.8318,50.3697,37.9751,0.0000,0.0001,0.0000
1552,6708,25,217,0.7949,0.0766,94.6965,198.1737,511497.0625,22.5962,0,0,1,0,0,0,0,0,0,0,0,0,26,0.9989,0.0442,4.0027,0.1788,70.0555,3.1803,0.9992,0.0168,3.9739,0.0577,74.9608,1.3461,0.0000,0.0000,1.4144,36.3502,0.0000,0.0000,2.8318,50.3697,37.9751,0.0000,0.0001,0.0000
1553,6716,25,217,0.7949,0.0766,104.4502,198.1737,511881.0938,22.5962,0,0,0,0,0,0,0,0,0,0,0,0,26,0.9990,0.0442,4.0026,0.1788,70.0545,3.1789,0.9992,0.0168,3.9739,0.0577,74.9608,1.3461,5.3619,1.7937,1.9947,40.2911,0.0000,0.8401,2.8318,50.3697,37.9751,0.0000,0.0025,0.0000
1554,6726,25,217,0.7950,0.0766,104.4481,198.1737,512265.2500,22.5962,0,0,0,0,0,0,0,0,0,0,0,0,26,0.9990,0.0442,4.0028,0.1789,70.0525,3.1830,0.9992,0.0168,3.9739,0.0577,74.9608,1.3461,0.0000,0.0000,1.9947,40.2903,0.0000,0.0000,2.8318,50.3697,37.9751,0.0000,0.0025,0.0000
1555,6733,25,217,0.7950,0.0766,104.4464,198.1737,512654.4062,22.5962,0,0,0,0,0,0,0,0,0,0,0,0,26,0.9990,0.0442,4.0027,0.1791,70.0528,3.1861,0.9992,0.0168,3.9739,0.0577,74.9608,1.3461,0.0000,0.0000,1.9947,40.2896,0.0000,0.0000,2.8318,50.3697,37.9751,0.0000,0.0025,0.0000
1556,6742,25,217,0.7950,0.0766,104.4447,198.1737,513052.2812,22.5962,0,0,0,0,0,0,0,0,0,0,0,0,26,0.9990,0.0442,4.0027,0.1791,70.0533,3.1869,0.9992,0.0168,3.9739,0.0577,74.9608,1.3461,0.0000,0.0000,1.9947,40.2890,0.0000,0.0000,2.8318,50.3697,37.9751,0.0000,0.0025,0.0000
1557,6743,25,217,0.7950,0.0766,104.4432,198.1737,513433.6875,22.5962,0,0,0,0,0,0,0,0,0,0,0,0,26,0.9990,0.0442,4.0026,0.1791,70.0538,3.1870,0.9992,0.0168,3.9739,0.0577,74.9608,1.3461,0.0000,0.0000,1.9947,40.2884,0.0000,0.0000,2.8318,50.3697,37.9751,0.0000,0.0025,0.0000
1558,6750,25,217,0.7950,0.0766,104.4417,198.1737,513822.0000,22.5962,0,0,0,0,0,0,0,0,0,0,0,0,26,0.9990,0.0443,4.0026,0.1792,70.0540,3.1883,0.9992,0.0168,3.9739,0.0577,74.9608,1.3461,0.0000,0.0000,1.9947,40.2878,0.0000,0.0000,2.8318,50.3697,37.9751,0.0000,0.0025,0.0000
1559,6763,25,217,0.7950,0.0766,104.4402,198.1737,514197.6562,22.5962,0,0,0,0,0,0,0,0,0,0,0,0,26,0.9990,0.0442,4.0027,0.1794,70.0551,3.1888,0.9992,0.0168,3.9739,0.0577,74.9608,1.3461,0.0000,0.0000,1.9947,40.2873,0.0000,0.0000,2.8318,50.3697,37.9751,0.0000,0.0025,0.0000
1560,6774,25,217,0.7951,0.0766,105.1023,197.9796,514411.7188,22.5962,0,0,0,0,0,0,0,0,0,0,0,0,26,0.9990,0.0443,4.0027,0.1794,70.0551,3.1887,0.9992,0.0168,3.9739,0.0577,74.9608,1.3461,1.7318,0.5771,1.8507,40.1726,0.6114,0.3358,2.8253,50.3657,37.9691,0.0160,0.0017,0.0000
1561,6785,25,217,0.7951,0.0766,105.1004,197.9796,514789.8125,22.5962,0,0,0,0,0,0,0,0,0,0,0,0,26,0.9990,0.0442,4.0027,0.1793,70.0554,3.1888,0.9992,0.0168,3.9739,0.0577,74.9608,1.3461,0.0000,0.0000,1.8507,40.1719,0.0000,0.0000,2.8253,50.3657,37.9691,0.0160,0.0017,0.0000
1562,6793,25,217,0.7952,0.0766,105.0972,197.9796,515163.4062,22.5962,0,0,0,0,0,0,0,0,0,0,0,0,26,0.9991,0.0443,4.0027,0.1794,70.0556,3.1883,0.9992,0.0168,3.9739,0.0577,74.9608,1.3461,0.0000,0.0000,1.8507,40.1707,0.0000,0.0000,2.8253,50.3657,37.9691,0.0160,0.0017,0.0000
1563,6798,25,217,0.7953,0.0766,105.0953,197.9796,515547.4688,22.5962,0,0,0,0,0,0,0,0,0,0,0,0,26,0.9990,0.0443,4.0026,0.1793,70.0555,3.1886,0.9992,0.0168,3.9739,0.0577,74.9608,1.3461,0.0000,0.0000,1.8507,40.1699,0.0000,0.0000,2.8253,50.3657,37.9691,0.0160,0.0017,0.0000
1564,6805,25,217,0.7953,0.0766,105.0930,197.9796,515931.8438,22.5962,0,0,0,0,0,0,0,0,0,0,0,0,26,0.9991,0.0443,4.0025,0.1793,70.0597,3.1934,0.9992,0.0168,3.9739,0.0577,74.9608,1.3461,0.0000,0.0000,1.8507,40.1691,0.0000,0.0000,2.8253,50.3657,37.9691,0.0160,0.0017,0.0000
1565,6808,25,217,0.7953,0.0766,105.0913,197.9796,516336.1562,22.5962,0,0,0,0,1,0,0,0,0,0,0,0,26,0.9991,0.0443,4.0024,0.1793,70.0585,3.1957,0.9992,0.0168,3.9739,0.0577,74.9608,1.3461,0.0000,0.0000,1.8507,40.1685,0.0000,0.0000,2.8253,50.3657,37.9691,0.0160,0.0017,0.0000
1566,6817,25,217,0.7953,0.0766,105.0896,197.9796,516734.1250,22.5962,0,0,0,0,0,0,0,0,0,0,0,0,26,0.9991,0.0443,4.0024,0.1794,70.0584,3.1965,0.9992,0.0168,3.9739,0.0577,74.9608,1.3461,0.0000,0.0000,1.8507,40.1679,0.0000,0.0000,2.8253,50.3657,37.9691,0.0160,0.0017,0.0000
1567,6823,25,217,0.7954,0.0766,105.0880,197.9796,517115.6250,22.5962,0,0,0,0,0,0,0,0,0,0,0,0,26,0.9991,0.0443,4.0025,0.1795,70.0596,3.1980,0.9992,0.0168,3.9739,0.0577,74.9608,1.3461,0.0000,0.0000,1.8507,40.1673,0.0000,0.0000,2.8253,50.3657,37.9691,0.0160,0.0017,0.0000
1568,6828,25,217,0.7954,0.0766,105.0864,197.9796,517503.9688,22.5962,0,0,0,0,0,0,0,0,0,0,0,0,26,0.9991,0.0443,4.0024,0.1796,70.0598,3.1983,0.9992,0.0168,3.9739,0.0577,74.9608,1.3461,0.0000,0.0000,1.8507,40.1667,0.0000,0.0000,2.8253,50.3657,37.9691,0.0160,0.0017,0.0000
1569,6832,25,217,0.7954,0.0766,105.0849,197.9796,517879.6875,22.5962,0,0,0,0,0,0,0,0,0,0,0,0,26,0.9991,0.0443,4.0025,0.1796,70.0597,3.1992,0.9992,0.0168,3.9739,0.0577,74.9608,1.3461,0.0000,0.0000,1.8507,40.1661,0.0000,0.0000,2.8253,50.3657,37.9691,0.0160,0.0017,0.0000
1570,6839,25,217,0.7954,0.0766,102.6565,198.0989,518097.0625,22.5962,0,0,0,0,0,0,0,0,0,0,0,0,26,0.9991,0.0443,4.0025,0.1796,70.0580,3.1992,0.9992,0.0168,3.9739,0.0577,74.9608,1.3461,0.0000,0.0000,1.6629,39.2671,0.0659,0.0000,2.8351,50.3659,37.9688,0.0005,0.0017,0.0000
1571,6845,25,217,0.7955,0.0766,102.6548,198.0989,518475.3438,22.5962,0,0,0,0,0,0,0,0,0,0,0,0,26,0.9991,0.0444,4.0025,0.1796,70.0573,3.1991,0.9992,0.0168,3.9739,0.0577,74.9608,1.3461,0.0000,0.0000,1.6629,39.2664,0.0000,0.0000,2.8351,50.3659,37.9688,0.0005,0.0017,0.0000
1572,6846,25,217,0.7956,0.0766,102.6518,198.0989,518894.5000,22.5962,0,0,1,0,2,0,0,0,0,0,0,0,26,0.9991,0.0443,4.0024,0.1795,70.0583,3.1994,0.9992,0.0168,3.9739,0.0577,74.9608,1.3461,0.0000,0.0000,1.6629,39.2653,0.0000,0.0000,2.8351,50.3659,37.9688,0.0005,0.0017,0.0000
1573,6850,26,217,0.7956,0.0766,102.6499,198.0989,519278.6875,22.5962,0,0,0,0,0,0,0,0,0,0,0,0,26,0.9991,0.0444,4.0024,0.1795,70.0583,3.2004,1.0000,0.0170,3.9820,0.0696,74.8376,1.4566,0.0000,0.0000,1.6629,39.2646,0.0000,0.0000,2.8351,50.3659,37.9688,0.0005,0.0017,0.0000
1574,6859,26,217,0.7956,0.0766,102.6479,198.0989,519663.2812,22.5962,0,0,0,0,0,0,0,0,0,0,0,0,26,0.9991,0.0444,4.0024,0.1796,70.0584,3.1987,1.0000,0.0170,3.9820,0.0696,74.8376,1.4566,0.0000,0.0000,1.6629,39.2638,0.0000,0.0000,2.8351,50.3659,37.9688,0.0005,0.0017,0.0000
1575,6866,26,217,0.7956,0.0766,102.6462,198.0989,520067.6875,22.5962,0,0,0,0,1,0,0,0,0,0,0,0,26,0.9991,0.0444,4.0023,0.1796,70.0580,3.1979,1.0000,0.0170,3.9820,0.0696,74.8376,1.4566,0.0000,0.0000,1.6629,39.2632,0.0000,0.0000,2.8351,50.3659,37.9688,0.0005,0.0017,0.0000
1576,6873,26,217,0.7956,0.0766,102.6446,198.0989,520480.8125,22.5962,0,0,0,0,1,0,0,0,0,0,0,0,26,0.9991,0.0444,4.0024,0.1796,70.0590,3.1977,1.0000,0.0170,3.9820,0.0696,74.8376,1.4566,0.0000,0.0000,1.6629,39.2626,0.0000,0.0000,2.8351,50.3659,37.9688,0.0005,0.0017,0.0000
1577,6879,26,217,0.7957,0.0766,102.6431,198.0989,520862.4062,22.5962,0,0,0,0,0,0,0,0,0,0,0,0,26,0.9991,0.0444,4.0025,0.1796,70.0589,3.1973,1.0000,0.0170,3.9820,0.0696,74.8376,1.4566,0.0000,0.0000,1.6629,39.2621,0.0000,0.0000,2.8351,50.3659,37.9688,0.0005,0.0017,0.0000
1578,6887,26,217,0.7957,0.0766,102.6415,198.0989,521250.8125,22.5962,0,0,0,0,0,0,0,0,0,0,0,0,26,0.9991,0.0444,4.0025,0.1797,70.0581,3.1976,1.0000,0.0170,3.9820,0.0696,74.8376,1.4566,0.0000,0.0000,1.6629,39.2615,0.0000,0.0000,2.8351,50.3659,37.9688,0.0005,0.0017,0.0000
1579,6890,26,217,0.7957,0.0766,102.6401,198.0989,521626.5938,22.5962,0,0,0,0,0,0,0,0,0,0,0,0,26,0.9991,0.0444,4.0025,0.1797,70.0584,3.1979,1.0000,0.0170,3.9820,0.0696,74.8376,1.4566,0.0000,0.0000,1.6629,39.2610,0.0000,0.0000,2.8351,50.3659,37.9688,0.0005,0.0017,0.0000
1580,6894,26,217,0.7957,0.0766,100.1874,198.2283,521847.4062,22.5962,0,0,0,0,0,0,0,0,0,0,0,0,26,0.9991,0.0444,4.0025,0.1797,70.0573,3.1978,1.0000,0.0170,3.9820,0.0696,74.8376,1.4566,0.0000,0.0000,1.5372,38.3546,0.0287,0.0000,2.8450,50.3661,37.9688,0.0001,0.0017,0.0000
1581,6900,26,217,0.7957,0.0766,100.1858,198.2283,522240.8125,22.5962,0,0,1,0,0,0,0,0,0,0,0,0,26,0.9992,0.0444,4.0024,0.1797,70.0601,3.1995,1.0000,0.0170,3.9820,0.0696,74.8376,1.4566,0.0000,0.0000,1.5372,38.3540,0.0000,0.0000,2.8450,50.3661,37.9688,0.0001,0.0017,0.0000
1582,6922,26,217,0.7958,0.0766,100.1829,198.2283,522615.4375,22.5962,0,0,0,0,0,0,0,0,0,0,0,0,26,0.9992,0.0446,4.0024,0.1796,70.0624,3.2042,1.0000,0.0170,3.9820,0.0696,74.8376,1.4566,0.0000,0.0000,1.5372,38.3529,0.0000,0.0000,2.8450,50.3661,37.9688,0.0001,0.0017,0.0000
1583,6927,26,217,0.7959,0.0766,100.1812,198.2283,523029.7812,22.5962,0,0,1,0,1,0,0,0,0,0,0,0,26,0.9992,0.0446,4.0025,0.1798,70.0634,3.2044,1.0000,0.0170,3.9820,0.0696,74.8376,1.4566,0.0000,0.0000,1.5372,38.3523,0.0000,0.0000,2.8450,50.3661,37.9688,0.0001,0.0017,0.0000
1584,6936,26,217,0.7959,0.0766,100.1793,198.2283,523429.5938,22.5962,0,0,1,0,0,0,0,0,0,0,0,0,26,0.9992,0.0446,4.0025,0.1799,70.0627,3.2036,1.0000,0.0170,3.9820,0.0696,74.8376,1.4566,0.0000,0.0000,1.5372,38.3515,0.0000,0.0000,2.8450,50.3661,37.9688,0.0001,0.0017,0.0000
1585,6945,26,217,0.7959,0.0766,100.1777,198.2283,523834.0938,22.5962,0,0,0,0,1,0,0,0,0,0,0,0,26,0.9992,0.0447,4.0026,0.1800,70.0654,3.2062,1.0000,0.0170,3.9820,0.0696,74.8376,1.4566,0.0000,0.0000,1.5372,38.3509,0.0000,0.0000,2.8450,50.3661,37.9688,0.0001,0.0017,0.0000
1586,6948,26,217,0.7959,0.0766,100.1762,198.2283,524232.2188,22.5962,0,0,0,0,0,0,0,0,0,0,0,0,26,0.9992,0.0446,4.0026,0.1799,70.0645,3.2076,1.0000,0.0170,3.9820,0.0696,74.8376,1.4566,0.0000,0.0000,1.5372,38.3504,0.0000,0.0000,2.8450,50.3661,37.9688,0.0001,0.0017,0.0000
1587,6953,26,217,0.7959,0.0766,100.1747,198.2283,524613.8750,22.5962,0,0,0,0,0,0,0,0,0,0,0,0,26,0.9992,0.0447,4.0026,0.1799,70.0655,3.2084,1.0000,0.0170,3.9820,0.0696,74.8376,1.4566,0.0000,0.0000,1.5372,38.3498,0.0000,0.0000,2.8450,50.3661,37.9688,0.0001,0.0017,0.0000
1588,6965,26,217,0.7959,0.0766,100.1733,198.2283,525002.3125,22.5962,0,0,0,0,0,0,0,0,0,0,0,0,26,0.9993,0.0446,4.0027,0.1800,70.0663,3.2085,1.0000,0.0170,3.9820,0.0696,74.8376,1.4566,0.0000,0.0000,1.5372,38.3493,0.0000,0.0000,2.8450,50.3661,37.9688,0.0001,0.0017,0.0000
1589,6974,26,217,0.7959,0.0765,100.1719,198.2283,525378.1250,22.5962,0,0,0,0,0,0,0,0,0,0,0,0,26,0.9993,0.0447,4.0027,0.1800,70.0676,3.2095,1.0000,0.0170,3.9820,0.0696,74.8376,1.4566,0.0000,0.0000,1.5372,38.3488,0.0000,0.0000,2.8450,50.3661,37.9688,0.0001,0.0017,0.0000
1590,6981,26,217,0.7959,0.0766,97.7447,198.3555,525602.3750,22.5962,0,0,0,0,0,0,0,0,0,0,0,0,26,0.9992,0.0447,4.0027,0.1800,70.0713,3.2106,1.0000,0.0170,3.9820,0.0696,74.8376,1.4566,0.0000,0.0000,1.4498,37.4472,0.0223,0.0000,2.8547,50.3662,37.9687,0.0000,0.0017,0.0000
1591,6987,26,217,0.7959,0.0765,97.7432,198.3555,525995.8125,22.5962,0,0,0,0,1,0,0,0,0,0,0,0,26,0.9992,0.0447,4.0028,0.1803,70.0695,3.2105,1.0000,0.0170,3.9820,0.0696,74.8376,1.4566,0.0000,0.0000,1.4498,37.4467,0.0000,0.0000,2.8547,50.3662,37.9687,0.0000,0.0017,0.0000
1592,6996,26,217,0.7960,0.0765,97.7405,198.3555,526370.8750,22.5962,0,0,0,0,0,0,0,0,0,0,0,0,26,0.9993,0.0447,4.0029,0.1803,70.0685,3.2094,1.0000,0.0170,3.9820,0.0696,74.8376,1.4566,0.0000,0.0000,1.4498,37.4457,0.0000,0.0000,2.8547,50.3662,37.9687,0.0000,0.0017,0.0000
1593,7001,26,217,0.7960,0.0765,97.7389,198.3555,526785.2500,22.5962,0,0,0,0,2,0,0,0,0,0,0,0,26,0.9993,0.0448,4.0029,0.1804,70.0680,3.2109,1.0000,0.0170,3.9820,0.0696,74.8376,1.4566,0.0000,0.0000,1.4498,37.4450,0.0000,0.0000,2.8547,50.3662,37.9687,0.0000,0.0017,0.0000
1594,7006,26,217,0.7960,0.0765,97.7371,198.3555,527170.2500,22.5962,0,0,0,0,0,0,0,0,0,0,0,0,26,0.9993,0.0447,4.0029,0.1804,70.0671,3.2110,1.0000,0.0170,3.9820,0.0696,74.8376,1.4566,0.0000,0.0000,1.4498,37.4444,0.0000,0.0000,2.8547,50.3662,37.9687,0.0000,0.0017,0.0000
1595,7015,26,217,0.7960,0.0765,97.7356,198.3555,527574.8750,22.5962,0,0,0,0,1,0,0,0,0,0,0,0,26,0.9993,0.0447,4.0030,0.1803,70.0656,3.2113,1.0000,0.0170,3.9820,0.0696,74.8376,1.4566,0.0000,0.0000,1.4498,37.4438,0.0000,0.0000,2.8547,50.3662,37.9687,0.0000,0.0017,0.0000
1596,7022,26,217,0.7960,0.0765,97.7342,198.3555,527973.0000,22.5962,0,0,0,0,0,0,0,0,0,0,0,0,26,0.9993,0.0447,4.0031,0.1806,70.0682,3.2148,1.0000,0.0170,3.9820,0.0696,74.8376,1.4566,0.0000,0.0000,1.4498,37.4433,0.0000,0.0000,2.8547,50.3662,37.9687,0.0000,0.0017,0.0000
1597,7031,26,217,0.7960,0.0765,97.7328,198.3555,528354.5625,22.5962,0,0,0,0,0,0,0,0,0,0,0,0,26,0.9993,0.0447,4.0031,0.1807,70.0686,3.2154,1.0000,0.0170,3.9820,0.0696,74.8376,1.4566,0.0000,0.0000,1.4498,37.4428,0.0000,0.0000,2.8547,50.3662,37.9687,0.0000,0.0017,0.0000
1598,7041,26,217,0.7960,0.0765,97.7314,198.3555,528788.0625,22.5962,0,0,1,0,2,0,0,0,0,0,0,0,26,0.9992,0.0448,4.0031,0.1806,70.0686,3.2169,1.0000,0.0170,3.9820,0.0696,74.8376,1.4566,0.0000,0.0000,1.4498,37.4423,0.0000,0.0000,2.8547,50.3662,37.9687,0.0000,0.0017,0.0000
1599,7046,26,217,0.7960,0.0765,97.7301,198.3555,529178.8750,22.5962,0,0,0,0,1,0,0,0,0,0,0,0,26,0.9992,0.0447,4.0032,0.1807,70.0680,3.2177,1.0000,0.0170,3.9820,0.0696,74.8376,1.4566,0.0000,0.0000,1.4498,37.4418,0.0000,0.0000,2.8547,50.3662,37.9687,0.0000,0.0017,0.0000
1600,7052,26,187,0.7960,0.0765,95.3657,198.4058,530701.0625,20.8073,0,0,0,0,1,0,0,0,0,0,0,0,26,0.9992,0.0447,4.0033,0.1807,70.0665,3.2160,1.0000,0.0170,3.9820,0.0696,74.8376,1.4566,0.0000,0.0000,1.3760,36.5497,0.0187,0.0000,2.8638,50.3662,37.9666,0.0000,0.0017,0.0000
1601,7066,26,187,0.7960,0.0765,95.3644,198.4058,531079.5000,20.8073,0,0,0,0,0,0,0,0,0,0,0,0,26,0.9992,0.0448,4.0034,0.1807,70.0677,3.2171,1.0000,0.0170,3.9820,0.0696,74.8376,1.4566,0.0000,0.0000,1.3760,36.5492,0.0000,0.0000,2.8638,50.3662,37.9666,0.0000,0.0017,0.0000
1602,7074,26,187,0.7961,0.0765,101.2717,198.4058,531469.9375,20.8073,0,0,1,0,0,0,0,0,0,0,0,0,26,0.9992,0.0448,4.0035,0.1808,70.0670,3.2168,1.0000,0.0170,3.9820,0.0696,74.8376,1.4566,3.1624,1.0120,1.8883,38.8833,0.0000,0.3150,2.8638,50.3662,37.9666,0.0000,0.0005,0.0000
1603,7077,26,187,0.7961,0.0765,101.2700,198.4058,531884.3750,20.8073,0,0,0,0,2,0,0,0,0,0,0,0,26,0.9992,0.0448,4.0035,0.1808,70.0661,3.2185,1.0000,0.0170,3.9820,0.0696,74.8376,1.4566,0.0000,0.0000,1.8883,38.8827,0.0000,0.0000,2.8638,50.3662,37.9666,0.0000,0.0005,0.0000
1604,7084,26,187,0.7961,0.0765,101.2681,198.4058,532269.5625,20.8073,0,0,0,0,0,0,0,0,0,0,0,0,26,0.9992,0.0448,4.0035,0.1808,70.0647,3.2205,1.0000,0.0170,3.9820,0.0696,74.8376,1.4566,0.0000,0.0000,1.8883,38.8819,0.0000,0.0000,2.8638,50.3662,37.9666,0.0000,0.0005,0.0000
1605,7091,26,187,0.7961,0.0765,101.2666,198.4058,532659.1875,20.8073,0,0,0,0,0,0,0,0,0,0,0,0,26,0.9992,0.0448,4.0034,0.1808,70.0635,3.2193,1.0000,0.0170,3.9820,0.0696,74.8376,1.4566,0.0000,0.0000,1.8883,38.8814,0.0000,0.0000,2.8638,50.3662,37.9666,0.0000,0.0005,0.0000
1606,7097,26,187,0.7961,0.0765,101.2651,198.4058,533072.3125,20.8073,0,0,1,0,0,0,0,0,0,0,0,0,26,0.9992,0.0448,4.0033,0.1808,70.0613,3.2193,1.0000,0.0170,3.9820,0.0696,74.8376,1.4566,0.0000,0.0000,1.8883,38.8808,0.0000,0.0000,2.8638,50.3662,37.9666,0.0000,0.0005,0.0000
1607,7099,26,187,0.7961,0.0765,101.2637,198.4058,533468.8125,20.8073,0,0,0,0,1,0,0,0,0,0,0,0,26,0.9992,0.0448,4.0033,0.1808,70.0605,3.2192,1.0000,0.0170,3.9820,0.0696,74.8376,1.4566,0.0000,0.0000,1.8883,38.8803,0.0000,0.0000,2.8638,50.3662,37.9666,0.0000,0.0005,0.0000
1608,7106,26,187,0.7961,0.0765,101.2623,198.4058,533857.2500,20.8073,0,0,0,0,0,0,0,0,0,0,0,0,26,0.9992,0.0448,4.0033,0.1809,70.0616,3.2201,1.0000,0.0170,3.9820,0.0696,74.8376,1.4566,0.0000,0.0000,1.8883,38.8797,0.0000,0.0000,2.8638,50.3662,37.9666,0.0000,0.0005,0.0000
1609,7114,26,187,0.7961,0.0765,101.2609,198.4058,534248.0000,20.8073,0,0,0,0,1,0,0,0,0,0,0,0,26,0.9992,0.0448,4.0034,0.1811,70.0609,3.2200,1.0000,0.0170,3.9820,0.0696,74.8376,1.4566,0.0000,0.0000,1.8883,38.8792,0.0000,0.0000,2.8638,50.3662,37.9666,0.0000,0.0005,0.0000
1610,7120,26,187,0.7961,0.0765,98.9620,198.4205,534480.9375,20.8073,0,0,0,0,0,0,0,0,0,0,0,1,26,0.9992,0.0448,4.0035,0.1810,70.0600,3.2198,1.0000,0.0170,3.9820,0.0696,74.8376,1.4566,0.0000,0.0000,1.7113,37.8542,0.2126,0.0000,2.8678,50.3658,37.9636,0.0041,0.0005,0.0000
1611,7123,26,187,0.7961,0.0765,98.9605,198.4205,534874.3125,20.8073,0,0,0,0,1,0,0,0,0,0,0,1,26,0.9991,0.0449,4.0035,0.1810,70.0596,3.2197,1.0000,0.0170,3.9820,0.0696,74.8376,1.4566,0.0000,0.0000,1.7113,37.8536,0.0000,0.0000,2.8678,50.3658,37.9636,0.0041,0.0005,0.0000
1612,7128,26,187,0.7962,0.0765,98.9579,198.4205,535250.0000,20.8073,0,0,0,0,0,0,0,0,0,0,0,1,26,0.9991,0.0449,4.0035,0.1810,70.0593,3.2201,1.0000,0.0170,3.9820,0.0696,74.8376,1.4566,0.0000,0.0000,1.7113,37.8526,0.0000,0.0000,2.8678,50.3658,37.9636,0.0041,0.0005,0.0000
1613,7136,26,187,0.7952,0.0765,98.9562,198.4205,536250.3125,20.8073,0,0,1,0,2,0,0,0,0,0,0,0,27,0.9991,0.0449,4.0035,0.1811,70.0589,3.2192,1.0000,0.0170,3.9820,0.0696,74.8376,1.4566,0.0000,0.0000,1.7113,37.8520,0.0000,0.0000,2.8678,50.3658,37.9636,0.0041,0.0005,0.0000
1614,7143,26,187,0.7953,0.0765,98.9544,198.4205,536635.6250,20.8073,0,0,0,0,0,0,0,0,0,0,0,0,27,0.9991,0.0449,4.0035,0.1811,70.0594,3.2190,1.0000,0.0170,3.9820,0.0696,74.8376,1.4566,0.0000,0.0000,1.7113,37.8513,0.0000,0.0000,2.8678,50.3658,37.9636,0.0041,0.0005,0.0000
1615,7150,26,187,0.7953,0.0765,98.9529,198.4205,537025.3125,20.8073,0,0,0,0,0,0,0,0,0,0,0,0,27,0.9991,0.0449,4.0037,0.1811,70.0601,3.2191,1.0000,0.0170,3.9820,0.0696,74.8376,1.4566,0.0000,0.0000,1.7113,37.8508,0.0000,0.0000,2.8678,50.3658,37.9636,0.0041,0.0005,0.0000
1616,7154,26,187,0.7953,0.0765,98.9514,198.4205,537468.4375,20.8073,0,0,0,0,3,0,0,0,0,0,0,0,27,0.9991,0.0449,4.0037,0.1812,70.0611,3.2181,1.0000,0.0170,3.9820,0.0696,74.8376,1.4566,0.0000,0.0000,1.7113,37.8502,0.0000,0.0000,2.8678,50.3658,37.9636,0.0041,0.0005,0.0000
1617,7162,26,187,0.7953,0.0765,98.9500,198.4205,537864.9375,20.8073,0,0,0,0,1,0,0,0,0,0,0,0,27,0.9991,0.0449,4.0036,0.1812,70.0606,3.2185,1.0000,0.0170,3.9820,0.0696,74.8376,1.4566,0.0000,0.0000,1.7113,37.8497,0.0000,0.0000,2.8678,50.3658,37.9636,0.0041,0.0005,0.0000
1618,7166,26,187,0.7953,0.0765,98.9477,198.4205,538247.6875,20.8073,0,0,0,0,0,0,0,0,0,0,0,0,27,0.9991,0.0449,4.0036,0.1814,70.0606,3.2191,1.0000,0.0170,3.9820,0.0696,74.8376,1.4566,0.0000,0.0000,1.7113,37.8488,0.0000,0.0000,2.8678,50.3658,37.9636,0.0041,0.0005,0.0000
1619,7171,26,187,0.7953,0.0765,98.9463,198.4205,538653.5000,20.8073,0,0,0,0,2,0,0,0,0,0,0,0,27,0.9991,0.0449,4.0035,0.1813,70.0614,3.2179,1.0000,0.0170,3.9820,0.0696,74.8376,1.4566,0.0000,0.0000,1.7113,37.8483,0.0000,0.0000,2.8678,50.3658,37.9636,0.0041,0.0005,0.0000
1620,7180,26,187,0.7953,0.0765,96.6305,198.5257,538904.2500,20.8073,0,0,0,0,1,0,0,0,0,0,0,1,27,0.9991,0.0449,4.0035,0.1813,70.0613,3.2178,1.0000,0.0170,3.9820,0.0696,74.8376,1.4566,0.0000,0.0000,1.5847,36.9888,0.0320,0.0000,2.8763,50.3661,37.9652,0.0001,0.0005,0.0000
1621,7189,26,187,0.7953,0.0765,96.6292,198.5257,539327.5625,20.8073,0,0,0,0,3,0,0,0,0,0,0,2,27,0.9991,0.0449,4.0035,0.1815,70.0621,3.2191,1.0000,0.0170,3.9820,0.0696,74.8376,1.4566,0.0000,0.0000,1.5847,36.9883,0.0000,0.0000,2.8763,50.3661,37.9652,0.0001,0.0005,0.0000
1622,7197,26,187,0.7954,0.0765,96.6267,198.5257,539763.5625,20.8073,0,0,2,0,2,0,0,0,0,0,0,2,27,0.9991,0.0450,4.0035,0.1815,70.0605,3.2189,1.0000,0.0170,3.9820,0.0696,74.8376,1.4566,0.0000,0.0000,1.5847,36.9874,0.0000,0.0000,2.8763,50.3661,37.9652,0.0001,0.0005,0.0000
1623,7207,26,187,0.7944,0.0763,96.6251,198.5257,540701.5000,20.8073,0,0,0,0,2,0,0,0,0,0,0,1,28,0.9992,0.0450,4.0037,0.1815,70.0613,3.2226,1.0000,0.0170,3.9820,0.0696,74.8376,1.4566,0.0000,0.0000,1.5847,36.9868,0.0000,0.0000,2.8763,50.3661,37.9652,0.0001,0.0005,0.0000
1624,7213,26,187,0.7936,0.0758,96.6228,198.5257,541774.3125,20.8073,0,0,1,0,1,0,0,0,0,0,0,0,29,0.9992,0.0450,4.0036,0.1817,70.0631,3.2221,1.0000,0.0170,3.9820,0.0696,74.8376,1.4566,0.0000,0.0000,1.5847,36.9859,0.0000,0.0000,2.8763,50.3661,37.9652,0.0001,0.0005,0.0000
1625,7217,26,187,0.7936,0.0758,96.6214,198.5257,542179.0625,20.8073,0,0,0,0,1,0,0,0,0,0,0,0,29,0.9992,0.0450,4.0036,0.1816,70.0625,3.2241,1.0000,0.0170,3.9820,0.0696,74.8376,1.4566,0.0000,0.0000,1.5847,36.9854,0.0000,0.0000,2.8763,50.3661,37.9652,0.0001,0.0005,0.0000
1626,7229,26,187,0.7936,0.0758,96.6195,198.5257,542571.0000,20.8073,0,0,0,0,0,0,0,0,0,0,0,0,29,0.9991,0.0450,4.0036,0.1818,70.0626,3.2268,1.0000,0.0170,3.9820,0.0696,74.8376,1.4566,0.0000,0.0000,1.5847,36.9847,0.0000,0.0000,2.8763,50.3661,37.9652,0.0001,0.0005,0.0000
1627,7237,26,187,0.7936,0.0758,96.6182,198.5257,542952.5000,20.8073,0,0,0,0,0,0,0,0,0,0,0,0,29,0.9991,0.0450,4.0037,0.1819,70.0632,3.2258,1.0000,0.0170,3.9820,0.0696,74.8376,1.4566,0.0000,0.0000,1.5847,36.9842,0.0000,0.0000,2.8763,50.3661,37.9652,0.0001,0.0005,0.0000
1628,7242,26,187,0.7937,0.0758,96.6160,198.5257,543335.4375,20.8073,0,0,0,0,0,0,0,0,0,0,0,0,29,0.9991,0.0450,4.0036,0.1819,70.0646,3.2259,1.0000,0.0170,3.9820,0.0696,74.8376,1.4566,0.0000,0.0000,1.5847,36.9833,0.0000,0.0000,2.8763,50.3661,37.9652,0.0001,0.0005,0.0000
1629,7247,26,187,0.7937,0.0758,96.6147,198.5257,543711.2500,20.8073,0,0,0,0,0,0,0,0,0,0,0,0,29,0.9991,0.0450,4.0036,0.1818,70.0660,3.2262,1.0000,0.0170,3.9820,0.0696,74.8376,1.4566,0.0000,0.0000,1.5847,36.9829,0.0000,0.0000,2.8763,50.3661,37.9652,0.0001,0.0005,0.0000
1630,7253,26,187,0.7937,0.0758,94.4006,198.6470,543949.4375,20.8073,0,0,0,0,0,0,0,0,0,0,0,0,29,0.9991,0.0450,4.0036,0.1819,70.0663,3.2274,1.0000,0.0170,3.9820,0.0696,74.8376,1.4566,0.0000,0.0000,1.4898,36.1458,0.0235,0.0000,2.8849,50.3667,37.9699,0.0000,0.0005,0.0000
1631,7260,26,187,0.7937,0.0758,94.3994,198.6470,544327.8125,20.8073,0,0,0,0,0,0,0,0,0,0,0,0,29,0.9991,0.0450,4.0037,0.1819,70.0638,3.2289,1.0000,0.0170,3.9820,0.0696,74.8376,1.4566,0.0000,0.0000,1.4898,36.1454,0.0000,0.0000,2.8849,50.3667,37.9699,0.0000,0.0005,0.0000
1632,7271,26,187,0.7937,0.0758,94.3971,198.6470,544704.0625,20.8073,0,0,0,0,0,0,0,0,0,0,0,0,29,0.9991,0.0451,4.0037,0.1819,70.0657,3.2296,1.0000,0.0170,3.9820,0.0696,74.8376,1.4566,0.0000,0.0000,1.4898,36.1445,0.0000,0.0000,2.8849,50.3667,37.9699,0.0000,0.0005,0.0000
1633,7277,26,187,0.7937,0.0758,94.3956,198.6470,545088.6875,20.8073,0,0,0,0,0,0,0,0,0,0,0,0,29,0.9991,0.0451,4.0037,0.1819,70.0685,3.2307,1.0000,0.0170,3.9820,0.0696,74.8376,1.4566,0.0000,0.0000,1.4898,36.1439,0.0000,0.0000,2.8849,50.3667,37.9699,0.0000,0.0005,0.0000
1634,7282,26,187,0.7937,0.0758,94.3934,198.6470,545469.3125,20.8073,0,0,0,0,0,0,0,0,0,0,0,0,29,0.9991,0.0451,4.0037,0.1819,70.0685,3.2299,1.0000,0.0170,3.9820,0.0696,74.8376,1.4566,0.0000,0.0000,1.4898,36.1431,0.0000,0.0000,2.8849,50.3667,37.9699,0.0000,0.0005,0.0000
1635,7288,26,187,0.7937,0.0758,94.3920,198.6470,545874.0000,20.8073,0,0,1,0,0,0,0,0,0,0,0,0,29,0.9991,0.0451,4.0038,0.1819,70.0659,3.2305,1.0000,0.0170,3.9820,0.0696,74.8376,1.4566,0.0000,0.0000,1.4898,36.1426,0.0000,0.0000,2.8849,50.3667,37.9699,0.0000,0.0005,0.0000
1636,7296,26,187,0.7937,0.0758,94.3903,198.6470,546266.1250,20.8073,0,0,0,0,0,0,0,0,0,0,0,0,29,0.9991,0.0451,4.0038,0.1821,70.0655,3.2301,1.0000,0.0170,3.9820,0.0696,74.8376,1.4566,0.0000,0.0000,1.4898,36.1419,0.0000,0.0000,2.8849,50.3667,37.9699,0.0000,0.0005,0.0000
1637,7304,26,187,0.7937,0.0758,94.3890,198.6470,546662.5625,20.8073,0,0,0,0,1,0,0,0,0,0,0,0,29,0.9991,0.0451,4.0039,0.1821,70.0650,3.2295,1.0000,0.0170,3.9820,0.0696,74.8376,1.4566,0.0000,0.0000,1.4898,36.1414,0.0000,0.0000,2.8849,50.3667,37.9699,0.0000,0.0005,0.0000
1638,7311,26,187,0.7937,0.0758,94.3870,198.6470,547060.6875,20.8073,0,0,0,0,1,0,0,0,0,0,0,0,29,0.9991,0.0451,4.0037,0.1821,70.0651,3.2293,1.0000,0.0170,3.9820,0.0696,74.8376,1.4566,0.0000,0.0000,1.4898,36.1406,0.0000,0.0000,2.8849,50.3667,37.9699,0.0000,0.0005,0.0000
1639,7316,26,187,0.7937,0.0757,96.8129,198.6470,547436.4375,20.8073,0,0,0,0,0,0,0,0,0,0,0,0,29,0.9991,0.0451,4.0038,0.1822,70.0663,3.2298,1.0000,0.0170,3.9820,0.0696,74.8376,1.4566,1.2595,0.3783,1.7651,37.0826,0.0000,0.0418,2.8849,50.3667,37.9699,0.0000,0.0001,0.0000
1640,7322,26,187,0.7937,0.0758,94.4972,198.7209,547703.6250,20.8073,0,0,0,0,2,0,0,0,0,0,0,0,29,0.9991,0.0452,4.0037,0.1821,70.0653,3.2292,1.0000,0.0170,3.9820,0.0696,74.8376,1.4566,0.0000,0.0000,1.6307,36.1626,0.0835,0.0000,2.8919,50.3667,37.9681,0.0010,0.0001,0.0000
1641,7333,26,187,0.7937,0.0757,94.4959,198.7209,548111.8750,20.8073,0,0,1,0,1,0,0,0,0,0,0,0,29,0.9991,0.0451,4.0038,0.1821,70.0652,3.2294,1.0000,0.0170,3.9820,0.0696,74.8376,1.4566,0.0000,0.0000,1.6307,36.1621,0.0000,0.0000,2.8919,50.3667,37.9681,0.0010,0.0001,0.0000
1642,7339,26,187,0.7938,0.0757,94.4937,198.7209,548518.3125,20.8073,0,0,0,0,2,0,0,0,0,0,0,0,29,0.9991,0.0451,4.0037,0.1821,70.0660,3.2297,1.0000,0.0170,3.9820,0.0696,74.8376,1.4566,0.0000,0.0000,1.6307,36.1612,0.0000,0.0000,2.8919,50.3667,37.9681,0.0010,0.0001,0.0000
1643,7352,26,187,0.7937,0.0757,94.4922,198.7209,548917.9375,20.8073,0,0,0,0,1,0,0,0,0,0,0,0,29,0.9991,0.0451,4.0037,0.1822,70.0656,3.2321,1.0000,0.0170,3.9820,0.0696,74.8376,1.4566,0.0000,0.0000,1.6307,36.1607,0.0000,0.0000,2.8919,50.3667,37.9681,0.0010,0.0001,0.0000
1644,7357,26,187,0.7938,0.0757,94.4900,198.7209,549328.6875,20.8073,0,0,0,0,2,0,0,0,0,0,0,0,29,0.9991,0.0451,4.0038,0.1823,70.0671,3.2335,1.0000,0.0170,3.9820,0.0696,74.8376,1.4566,0.0000,0.0000,1.6307,36.1598,0.0000,0.0000,2.8919,50.3667,37.9681,0.0010,0.0001,0.0000
1645,7364,26,187,0.7938,0.0757,94.4887,198.7209,549733.4375,20.8073,0,0,0,0,1,0,0,0,0,0,0,0,29,0.9991,0.0451,4.0035,0.1826,70.0675,3.2331,1.0000,0.0170,3.9820,0.0696,74.8376,1.4566,0.0000,0.0000,1.6307,36.1593,0.0000,0.0000,2.8919,50.3667,37.9681,0.0010,0.0001,0.0000
1646,7373,26,187,0.7938,0.0757,94.4868,198.7209,550140.5625,20.8073,0,0,0,0,1,0,0,0,0,0,0,0,29,0.9991,0.0451,4.0035,0.1826,70.0689,3.2342,1.0000,0.0170,3.9820,0.0696,74.8376,1.4566,0.0000,0.0000,1.6307,36.1586,0.0000,0.0000,2.8919,50.3667,37.9681,0.0010,0.0001,0.0000
1647,7380,26,187,0.7938,0.0757,94.4856,198.7209,550521.9375,20.8073,0,0,0,0,0,0,0,0,0,0,0,0,29,0.9991,0.0451,4.0035,0.1825,70.0691,3.2349,1.0000,0.0170,3.9820,0.0696,74.8376,1.4566,0.0000,0.0000,1.6307,36.1582,0.0000,0.0000,2.8919,50.3667,37.9681,0.0010,0.0001,0.0000
1648,7382,26,187,0.7938,0.0757,94.4836,198.7209,550920.1875,20.8073,0,0,0,0,1,0,0,0,0,0,0,0,29,0.9991,0.0451,4.0035,0.1825,70.0695,3.2347,1.0000,0.0170,3.9820,0.0696,74.8376,1.4566,0.0000,0.0000,1.6307,36.1574,0.0000,0.0000,2.8919,50.3667,37.9681,0.0010,0.0001,0.0000
1649,7388,26,187,0.7938,0.0757,94.4824,198.7209,551295.8750,20.8073,0,0,0,0,0,0,0,0,0,0,0,0,29,0.9991,0.0451,4.0035,0.1825,70.0688,3.2337,1.0000,0.0170,3.9820,0.0696,74.8376,1.4566,0.0000,0.0000,1.6307,36.1570,0.0000,0.0000,2.8919,50.3667,37.9681,0.0010,0.0001,0.0000
1650,7394,26,173,0.7938,0.0757,92.2675,198.7549,552230.8125,20.8073,0,0,0,0,1,0,0,0,0,0,0,0,29,0.9991,0.0451,4.0035,0.1826,70.0673,3.2327,1.0000,0.0170,3.9820,0.0696,74.8376,1.4566,0.0000,0.0000,1.5269,35.3181,0.0286,0.0000,2.8993,50.3665,37.9650,0.0000,0.0001,0.0000
1651,7398,26,173,0.7938,0.0757,92.2662,198.7549,552623.9375,20.8073,0,0,0,0,1,0,0,0,0,0,0,0,29,0.9991,0.0451,4.0034,0.1826,70.0692,3.2333,1.0000,0.0170,3.9820,0.0696,74.8376,1.4566,0.0000,0.0000,1.5269,35.3176,0.0000,0.0000,2.8993,50.3665,37.9650,0.0000,0.0001,0.0000
1652,7403,26,173,0.7938,0.0757,92.2641,198.7549,553000.5625,20.8073,0,0,0,0,0,0,0,0,0,0,0,0,29,0.9991,0.0451,4.0035,0.1828,70.0696,3.2327,1.0000,0.0170,3.9820,0.0696,74.8376,1.4566,0.0000,0.0000,1.5269,35.3168,0.0000,0.0000,2.8993,50.3665,37.9650,0.0000,0.0001,0.0000
1653,7409,26,173,0.7938,0.0757,92.2627,198.7549,553415.1875,20.8073,0,0,0,0,2,0,0,0,0,0,0,0,29,0.9991,0.0452,4.0035,0.1828,70.0687,3.2319,1.0000,0.0170,3.9820,0.0696,74.8376,1.4566,0.0000,0.0000,1.5269,35.3162,0.0000,0.0000,2.8993,50.3665,37.9650,0.0000,0.0001,0.0000
1654,7412,26,173,0.7938,0.0757,92.2606,198.7549,553796.1250,20.8073,0,0,0,0,0,0,0,0,0,0,0,0,29,0.9991,0.0452,4.0034,0.1829,70.0687,3.2320,1.0000,0.0170,3.9820,0.0696,74.8376,1.4566,0.0000,0.0000,1.5269,35.3154,0.0000,0.0000,2.8993,50.3665,37.9650,0.0000,0.0001,0.0000
1655,7417,26,173,0.7938,0.0757,105.6483,198.7549,554215.8125,20.8073,0,0,0,0,2,0,0,0,0,0,0,0,29,0.9991,0.0452,4.0034,0.1828,70.0707,3.2323,1.0000,0.0170,3.9820,0.0696,74.8376,1.4566,7.6272,2.6447,2.0928,40.8834,0.0000,1.4928,2.8993,50.3665,37.9650,0.0000,0.0063,0.0000
1656,7426,26,173,0.7938,0.0757,105.6463,198.7549,554623.0625,20.8073,0,0,0,0,1,0,0,0,0,0,0,0,29,0.9991,0.0452,4.0033,0.1831,70.0700,3.2310,1.0000,0.0170,3.9820,0.0696,74.8376,1.4566,0.0000,0.0000,2.0928,40.8826,0.0000,0.0000,2.8993,50.3665,37.9650,0.0000,0.0063,0.0000
1657,7433,26,173,0.7938,0.0757,105.6448,198.7549,555049.2500,20.8073,0,0,0,0,3,0,0,0,0,0,0,0,29,0.9991,0.0452,4.0032,0.1831,70.0699,3.2322,1.0000,0.0170,3.9820,0.0696,74.8376,1.4566,0.0000,0.0000,2.0928,40.8821,0.0000,0.0000,2.8993,50.3665,37.9650,0.0000,0.0063,0.0000
1658,7439,26,173,0.7939,0.0757,105.6426,198.7549,555447.6875,20.8073,0,0,0,0,1,0,0,0,0,0,0,0,29,0.9991,0.0452,4.0031,0.1831,70.0704,3.2320,1.0000,0.0170,3.9820,0.0696,74.8376,1.4566,0.0000,0.0000,2.0928,40.8812,0.0000,0.0000,2.8993,50.3665,37.9650,0.0000,0.0063,0.0000
1659,7444,26,173,0.7939,0.0757,105.6412,198.7549,555838.2500,20.8073,0,0,0,0,1,0,0,0,0,0,0,0,29,0.9991,0.0452,4.0032,0.1832,70.0706,3.2313,1.0000,0.0170,3.9820,0.0696,74.8376,1.4566,0.0000,0.0000,2.0928,40.8807,0.0000,0.0000,2.8993,50.3665,37.9650,0.0000,0.0063,0.0000
1660,7446,26,173,0.7939,0.0757,103.4448,198.5304,556102.7500,20.8073,0,0,2,0,1,0,0,0,0,0,0,0,29,0.9991,0.0452,4.0031,0.1832,70.0718,3.2316,1.0000,0.0170,3.9820,0.0696,74.8376,1.4566,0.0000,0.0000,1.8454,39.4836,0.6525,0.0000,2.8890,50.3604,37.9575,0.0183,0.0063,0.0000
1661,7453,26,173,0.7940,0.0757,103.4431,198.5304,556480.8750,20.8073,0,0,0,0,0,0,0,0,0,0,0,0,29,0.9991,0.0453,4.0031,0.1833,70.0705,3.2311,1.0000,0.0170,3.9820,0.0696,74.8376,1.4566,0.0000,0.0000,1.8454,39.4829,0.0000,0.0000,2.8890,50.3604,37.9575,0.0183,0.0063,0.0000
1662,7462,26,173,0.7940,0.0757,103.4406,198.5304,556857.6875,20.8073,0,0,0,0,0,0,0,0,0,0,0,0,29,0.9991,0.0453,4.0033,0.1833,70.0699,3.2321,1.0000,0.0170,3.9820,0.0696,74.8376,1.4566,0.0000,0.0000,1.8454,39.4820,0.0000,0.0000,2.8890,50.3604,37.9575,0.0183,0.0063,0.0000
1663,7470,26,173,0.7940,0.0757,103.4389,198.5304,557257.2500,20.8073,0,0,0,0,1,0,0,0,0,0,0,0,29,0.9991,0.0453,4.0031,0.1834,70.0682,3.2320,1.0000,0.0170,3.9820,0.0696,74.8376,1.4566,0.0000,0.0000,1.8454,39.4814,0.0000,0.0000,2.8890,50.3604,37.9575,0.0183,0.0063,0.0000
1664,7475,26,173,0.7941,0.0757,103.4364,198.5304,557668.3750,20.8073,0,0,0,0,2,0,0,0,0,0,0,0,29,0.9990,0.0453,4.0032,0.1833,70.0684,3.2322,1.0000,0.0170,3.9820,0.0696,74.8376,1.4566,0.0000,0.0000,1.8454,39.4805,0.0000,0.0000,2.8890,50.3604,37.9575,0.0183,0.0063,0.0000
1665,7482,26,173,0.7941,0.0757,103.4349,198.5304,558088.0000,20.8073,0,0,0,0,2,0,0,0,0,0,0,0,29,0.9990,0.0453,4.0030,0.1834,70.0695,3.2333,1.0000,0.0170,3.9820,0.0696,74.8376,1.4566,0.0000,0.0000,1.8454,39.4799,0.0000,0.0000,2.8890,50.3604,37.9575,0.0183,0.0063,0.0000
1666,7485,26,173,0.7941,0.0757,103.4328,198.5304,558510.4375,20.8073,0,0,0,0,2,0,0,0,0,0,0,0,29,0.9991,0.0453,4.0031,0.1833,70.0707,3.2342,1.0000,0.0170,3.9820,0.0696,74.8376,1.4566,0.0000,0.0000,1.8454,39.4791,0.0000,0.0000,2.8890,50.3604,37.9575,0.0183,0.0063,0.0000
1667,7489,26,173,0.7941,0.0757,103.4313,198.5304,558906.6875,20.8073,0,0,0,0,1,0,0,0,0,0,0,0,29,0.9990,0.0453,4.0030,0.1833,70.0704,3.2337,1.0000,0.0170,3.9820,0.0696,74.8376,1.4566,0.0000,0.0000,1.8454,39.4786,0.0000,0.0000,2.8890,50.3604,37.9575,0.0183,0.0063,0.0000
1668,7494,26,173,0.7942,0.0757,103.4291,198.5304,559335.3750,20.8073,0,0,0,0,3,0,0,0,0,0,0,0,29,0.9991,0.0453,4.0029,0.1833,70.0714,3.2339,1.0000,0.0170,3.9820,0.0696,74.8376,1.4566,0.0000,0.0000,1.8454,39.4778,0.0000,0.0000,2.8890,50.3604,37.9575,0.0183,0.0063,0.0000
1669,7499,26,173,0.7942,0.0757,103.4277,198.5304,559755.9375,20.8073,0,0,1,0,2,0,0,0,0,0,0,0,29,0.9991,0.0453,4.0029,0.1833,70.0715,3.2352,1.0000,0.0170,3.9820,0.0696,74.8376,1.4566,0.0000,0.0000,1.8454,39.4772,0.0000,0.0000,2.8890,50.3604,37.9575,0.0183,0.0063,0.0000
1670,7503,26,173,0.7942,0.0757,101.1068,198.6214,560008.5000,20.8073,0,0,0,0,2,0,0,0,0,0,0,0,29,0.9991,0.0453,4.0028,0.1833,70.0702,3.2348,1.0000,0.0170,3.9820,0.0696,74.8376,1.4566,0.0000,0.0000,1.6733,38.6179,0.0576,0.0000,2.8972,50.3604,37.9563,0.0004,0.0063,0.0000
1671,7508,26,173,0.7942,0.0757,101.1053,198.6214,560416.7500,20.8073,0,0,1,0,1,0,0,0,0,0,0,0,29,0.9991,0.0453,4.0028,0.1834,70.0694,3.2347,1.0000,0.0170,3.9820,0.0696,74.8376,1.4566,0.0000,0.0000,1.6733,38.6174,0.0000,0.0000,2.8972,50.3604,37.9563,0.0004,0.0063,0.0000
1672,7509,26,173,0.7943,0.0757,101.1029,198.6214,560838.8125,20.8073,0,0,0,0,3,0,0,0,0,0,0,0,29,0.9991,0.0453,4.0028,0.1835,70.0699,3.2341,1.0000,0.0170,3.9820,0.0696,74.8376,1.4566,0.0000,0.0000,1.6733,38.6165,0.0000,0.0000,2.8972,50.3604,37.9563,0.0004,0.0063,0.0000
1673,7516,26,173,0.7943,0.0757,101.1012,198.6214,561268.5000,20.8073,0,0,0,0,3,0,0,0,0,0,0,0,29,0.9991,0.0454,4.0027,0.1835,70.0682,3.2336,1.0000,0.0170,3.9820,0.0696,74.8376,1.4566,0.0000,0.0000,1.6733,38.6159,0.0000,0.0000,2.8972,50.3604,37.9563,0.0004,0.0063,0.0000
1674,7524,26,173,0.7943,0.0757,102.4426,198.6214,561649.8750,20.8073,0,0,0,0,0,0,0,0,0,0,0,0,29,0.9991,0.0454,4.0028,0.1835,70.0669,3.2333,1.0000,0.0170,3.9820,0.0696,74.8376,1.4566,0.6918,0.2022,1.8356,39.1351,0.0000,0.0094,2.8972,50.3604,37.9563,0.0004,0.0000,0.0000
1675,7529,26,173,0.7943,0.0757,112.3659,198.6214,562054.5625,20.8073,0,0,0,0,1,0,0,0,0,0,0,0,29,0.9991,0.0454,4.0028,0.1835,70.0644,3.2352,1.0000,0.0170,3.9820,0.0696,74.8376,1.4566,5.8792,2.0374,2.1248,43.4801,0.0000,1.2445,2.8972,50.3604,37.9563,0.0004,0.0043,0.0000
1676,7534,26,173,0.7944,0.0757,112.3638,198.6214,562447.2500,20.8073,0,0,0,0,0,0,0,0,0,0,0,0,29,0.9990,0.0454,4.0028,0.1835,70.0645,3.2349,1.0000,0.0170,3.9820,0.0696,74.8376,1.4566,0.0000,0.0000,2.1248,43.4792,0.0000,0.0000,2.8972,50.3604,37.9563,0.0004,0.0043,0.0000
1677,7535,26,173,0.7944,0.0757,112.3622,198.6214,562828.4375,20.8073,0,0,0,0,0,0,0,0,0,0,0,0,29,0.9990,0.0454,4.0027,0.1835,70.0655,3.2358,1.0000,0.0170,3.9820,0.0696,74.8376,1.4566,0.0000,0.0000,2.1248,43.4786,0.0000,0.0000,2.8972,50.3604,37.9563,0.0004,0.0043,0.0000
1678,7534,26,173,0.7945,0.0757,112.3599,198.6214,563257.3125,20.8073,0,0,0,0,3,0,0,0,0,0,0,0,29,0.9990,0.0454,4.0028,0.1834,70.0660,3.2359,1.0000,0.0170,3.9820,0.0696,74.8376,1.4566,0.0000,0.0000,2.1248,43.4777,0.0000,0.0000,2.8972,50.3604,37.9563,0.0004,0.0043,0.0000
1679,7546,26,173,0.7945,0.0757,112.3584,198.6214,563632.9375,20.8073,0,0,0,0,0,0,0,0,0,0,0,0,29,0.9991,0.0454,4.0029,0.1835,70.0680,3.2364,1.0000,0.0170,3.9820,0.0696,74.8376,1.4566,0.0000,0.0000,2.1248,43.4771,0.0000,0.0000,2.8972,50.3604,37.9563,0.0004,0.0043,0.0000
1680,7548,26,173,0.7945,0.0757,110.0965,198.3631,563883.6250,20.8073,0,0,0,0,3,0,0,0,0,0,0,0,29,0.9991,0.0454,4.0029,0.1835,70.0669,3.2353,1.0000,0.0170,3.9820,0.0696,74.8376,1.4566,0.0000,0.0000,1.9143,41.9665,0.7270,0.0000,2.8884,50.3563,37.9483,0.0180,0.0043,0.0000
1681,7550,26,173,0.7946,0.0757,110.0946,198.3631,564291.8750,20.8073,0,0,0,0,2,0,0,0,0,0,0,0,29,0.9990,0.0454,4.0029,0.1836,70.0677,3.2347,1.0000,0.0170,3.9820,0.0696,74.8376,1.4566,0.0000,0.0000,1.9143,41.9658,0.0000,0.0000,2.8884,50.3563,37.9483,0.0180,0.0043,0.0000
1682,7559,26,173,0.7946,0.0757,110.0919,198.3631,564669.2500,20.8073,0,0,0,0,0,0,0,0,0,0,0,0,29,0.9990,0.0454,4.0028,0.1836,70.0665,3.2338,1.0000,0.0170,3.9820,0.0696,74.8376,1.4566,0.0000,0.0000,1.9143,41.9648,0.0000,0.0000,2.8884,50.3563,37.9483,0.0180,0.0043,0.0000
1683,7561,26,173,0.7947,0.0757,110.0900,198.3631,565053.9375,20.8073,0,0,0,0,0,0,0,0,0,0,0,0,29,0.9990,0.0454,4.0028,0.1835,70.0679,3.2345,1.0000,0.0170,3.9820,0.0696,74.8376,1.4566,0.0000,0.0000,1.9143,41.9641,0.0000,0.0000,2.8884,50.3563,37.9483,0.0180,0.0043,0.0000
1684,7566,26,173,0.7947,0.0757,110.0875,198.3631,565435.5625,20.8073,0,0,0,0,0,0,0,0,0,0,0,0,29,0.9990,0.0454,4.0029,0.1835,70.0695,3.2355,1.0000,0.0170,3.9820,0.0696,74.8376,1.4566,0.0000,0.0000,1.9143,41.9632,0.0000,0.0000,2.8884,50.3563,37.9483,0.0180,0.0043,0.0000
1685,7571,26,173,0.7948,0.0757,110.0858,198.3631,565840.3125,20.8073,0,0,0,0,1,0,0,0,0,0,0,0,29,0.9990,0.0454,4.0029,0.1835,70.0699,3.2363,1.0000,0.0170,3.9820,0.0696,74.8376,1.4566,0.0000,0.0000,1.9143,41.9625,0.0000,0.0000,2.8884,50.3563,37.9483,0.0180,0.0043,0.0000
1686,7577,26,173,0.7948,0.0757,110.0835,198.3631,566233.3125,20.8073,0,0,0,0,0,0,0,0,0,0,0,0,29,0.9990,0.0454,4.0029,0.1835,70.0698,3.2356,1.0000,0.0170,3.9820,0.0696,74.8376,1.4566,0.0000,0.0000,1.9143,41.9617,0.0000,0.0000,2.8884,50.3563,37.9483,0.0180,0.0043,0.0000
1687,7589,26,173,0.7948,0.0757,110.0820,198.3631,566659.5000,20.8073,0,0,0,0,3,0,0,0,0,0,0,0,29,0.9990,0.0454,4.0028,0.1835,70.0681,3.2362,1.0000,0.0170,3.9820,0.0696,74.8376,1.4566,0.0000,0.0000,1.9143,41.9611,0.0000,0.0000,2.8884,50.3563,37.9483,0.0180,0.0043,0.0000
1688,7596,26,173,0.7949,0.0757,110.0797,198.3631,567073.5625,20.8073,0,0,1,0,1,0,0,0,0,0,0,0,29,0.9990,0.0454,4.0029,0.1835,70.0671,3.2364,1.0000,0.0170,3.9820,0.0696,74.8376,1.4566,0.0000,0.0000,1.9143,41.9603,0.0000,0.0000,2.8884,50.3563,37.9483,0.0180,0.0043,0.0000
1689,7601,26,173,0.7949,0.0757,110.0781,198.3631,567494.2500,20.8073,0,0,1,0,2,0,0,0,0,0,0,0,29,0.9990,0.0454,4.0030,0.1836,70.0680,3.2393,1.0000,0.0170,3.9820,0.0696,74.8376,1.4566,0.0000,0.0000,1.9143,41.9597,0.0000,0.0000,2.8884,50.3563,37.9483,0.0180,0.0043,0.0000
1690,7610,26,173,0.7949,0.0757,107.7578,198.4661,567718.0625,20.8073,0,0,0,0,1,0,0,0,0,0,0,0,29,0.9989,0.0455,4.0031,0.1836,70.0661,3.2391,1.0000,0.0170,3.9820,0.0696,74.8376,1.4566,0.0000,0.0000,1.7317,41.1007,0.0667,0.0000,2.8975,50.3564,37.9475,0.0004,0.0043,0.0000
1691,7623,26,173,0.7950,0.0757,107.7560,198.4661,568096.4375,20.8073,0,0,0,0,0,0,0,0,0,0,0,0,29,0.9989,0.0455,4.0032,0.1837,70.0665,3.2400,1.0000,0.0170,3.9820,0.0696,74.8376,1.4566,0.0000,0.0000,1.7317,41.1000,0.0000,0.0000,2.8975,50.3564,37.9475,0.0004,0.0043,0.0000
1692,7633,26,173,0.7950,0.0757,107.7535,198.4661,568474.1875,20.8073,0,0,0,0,0,0,0,0,0,0,0,0,29,0.9989,0.0455,4.0032,0.1839,70.0667,3.2414,1.0000,0.0170,3.9820,0.0696,74.8376,1.4566,0.0000,0.0000,1.7317,41.0991,0.0000,0.0000,2.8975,50.3564,37.9475,0.0004,0.0043,0.0000
1693,7636,26,173,0.7951,0.0757,107.7517,198.4661,568859.0000,20.8073,0,0,0,0,0,0,0,0,0,0,0,0,29,0.9989,0.0455,4.0032,0.1839,70.0681,3.2425,1.0000,0.0170,3.9820,0.0696,74.8376,1.4566,0.0000,0.0000,1.7317,41.0984,0.0000,0.0000,2.8975,50.3564,37.9475,0.0004,0.0043,0.0000
1694,7640,26,173,0.7951,0.0757,107.7493,198.4661,569241.0000,20.8073,0,0,0,0,0,0,0,0,0,0,0,0,29,0.9989,0.0455,4.0032,0.1839,70.0695,3.2423,1.0000,0.0170,3.9820,0.0696,74.8376,1.4566,0.0000,0.0000,1.7317,41.0975,0.0000,0.0000,2.8975,50.3564,37.9475,0.0004,0.0043,0.0000
1695,7647,26,173,0.7951,0.0757,107.7477,198.4661,569630.8125,20.8073,0,0,0,0,0,0,0,0,0,0,0,0,29,0.9989,0.0455,4.0032,0.1840,70.0703,3.2419,1.0000,0.0170,3.9820,0.0696,74.8376,1.4566,0.0000,0.0000,1.7317,41.0969,0.0000,0.0000,2.8975,50.3564,37.9475,0.0004,0.0043,0.0000
1696,7654,26,173,0.7951,0.0757,107.7455,198.4661,570024.0625,20.8073,0,0,0,0,0,0,0,0,0,0,0,0,29,0.9989,0.0455,4.0032,0.1839,70.0717,3.2425,1.0000,0.0170,3.9820,0.0696,74.8376,1.4566,0.0000,0.0000,1.7317,41.0962,0.0000,0.0000,2.8975,50.3564,37.9475,0.0004,0.0043,0.0000
1697,7664,26,173,0.7951,0.0757,107.7440,198.4661,570405.3125,20.8073,0,0,0,0,0,0,0,0,0,0,0,0,29,0.9989,0.0455,4.0032,0.1838,70.0736,3.2430,1.0000,0.0170,3.9820,0.0696,74.8376,1.4566,0.0000,0.0000,1.7317,41.0956,0.0000,0.0000,2.8975,50.3564,37.9475,0.0004,0.0043,0.0000
1698,7673,26,173,0.7952,0.0757,107.7418,198.4661,570789.6250,20.8073,0,0,0,0,0,0,0,0,0,0,0,0,29,0.9989,0.0456,4.0032,0.1839,70.0737,3.2431,1.0000,0.0170,3.9820,0.0696,74.8376,1.4566,0.0000,0.0000,1.7317,41.0948,0.0000,0.0000,2.8975,50.3564,37.9475,0.0004,0.0043,0.0000
1699,7677,26,173,0.7952,0.0757,107.7404,198.4661,571165.3125,20.8073,0,0,0,0,0,0,0,0,0,0,0,0,29,0.9989,0.0456,4.0031,0.1839,70.0740,3.2439,1.0000,0.0170,3.9820,0.0696,74.8376,1.4566,0.0000,0.0000,1.7317,41.0943,0.0000,0.0000,2.8975,50.3564,37.9475,0.0004,0.0043,0.0000
1700,7681,26,162,0.7952,0.0757,105.3622,198.5251,571912.3125,18.7994,0,0,0,0,1,0,0,0,0,0,0,0,29,0.9989,0.0456,4.0031,0.1839,70.0748,3.2455,1.0000,0.0170,3.9820,0.0696,74.8376,1.4566,0.0000,0.0000,1.6047,40.2162,0.0311,0.0000,2.9063,50.3564,37.9453,0.0001,0.0043,0.0000
1701,7686,26,162,0.7952,0.0757,105.3605,198.5251,572290.6250,18.7994,0,0,0,0,0,0,0,0,0,0,0,0,29,0.9989,0.0456,4.0031,0.1840,70.0737,3.2449,1.0000,0.0170,3.9820,0.0696,74.8376,1.4566,0.0000,0.0000,1.6047,40.2156,0.0000,0.0000,2.9063,50.3564,37.9453,0.0001,0.0043,0.0000
1702,7691,26,162,0.7953,0.0757,105.3582,198.5251,572668.6875,18.7994,0,0,0,0,0,0,0,0,0,0,0,0,29,0.9989,0.0456,4.0030,0.1840,70.0745,3.2457,1.0000,0.0170,3.9820,0.0696,74.8376,1.4566,0.0000,0.0000,1.6047,40.2147,0.0000,0.0000,2.9063,50.3564,37.9453,0.0001,0.0043,0.0000
1703,7696,26,162,0.7953,0.0757,105.3565,198.5251,573068.6250,18.7994,0,0,0,0,1,0,0,0,0,0,0,0,29,0.9989,0.0456,4.0030,0.1841,70.0772,3.2491,1.0000,0.0170,3.9820,0.0696,74.8376,1.4566,0.0000,0.0000,1.6047,40.2141,0.0000,0.0000,2.9063,50.3564,37.9453,0.0001,0.0043,0.0000
1704,7703,26,162,0.7953,0.0757,105.3542,198.5251,573450.8750,18.7994,0,0,0,0,0,0,0,0,0,0,0,0,29,0.9989,0.0456,4.0029,0.1841,70.0790,3.2490,1.0000,0.0170,3.9820,0.0696,74.8376,1.4566,0.0000,0.0000,1.6047,40.2132,0.0000,0.0000,2.9063,50.3564,37.9453,0.0001,0.0043,0.0000
1705,7705,26,162,0.7953,0.0757,105.3527,198.5251,573840.7500,18.7994,0,0,0,0,0,0,0,0,0,0,0,0,29,0.9989,0.0456,4.0030,0.1841,70.0796,3.2505,1.0000,0.0170,3.9820,0.0696,74.8376,1.4566,0.0000,0.0000,1.6047,40.2127,0.0000,0.0000,2.9063,50.3564,37.9453,0.0001,0.0043,0.0000
1706,7710,26,162,0.7954,0.0757,105.3507,198.5251,574249.1250,18.7994,0,0,1,0,0,0,0,0,0,0,0,0,29,0.9989,0.0456,4.0031,0.1844,70.0807,3.2508,1.0000,0.0170,3.9820,0.0696,74.8376,1.4566,0.0000,0.0000,1.6047,40.2119,0.0000,0.0000,2.9063,50.3564,37.9453,0.0001,0.0043,0.0000
1707,7717,26,162,0.7954,0.0757,105.3493,198.5251,574630.4375,18.7994,0,0,0,0,0,0,0,0,0,0,0,0,29,0.9989,0.0456,4.0031,0.1845,70.0805,3.2513,1.0000,0.0170,3.9820,0.0696,74.8376,1.4566,0.0000,0.0000,1.6047,40.2114,0.0000,0.0000,2.9063,50.3564,37.9453,0.0001,0.0043,0.0000
1708,7724,26,162,0.7954,0.0757,105.3472,198.5251,575014.9375,18.7994,0,0,0,0,0,0,0,0,0,0,0,0,29,0.9989,0.0456,4.0031,0.1845,70.0800,3.2506,1.0000,0.0170,3.9820,0.0696,74.8376,1.4566,0.0000,0.0000,1.6047,40.2106,0.0000,0.0000,2.9063,50.3564,37.9453,0.0001,0.0043,0.0000
1709,7728,26,162,0.7954,0.0757,105.3458,198.5251,575405.6875,18.7994,0,0,0,0,1,0,0,0,0,0,0,0,29,0.9989,0.0456,4.0030,0.1845,70.0792,3.2498,1.0000,0.0170,3.9820,0.0696,74.8376,1.4566,0.0000,0.0000,1.6047,40.2101,0.0000,0.0000,2.9063,50.3564,37.9453,0.0001,0.0043,0.0000
1710,7732,26,162,0.7955,0.0757,103.1340,198.6101,575637.3125,18.7994,0,0,0,0,0,0,0,0,0,0,0,1,29,0.9989,0.0457,4.0030,0.1845,70.0809,3.2504,1.0000,0.0170,3.9820,0.0696,74.8376,1.4566,0.0000,0.0000,1.5022,39.3926,0.0241,0.0000,2.9138,50.3564,37.9438,0.0000,0.0043,0.0000
1711,7738,26,162,0.7955,0.0757,103.1324,198.6101,576030.7500,18.7994,0,0,0,0,1,0,0,0,0,0,0,1,29,0.9989,0.0457,4.0029,0.1845,70.0821,3.2503,1.0000,0.0170,3.9820,0.0696,74.8376,1.4566,0.0000,0.0000,1.5022,39.3920,0.0000,0.0000,2.9138,50.3564,37.9438,0.0000,0.0043,0.0000
1712,7744,26,162,0.7955,0.0757,103.1302,198.6101,576409.0625,18.7994,0,0,0,0,0,0,0,0,0,0,0,1,29,0.9989,0.0457,4.0030,0.1845,70.0830,3.2496,1.0000,0.0170,3.9820,0.0696,74.8376,1.4566,0.0000,0.0000,1.5022,39.3912,0.0000,0.0000,2.9138,50.3564,37.9438,0.0000,0.0043,0.0000
1713,7753,26,162,0.7946,0.0757,103.1286,198.6101,577272.5625,18.7994,0,0,0,0,0,0,0,0,0,0,0,0,30,0.9989,0.0457,4.0030,0.1845,70.0814,3.2504,1.0000,0.0170,3.9820,0.0696,74.8376,1.4566,0.0000,0.0000,1.5022,39.3906,0.0000,0.0000,2.9138,50.3564,37.9438,0.0000,0.0043,0.0000
1714,7767,26,162,0.7946,0.0757,103.1265,198.6101,577670.0625,18.7994,0,0,0,0,1,0,0,0,0,0,0,0,30,0.9989,0.0457,4.0029,0.1846,70.0804,3.2529,1.0000,0.0170,3.9820,0.0696,74.8376,1.4566,0.0000,0.0000,1.5022,39.3898,0.0000,0.0000,2.9138,50.3564,37.9438,0.0000,0.0043,0.0000
1715,7774,26,162,0.7946,0.0757,103.1250,198.6101,578059.9375,18.7994,0,0,0,0,0,0,0,0,0,0,0,0,30,0.9989,0.0457,4.0028,0.1846,70.0827,3.2530,1.0000,0.0170,3.9820,0.0696,74.8376,1.4566,0.0000,0.0000,1.5022,39.3893,0.0000,0.0000,2.9138,50.3564,37.9438,0.0000,0.0043,0.0000
1716,7780,26,162,0.7946,0.0757,103.1231,198.6101,578453.5000,18.7994,0,0,0,0,0,0,0,0,0,0,0,0,30,0.9990,0.0457,4.0029,0.1846,70.0840,3.2523,1.0000,0.0170,3.9820,0.0696,74.8376,1.4566,0.0000,0.0000,1.5022,39.3886,0.0000,0.0000,2.9138,50.3564,37.9438,0.0000,0.0043,0.0000
1717,7790,26,162,0.7946,0.0757,103.1218,198.6101,578834.8125,18.7994,0,0,0,0,0,0,0,0,0,0,0,0,30,0.9989,0.0458,4.0029,0.1846,70.0830,3.2520,1.0000,0.0170,3.9820,0.0696,74.8376,1.4566,0.0000,0.0000,1.5022,39.3881,0.0000,0.0000,2.9138,50.3564,37.9438,0.0000,0.0043,0.0000
1718,7796,26,162,0.7947,0.0756,103.1198,198.6101,579219.5625,18.7994,0,0,0,0,0,0,0,0,0,0,0,0,30,0.9989,0.0458,4.0028,0.1847,70.0847,3.2523,1.0000,0.0170,3.9820,0.0696,74.8376,1.4566,0.0000,0.0000,1.5022,39.3873,0.0000,0.0000,2.9138,50.3564,37.9438,0.0000,0.0043,0.0000
1719,7806,26,162,0.7947,0.0756,103.1177,198.6101,579605.5000,18.7994,0,0,0,0,1,0,0,0,0,0,0,0,30,0.9989,0.0458,4.0028,0.1847,70.0852,3.2531,1.0000,0.0170,3.9820,0.0696,74.8376,1.4566,0.0000,0.0000,1.5022,39.3865,0.0000,0.0000,2.9138,50.3564,37.9438,0.0000,0.0043,0.0000
1720,7811,26,162,0.7947,0.0756,100.9206,198.6948,579854.7500,18.7994,0,0,1,0,0,0,0,0,0,0,0,0,30,0.9989,0.0458,4.0029,0.1848,70.0849,3.2537,1.0000,0.0170,3.9820,0.0696,74.8376,1.4566,0.0000,0.0000,1.4254,38.5723,0.0205,0.0000,2.9212,50.3566,37.9443,0.0000,0.0043,0.0000
1721,7819,26,162,0.7947,0.0756,100.9191,198.6948,580233.1875,18.7994,0,0,0,0,0,0,0,0,0,0,0,0,30,0.9990,0.0458,4.0030,0.1847,70.0854,3.2532,1.0000,0.0170,3.9820,0.0696,74.8376,1.4566,0.0000,0.0000,1.4254,38.5718,0.0000,0.0000,2.9212,50.3566,37.9443,0.0000,0.0043,0.0000
1722,7824,26,162,0.7948,0.0756,100.9171,198.6948,580611.8125,18.7994,0,0,0,0,0,0,0,0,0,0,0,0,30,0.9990,0.0458,4.0030,0.1847,70.0843,3.2528,1.0000,0.0170,3.9820,0.0696,74.8376,1.4566,0.0000,0.0000,1.4254,38.5710,0.0000,0.0000,2.9212,50.3566,37.9443,0.0000,0.0043,0.0000
1723,7826,26,162,0.7948,0.0756,100.9156,198.6948,581011.8750,18.7994,0,0,0,0,1,0,0,0,0,0,0,0,30,0.9990,0.0458,4.0030,0.1847,70.0856,3.2538,1.0000,0.0170,3.9820,0.0696,74.8376,1.4566,0.0000,0.0000,1.4254,38.5705,0.0000,0.0000,2.9212,50.3566,37.9443,0.0000,0.0043,0.0000
1724,7830,26,162,0.7948,0.0756,100.9136,198.6948,581394.6250,18.7994,0,0,0,0,0,0,0,0,0,0,0,0,30,0.9990,0.0458,4.0031,0.1847,70.0863,3.2558,1.0000,0.0170,3.9820,0.0696,74.8376,1.4566,0.0000,0.0000,1.4254,38.5697,0.0000,0.0000,2.9212,50.3566,37.9443,0.0000,0.0043,0.0000
1725,7834,26,162,0.7948,0.0756,100.9122,198.6948,581784.5625,18.7994,0,0,0,0,0,0,0,0,0,0,0,0,30,0.9990,0.0458,4.0031,0.1847,70.0860,3.2553,1.0000,0.0170,3.9820,0.0696,74.8376,1.4566,0.0000,0.0000,1.4254,38.5692,0.0000,0.0000,2.9212,50.3566,37.9443,0.0000,0.0043,0.0000
1726,7837,26,162,0.7948,0.0756,100.9104,198.6948,582208.1875,18.7994,0,0,0,0,2,0,0,0,0,0,0,0,30,0.9990,0.0458,4.0031,0.1847,70.0870,3.2550,1.0000,0.0170,3.9820,0.0696,74.8376,1.4566,0.0000,0.0000,1.4254,38.5685,0.0000,0.0000,2.9212,50.3566,37.9443,0.0000,0.0043,0.0000
1727,7847,26,162,0.7948,0.0756,100.9091,198.6948,582589.5625,18.7994,0,0,0,0,0,0,0,0,0,0,0,0,30,0.9990,0.0459,4.0032,0.1847,70.0859,3.2571,1.0000,0.0170,3.9820,0.0696,74.8376,1.4566,0.0000,0.0000,1.4254,38.5681,0.0000,0.0000,2.9212,50.3566,37.9443,0.0000,0.0043,0.0000
1728,7855,26,162,0.7948,0.0756,102.0926,198.6948,582974.4375,18.7994,0,0,0,0,0,0,0,0,0,0,0,0,30,0.9990,0.0459,4.0033,0.1848,70.0884,3.2583,1.0000,0.0170,3.9820,0.0696,74.8376,1.4566,0.5992,0.1711,1.5835,39.0064,0.0000,0.0022,2.9212,50.3566,37.9443,0.0000,0.0000,0.0000
1729,7864,26,162,0.7949,0.0756,102.0906,198.6948,583345.5625,18.7994,0,0,0,0,0,0,0,0,0,0,0,0,30,0.9990,0.0459,4.0034,0.1849,70.0898,3.2601,1.0000,0.0170,3.9820,0.0696,74.8376,1.4566,0.0000,0.0000,1.5835,39.0056,0.0000,0.0000,2.9212,50.3566,37.9443,0.0000,0.0000,0.0000
1730,7871,26,162,0.7949,0.0756,99.9071,198.7750,583580.6875,18.7994,0,0,0,0,0,0,0,0,0,0,0,0,30,0.9990,0.0458,4.0036,0.1850,70.0877,3.2609,1.0000,0.0170,3.9820,0.0696,74.8376,1.4566,0.0000,0.0000,1.4779,38.1833,0.0261,0.0000,2.9283,50.3565,37.9426,0.0001,0.0000,0.0000
1731,7874,26,162,0.7949,0.0756,99.9057,198.7750,583974.1250,18.7994,0,0,0,0,1,0,0,0,0,0,0,0,30,0.9990,0.0459,4.0037,0.1850,70.0872,3.2615,1.0000,0.0170,3.9820,0.0696,74.8376,1.4566,0.0000,0.0000,1.4779,38.1828,0.0000,0.0000,2.9283,50.3565,37.9426,0.0001,0.0000,0.0000
1732,7885,26,162,0.7949,0.0756,99.9038,198.7750,584353.0000,18.7994,0,0,0,0,0,0,0,0,0,0,0,0,30,0.9990,0.0459,4.0037,0.1850,70.0853,3.2619,1.0000,0.0170,3.9820,0.0696,74.8376,1.4566,0.0000,0.0000,1.4779,38.1820,0.0000,0.0000,2.9283,50.3565,37.9426,0.0001,0.0000,0.0000
1733,7893,26,162,0.7949,0.0756,99.9023,198.7750,584738.0625,18.7994,0,0,0,0,0,0,0,0,0,0,0,0,30,0.9990,0.0459,4.0036,0.1851,70.0828,3.2634,1.0000,0.0170,3.9820,0.0696,74.8376,1.4566,0.0000,0.0000,1.4779,38.1815,0.0000,0.0000,2.9283,50.3565,37.9426,0.0001,0.0000,0.0000
1734,7904,26,162,0.7950,0.0756,99.9004,198.7750,585120.9375,18.7994,0,0,0,0,0,0,0,0,0,0,0,0,30,0.9990,0.0459,4.0036,0.1851,70.0835,3.2621,1.0000,0.0170,3.9820,0.0696,74.8376,1.4566,0.0000,0.0000,1.4779,38.1808,0.0000,0.0000,2.9283,50.3565,37.9426,0.0001,0.0000,0.0000
1735,7914,26,162,0.7950,0.0756,99.8991,198.7750,585510.8750,18.7994,0,0,0,0,0,0,0,0,0,0,0,0,30,0.9990,0.0459,4.0036,0.1852,70.0840,3.2622,1.0000,0.0170,3.9820,0.0696,74.8376,1.4566,0.0000,0.0000,1.4779,38.1802,0.0000,0.0000,2.9283,50.3565,37.9426,0.0001,0.0000,0.0000
1736,7919,26,162,0.7950,0.0756,99.8974,198.7750,585919.6250,18.7994,0,0,0,0,1,0,0,0,0,0,0,0,30,0.9989,0.0459,4.0036,0.1852,70.0840,3.2627,1.0000,0.0170,3.9820,0.0696,74.8376,1.4566,0.0000,0.0000,1.4779,38.1796,0.0000,0.0000,2.9283,50.3565,37.9426,0.0001,0.0000,0.0000
1737,7925,26,162,0.7950,0.0756,99.8962,198.7750,586300.9375,18.7994,0,0,0,0,0,0,0,0,0,0,0,0,30,0.9989,0.0459,4.0036,0.1852,70.0827,3.2633,1.0000,0.0170,3.9820,0.0696,74.8376,1.4566,0.0000,0.0000,1.4779,38.1792,0.0000,0.0000,2.9283,50.3565,37.9426,0.0001,0.0000,0.0000
1738,7931,26,162,0.7950,0.0756,99.8944,198.7750,586686.0000,18.7994,0,0,0,0,0,0,0,0,0,0,0,0,30,0.9990,0.0459,4.0036,0.1852,70.0808,3.2635,1.0000,0.0170,3.9820,0.0696,74.8376,1.4566,0.0000,0.0000,1.4779,38.1785,0.0000,0.0000,2.9283,50.3565,37.9426,0.0001,0.0000,0.0000
1739,7937,26,162,0.7950,0.0756,99.8925,198.7750,587057.2500,18.7994,0,0,0,0,0,0,0,0,0,0,0,0,30,0.9990,0.0459,4.0036,0.1853,70.0790,3.2644,1.0000,0.0170,3.9820,0.0696,74.8376,1.4566,0.0000,0.0000,1.4779,38.1778,0.0000,0.0000,2.9283,50.3565,37.9426,0.0001,0.0000,0.0000
1740,7941,26,162,0.7950,0.0756,97.7765,198.8570,587310.0000,18.7994,0,0,0,0,1,0,0,0,0,0,0,0,30,0.9990,0.0459,4.0035,0.1853,70.0791,3.2648,1.0000,0.0170,3.9820,0.0696,74.8376,1.4566,0.0000,0.0000,1.4037,37.3802,0.0178,0.0000,2.9353,50.3565,37.9409,0.0000,0.0000,0.0000
1741,7949,26,162,0.7950,0.0756,97.7752,198.8570,587688.5000,18.7994,0,0,0,0,0,0,0,0,0,0,0,0,30,0.9990,0.0459,4.0035,0.1853,70.0783,3.2653,1.0000,0.0170,3.9820,0.0696,74.8376,1.4566,0.0000,0.0000,1.4037,37.3798,0.0000,0.0000,2.9353,50.3565,37.9409,0.0000,0.0000,0.0000
1742,7954,26,162,0.7950,0.0756,97.7733,198.8570,588067.5000,18.7994,0,0,0,0,0,0,0,0,0,0,0,0,30,0.9989,0.0459,4.0035,0.1853,70.0767,3.2670,1.0000,0.0170,3.9820,0.0696,74.8376,1.4566,0.0000,0.0000,1.4037,37.3791,0.0000,0.0000,2.9353,50.3565,37.9409,0.0000,0.0000,0.0000
1743,7956,26,162,0.7950,0.0756,97.7720,198.8570,588482.5625,18.7994,0,0,0,0,2,0,0,0,0,0,0,0,30,0.9990,0.0459,4.0035,0.1853,70.0789,3.2666,1.0000,0.0170,3.9820,0.0696,74.8376,1.4566,0.0000,0.0000,1.4037,37.3786,0.0000,0.0000,2.9353,50.3565,37.9409,0.0000,0.0000,0.0000
1744,7959,26,162,0.7950,0.0756,97.7702,198.8570,588865.5000,18.7994,0,0,0,0,0,0,0,0,0,0,0,0,30,0.9990,0.0459,4.0034,0.1853,70.0798,3.2666,1.0000,0.0170,3.9820,0.0696,74.8376,1.4566,0.0000,0.0000,1.4037,37.3779,0.0000,0.0000,2.9353,50.3565,37.9409,0.0000,0.0000,0.0000
1745,7970,26,162,0.7950,0.0756,97.7689,198.8570,589255.5625,18.7994,0,0,0,0,0,0,0,0,0,0,0,0,30,0.9989,0.0459,4.0034,0.1852,70.0789,3.2660,1.0000,0.0170,3.9820,0.0696,74.8376,1.4566,0.0000,0.0000,1.4037,37.3774,0.0000,0.0000,2.9353,50.3565,37.9409,0.0000,0.0000,0.0000
1746,7971,26,162,0.7950,0.0756,97.7673,198.8570,589664.3125,18.7994,0,0,0,0,1,0,0,0,0,0,0,0,30,0.9989,0.0459,4.0034,0.1852,70.0791,3.2661,1.0000,0.0170,3.9820,0.0696,74.8376,1.4566,0.0000,0.0000,1.4037,37.3768,0.0000,0.0000,2.9353,50.3565,37.9409,0.0000,0.0000,0.0000
1747,7976,26,162,0.7950,0.0756,97.7661,198.8570,590060.5625,18.7994,0,0,0,0,1,0,0,0,0,0,0,0,30,0.9989,0.0459,4.0034,0.1853,70.0787,3.2655,1.0000,0.0170,3.9820,0.0696,74.8376,1.4566,0.0000,0.0000,1.4037,37.3763,0.0000,0.0000,2.9353,50.3565,37.9409,0.0000,0.0000,0.0000
1748,7982,26,162,0.7950,0.0756,97.7644,198.8570,590445.6875,18.7994,0,0,0,0,0,0,0,0,0,0,0,0,30,0.9989,0.0460,4.0034,0.1853,70.0808,3.2671,1.0000,0.0170,3.9820,0.0696,74.8376,1.4566,0.0000,0.0000,1.4037,37.3757,0.0000,0.0000,2.9353,50.3565,37.9409,0.0000,0.0000,0.0000
1749,7985,26,162,0.7951,0.0756,97.7626,198.8570,590832.0625,18.7994,0,0,0,0,1,0,0,0,0,0,0,0,30,0.9989,0.0460,4.0034,0.1854,70.0812,3.2665,1.0000,0.0170,3.9820,0.0696,74.8376,1.4566,0.0000,0.0000,1.4037,37.3750,0.0000,0.0000,2.9353,50.3565,37.9409,0.0000,0.0000,0.0000
1750,7986,26,146,0.7951,0.0756,95.6517,198.8964,591742.3750,18.7994,0,0,0,0,2,0,0,0,0,0,0,1,30,0.9989,0.0460,4.0035,0.1854,70.0801,3.2676,1.0000,0.0170,3.9820,0.0696,74.8376,1.4566,0.0000,0.0000,1.3431,36.5766,0.0165,0.0000,2.9420,50.3563,37.9376,0.0000,0.0000,0.0000
1751,7994,26,146,0.7951,0.0756,95.6504,198.8964,592135.8125,18.7994,0,0,0,0,1,0,0,0,0,0,0,1,30,0.9989,0.0460,4.0034,0.1854,70.0803,3.2705,1.0000,0.0170,3.9820,0.0696,74.8376,1.4566,0.0000,0.0000,1.3431,36.5761,0.0000,0.0000,2.9420,50.3563,37.9376,0.0000,0.0000,0.0000
1752,7992,26,146,0.7951,0.0756,95.6486,198.8964,592559.9375,18.7994,0,0,1,0,2,0,0,0,0,0,0,1,30,0.9989,0.0460,4.0034,0.1854,70.0805,3.2708,1.0000,0.0170,3.9820,0.0696,74.8376,1.4566,0.0000,0.0000,1.3431,36.5754,0.0000,0.0000,2.9420,50.3563,37.9376,0.0000,0.0000,0.0000
1753,7999,26,146,0.7941,0.0754,95.6473,198.8964,593297.4375,18.7994,0,0,0,0,2,0,0,0,0,0,0,0,31,0.9989,0.0460,4.0034,0.1854,70.0804,3.2713,1.0000,0.0170,3.9820,0.0696,74.8376,1.4566,0.0000,0.0000,1.3431,36.5749,0.0000,0.0000,2.9420,50.3563,37.9376,0.0000,0.0000,0.0000
1754,8008,26,146,0.7942,0.0754,95.6456,198.8964,593710.5625,18.7994,0,0,0,0,2,0,0,0,0,0,0,0,31,0.9989,0.0460,4.0033,0.1855,70.0813,3.2721,1.0000,0.0170,3.9820,0.0696,74.8376,1.4566,0.0000,0.0000,1.3431,36.5743,0.0000,0.0000,2.9420,50.3563,37.9376,0.0000,0.0000,0.0000
1755,8012,26,146,0.7941,0.0753,95.6444,198.8964,594115.6250,18.7994,0,0,0,0,1,0,0,0,0,0,0,0,31,0.9989,0.0460,4.0033,0.1855,70.0822,3.2722,1.0000,0.0170,3.9820,0.0696,74.8376,1.4566,0.0000,0.0000,1.3431,36.5738,0.0000,0.0000,2.9420,50.3563,37.9376,0.0000,0.0000,0.0000
1756,8017,26,146,0.7941,0.0754,95.6429,198.8964,594524.4375,18.7994,0,0,0,0,1,0,0,0,0,0,0,0,31,0.9989,0.0460,4.0033,0.1856,70.0831,3.2724,1.0000,0.0170,3.9820,0.0696,74.8376,1.4566,0.0000,0.0000,1.3431,36.5732,0.0000,0.0000,2.9420,50.3563,37.9376,0.0000,0.0000,0.0000
1757,8023,26,146,0.7941,0.0753,95.6418,198.8964,594920.5625,18.7994,0,0,0,0,1,0,0,0,0,0,0,0,31,0.9989,0.0460,4.0032,0.1856,70.0828,3.2730,1.0000,0.0170,3.9820,0.0696,74.8376,1.4566,0.0000,0.0000,1.3431,36.5728,0.0000,0.0000,2.9420,50.3563,37.9376,0.0000,0.0000,0.0000
1758,8027,26,146,0.7941,0.0753,95.6402,198.8964,595305.7500,18.7994,0,0,0,0,0,0,0,0,0,0,0,0,31,0.9989,0.0460,4.0032,0.1856,70.0813,3.2737,1.0000,0.0170,3.9820,0.0696,74.8376,1.4566,0.0000,0.0000,1.3431,36.5722,0.0000,0.0000,2.9420,50.3563,37.9376,0.0000,0.0000,0.0000
1759,8028,26,146,0.7941,0.0753,95.6384,198.8964,595677.3125,18.7994,0,0,0,0,0,0,0,0,0,0,0,0,31,0.9989,0.0460,4.0032,0.1856,70.0813,3.2735,1.0000,0.0170,3.9820,0.0696,74.8376,1.4566,0.0000,0.0000,1.3431,36.5715,0.0000,0.0000,2.9420,50.3563,37.9376,0.0000,0.0000,0.0000
1760,8033,26,146,0.7942,0.0753,93.5555,198.9812,595935.1250,18.7994,0,0,0,0,1,0,0,0,0,0,0,0,31,0.9989,0.0460,4.0032,0.1856,70.0802,3.2737,1.0000,0.0170,3.9820,0.0696,74.8376,1.4566,0.0000,0.0000,1.2904,35.7819,0.0159,0.0000,2.9489,50.3564,37.9373,0.0000,0.0000,0.0000
1761,8036,26,146,0.7941,0.0753,93.5543,198.9812,596313.4375,18.7994,0,0,0,0,0,0,0,0,0,0,0,0,31,0.9989,0.0460,4.0033,0.1857,70.0799,3.2734,1.0000,0.0170,3.9820,0.0696,74.8376,1.4566,0.0000,0.0000,1.2904,35.7814,0.0000,0.0000,2.9489,50.3564,37.9373,0.0000,0.0000,0.0000
1762,8041,26,146,0.7942,0.0753,93.5522,198.9812,596689.5625,18.7994,0,0,0,0,0,0,0,0,0,0,0,0,31,0.9989,0.0460,4.0033,0.1856,70.0768,3.2752,1.0000,0.0170,3.9820,0.0696,74.8376,1.4566,0.0000,0.0000,1.2904,35.7806,0.0000,0.0000,2.9489,50.3564,37.9373,0.0000,0.0000,0.0000
1763,8046,26,146,0.7942,0.0753,93.5510,198.9812,597104.6250,18.7994,0,0,1,0,1,0,0,0,0,0,0,0,31,0.9988,0.0461,4.0033,0.1856,70.0755,3.2758,1.0000,0.0170,3.9820,0.0696,74.8376,1.4566,0.0000,0.0000,1.2904,35.7801,0.0000,0.0000,2.9489,50.3564,37.9373,0.0000,0.0000,0.0000
1764,8053,26,146,0.7942,0.0753,93.5493,198.9812,597502.7500,18.7994,0,0,0,0,1,0,0,0,0,0,0,0,31,0.9988,0.0461,4.0033,0.1855,70.0743,3.2752,1.0000,0.0170,3.9820,0.0696,74.8376,1.4566,0.0000,0.0000,1.2904,35.7795,0.0000,0.0000,2.9489,50.3564,37.9373,0.0000,0.0000,0.0000
1765,8060,26,146,0.7942,0.0753,93.5481,198.9812,597922.8125,18.7994,0,0,1,0,1,0,0,0,0,0,0,0,31,0.9988,0.0461,4.0033,0.1856,70.0731,3.2761,1.0000,0.0170,3.9820,0.0696,74.8376,1.4566,0.0000,0.0000,1.2904,35.7790,0.0000,0.0000,2.9489,50.3564,37.9373,0.0000,0.0000,0.0000
1766,8065,26,146,0.7942,0.0753,93.5467,198.9812,598331.6250,18.7994,0,0,0,0,1,0,0,0,0,0,0,0,31,0.9988,0.0461,4.0034,0.1856,70.0751,3.2784,1.0000,0.0170,3.9820,0.0696,74.8376,1.4566,0.0000,0.0000,1.2904,35.7785,0.0000,0.0000,2.9489,50.3564,37.9373,0.0000,0.0000,0.0000
1767,8069,26,146,0.7941,0.0753,93.5456,198.9812,598712.6875,18.7994,0,0,0,0,0,0,0,0,0,0,0,0,31,0.9988,0.0461,4.0033,0.1856,70.0733,3.2795,1.0000,0.0170,3.9820,0.0696,74.8376,1.4566,0.0000,0.0000,1.2904,35.7781,0.0000,0.0000,2.9489,50.3564,37.9373,0.0000,0.0000,0.0000
1768,8080,26,146,0.7941,0.0753,93.5441,198.9812,599113.0000,18.7994,0,0,0,0,1,0,0,0,0,0,0,0,31,0.9988,0.0461,4.0033,0.1857,70.0715,3.2802,1.0000,0.0170,3.9820,0.0696,74.8376,1.4566,0.0000,0.0000,1.2904,35.7775,0.0000,0.0000,2.9489,50.3564,37.9373,0.0000,0.0000,0.0000
1769,8084,26,146,0.7942,0.0753,93.5424,198.9812,599514.6250,18.7994,0,0,0,0,2,0,0,0,0,0,0,0,31,0.9988,0.0461,4.0034,0.1857,70.0724,3.2800,1.0000,0.0170,3.9820,0.0696,74.8376,1.4566,0.0000,0.0000,1.2904,35.7769,0.0000,0.0000,2.9489,50.3564,37.9373,0.0000,0.0000,0.0000
1770,8089,26,146,0.7942,0.0753,91.4676,199.0572,599790.0000,18.7994,0,0,1,0,1,0,0,0,0,0,0,0,31,0.9988,0.0461,4.0033,0.1858,70.0716,3.2815,1.0000,0.0170,3.9820,0.0696,74.8376,1.4566,0.0000,0.0000,1.2438,34.9897,0.0151,0.0000,2.9554,50.3563,37.9354,0.0000,0.0000,0.0000
1771,8094,26,146,0.7941,0.0753,91.4664,199.0572,600168.2500,18.7994,0,0,0,0,0,0,0,0,0,0,0,0,31,0.9989,0.0461,4.0033,0.1859,70.0709,3.2815,1.0000,0.0170,3.9820,0.0696,74.8376,1.4566,0.0000,0.0000,1.2438,34.9893,0.0000,0.0000,2.9554,50.3563,37.9354,0.0000,0.0000,0.0000
1772,8105,26,146,0.7942,0.0753,91.4644,199.0572,600559.6250,18.7994,0,0,0,0,1,0,0,0,0,0,0,0,31,0.9989,0.0461,4.0031,0.1859,70.0723,3.2849,1.0000,0.0170,3.9820,0.0696,74.8376,1.4566,0.0000,0.0000,1.2438,34.9885,0.0000,0.0000,2.9554,50.3563,37.9354,0.0000,0.0000,0.0000
1773,8109,26,146,0.7941,0.0753,91.4632,199.0572,600959.5625,18.7994,0,0,0,0,1,0,0,0,0,0,0,0,31,0.9989,0.0462,4.0031,0.1859,70.0747,3.2861,1.0000,0.0170,3.9820,0.0696,74.8376,1.4566,0.0000,0.0000,1.2438,34.9881,0.0000,0.0000,2.9554,50.3563,37.9354,0.0000,0.0000,0.0000
1774,8118,26,146,0.7941,0.0753,91.4616,199.0572,601342.7500,18.7994,0,0,0,0,0,0,0,0,0,0,0,0,31,0.9989,0.0462,4.0032,0.1860,70.0741,3.2859,1.0000,0.0170,3.9820,0.0696,74.8376,1.4566,0.0000,0.0000,1.2438,34.9875,0.0000,0.0000,2.9554,50.3563,37.9354,0.0000,0.0000,0.0000
1775,8121,26,146,0.7941,0.0753,91.4605,199.0572,601747.6875,18.7994,0,0,0,0,1,0,0,0,0,0,0,0,31,0.9989,0.0462,4.0032,0.1860,70.0733,3.2856,1.0000,0.0170,3.9820,0.0696,74.8376,1.4566,0.0000,0.0000,1.2438,34.9870,0.0000,0.0000,2.9554,50.3563,37.9354,0.0000,0.0000,0.0000
1776,8128,26,146,0.7941,0.0753,91.4591,199.0572,602156.4375,18.7994,0,0,1,0,0,0,0,0,0,0,0,0,31,0.9989,0.0462,4.0032,0.1861,70.0725,3.2885,1.0000,0.0170,3.9820,0.0696,74.8376,1.4566,0.0000,0.0000,1.2438,34.9865,0.0000,0.0000,2.9554,50.3563,37.9354,0.0000,0.0000,0.0000
1777,8130,26,146,0.7940,0.0753,91.4580,199.0572,602552.2500,18.7994,0,0,1,0,0,0,0,0,0,0,0,0,31,0.9989,0.0462,4.0032,0.1861,70.0726,3.2883,1.0000,0.0170,3.9820,0.0696,74.8376,1.4566,0.0000,0.0000,1.2438,34.9861,0.0000,0.0000,2.9554,50.3563,37.9354,0.0000,0.0000,0.0000
1778,8150,26,146,0.7940,0.0753,91.4566,199.0572,602952.5625,18.7994,0,0,0,0,1,0,0,0,0,0,0,0,31,0.9990,0.0462,4.0035,0.1862,70.0712,3.2887,1.0000,0.0170,3.9820,0.0696,74.8376,1.4566,0.0000,0.0000,1.2438,34.9855,0.0000,0.0000,2.9554,50.3563,37.9354,0.0000,0.0000,0.0000
1779,8154,26,146,0.7940,0.0753,91.4549,199.0572,603324.2500,18.7994,0,0,0,0,0,0,0,0,0,0,0,0,31,0.9990,0.0462,4.0036,0.1862,70.0713,3.2898,1.0000,0.0170,3.9820,0.0696,74.8376,1.4566,0.0000,0.0000,1.2438,34.9849,0.0000,0.0000,2.9554,50.3563,37.9354,0.0000,0.0000,0.0000
1780,8158,26,146,0.7940,0.0753,89.3862,199.1320,603572.2500,18.7994,0,0,0,0,0,0,0,0,0,0,0,0,31,0.9990,0.0462,4.0036,0.1862,70.0718,3.2894,1.0000,0.0170,3.9820,0.0696,74.8376,1.4566,0.0000,0.0000,1.2023,34.1994,0.0146,0.0000,2.9618,50.3562,37.9334,0.0000,0.0000,0.0000
1781,8164,26,146,0.7940,0.0753,89.3851,199.1320,603950.3750,18.7994,0,0,0,0,0,0,0,0,0,0,0,0,31,0.9990,0.0462,4.0035,0.1862,70.0708,3.2897,1.0000,0.0170,3.9820,0.0696,74.8376,1.4566,0.0000,0.0000,1.2023,34.1989,0.0000,0.0000,2.9618,50.3562,37.9334,0.0000,0.0000,0.0000
1782,8173,26,146,0.7940,0.0753,89.3832,199.1320,604326.8750,18.7994,0,0,0,0,0,0,0,0,0,0,0,0,31,0.9990,0.0462,4.0035,0.1862,70.0718,3.2911,1.0000,0.0170,3.9820,0.0696,74.8376,1.4566,0.0000,0.0000,1.2023,34.1982,0.0000,0.0000,2.9618,50.3562,37.9334,0.0000,0.0000,0.0000
1783,8177,26,146,0.7940,0.0753,89.3820,199.1320,604711.6250,18.7994,0,0,0,0,0,0,0,0,0,0,0,0,31,0.9989,0.0462,4.0034,0.1863,70.0721,3.2911,1.0000,0.0170,3.9820,0.0696,74.8376,1.4566,0.0000,0.0000,1.2023,34.1978,0.0000,0.0000,2.9618,50.3562,37.9334,0.0000,0.0000,0.0000
1784,8182,26,146,0.7940,0.0753,89.3804,199.1320,605094.8125,18.7994,0,0,0,0,0,0,0,0,0,0,0,0,31,0.9989,0.0462,4.0033,0.1862,70.0731,3.2921,1.0000,0.0170,3.9820,0.0696,74.8376,1.4566,0.0000,0.0000,1.2023,34.1972,0.0000,0.0000,2.9618,50.3562,37.9334,0.0000,0.0000,0.0000
1785,8185,26,146,0.7939,0.0753,89.3793,199.1320,605484.7500,18.7994,0,0,0,0,0,0,0,0,0,0,0,0,31,0.9989,0.0462,4.0033,0.1862,70.0756,3.2963,1.0000,0.0170,3.9820,0.0696,74.8376,1.4566,0.0000,0.0000,1.2023,34.1967,0.0000,0.0000,2.9618,50.3562,37.9334,0.0000,0.0000,0.0000
1786,8194,26,146,0.7939,0.0753,89.3780,199.1320,605893.4375,18.7994,0,0,0,0,1,0,0,0,0,0,0,0,31,0.9989,0.0462,4.0032,0.1862,70.0744,3.2959,1.0000,0.0170,3.9820,0.0696,74.8376,1.4566,0.0000,0.0000,1.2023,34.1962,0.0000,0.0000,2.9618,50.3562,37.9334,0.0000,0.0000,0.0000
1787,8200,26,146,0.7938,0.0752,89.3770,199.1320,606289.0000,18.7994,0,0,0,0,1,0,0,0,0,0,0,0,31,0.9989,0.0462,4.0032,0.1860,70.0732,3.2949,1.0000,0.0170,3.9820,0.0696,74.8376,1.4566,0.0000,0.0000,1.2023,34.1959,0.0000,0.0000,2.9618,50.3562,37.9334,0.0000,0.0000,0.0000
1788,8204,26,146,0.7938,0.0752,89.3756,199.1320,606689.2500,18.7994,0,0,0,0,1,0,0,0,0,0,0,0,31,0.9989,0.0462,4.0032,0.1860,70.0744,3.2953,1.0000,0.0170,3.9820,0.0696,74.8376,1.4566,0.0000,0.0000,1.2023,34.1953,0.0000,0.0000,2.9618,50.3562,37.9334,0.0000,0.0000,0.0000
1789,8207,26,146,0.7938,0.0752,89.3739,199.1320,607061.0000,18.7994,0,0,0,0,0,0,0,0,0,0,0,0,31,0.9989,0.0462,4.0033,0.1860,70.0735,3.2955,1.0000,0.0170,3.9820,0.0696,74.8376,1.4566,0.0000,0.0000,1.2023,34.1947,0.0000,0.0000,2.9618,50.3562,37.9334,0.0000,0.0000,0.0000
1790,8213,26,146,0.7938,0.0752,87.3148,199.2060,607311.6250,18.7994,0,0,0,0,0,0,0,0,0,0,0,0,31,0.9989,0.0462,4.0033,0.1860,70.0745,3.2957,1.0000,0.0170,3.9820,0.0696,74.8376,1.4566,0.0000,0.0000,1.1652,33.4119,0.0139,0.0000,2.9681,50.3562,37.9314,0.0000,0.0000,0.0000
1791,8216,26,146,0.7938,0.0752,87.3137,199.2060,607704.6250,18.7994,0,0,0,0,1,0,0,0,0,0,0,0,31,0.9989,0.0462,4.0033,0.1861,70.0747,3.2952,1.0000,0.0170,3.9820,0.0696,74.8376,1.4566,0.0000,0.0000,1.1652,33.4115,0.0000,0.0000,2.9681,50.3562,37.9314,0.0000,0.0000,0.0000
1792,8222,26,146,0.7938,0.0752,87.3119,199.2060,608081.1875,18.7994,0,0,0,0,0,0,0,0,0,0,0,0,31,0.9989,0.0462,4.0033,0.1861,70.0738,3.2955,1.0000,0.0170,3.9820,0.0696,74.8376,1.4566,0.0000,0.0000,1.1652,33.4108,0.0000,0.0000,2.9681,50.3562,37.9314,0.0000,0.0000,0.0000
1793,8224,26,146,0.7937,0.0752,87.3108,199.2060,608480.8125,18.7994,0,0,0,0,1,0,0,0,0,0,0,0,31,0.9989,0.0462,4.0033,0.1861,70.0730,3.2958,1.0000,0.0170,3.9820,0.0696,74.8376,1.4566,0.0000,0.0000,1.1652,33.4104,0.0000,0.0000,2.9681,50.3562,37.9314,0.0000,0.0000,0.0000
1794,8233,26,146,0.7937,0.0752,87.3092,199.2060,608863.8750,18.7994,0,0,0,0,0,0,0,0,0,0,0,0,31,0.9989,0.0463,4.0034,0.1862,70.0724,3.2948,1.0000,0.0170,3.9820,0.0696,74.8376,1.4566,0.0000,0.0000,1.1652,33.4098,0.0000,0.0000,2.9681,50.3562,37.9314,0.0000,0.0000,0.0000
1795,8236,26,146,0.7937,0.0752,87.3082,199.2060,609298.6875,18.7994,0,0,1,0,2,0,0,0,0,0,0,0,31,0.9989,0.0463,4.0033,0.1862,70.0716,3.2949,1.0000,0.0170,3.9820,0.0696,74.8376,1.4566,0.0000,0.0000,1.1652,33.4094,0.0000,0.0000,2.9681,50.3562,37.9314,0.0000,0.0000,0.0000
1796,8240,26,146,0.7937,0.0752,87.3070,199.2060,609692.1875,18.7994,0,0,0,0,0,0,0,0,0,0,0,0,31,0.9990,0.0463,4.0034,0.1862,70.0716,3.2950,1.0000,0.0170,3.9820,0.0696,74.8376,1.4566,0.0000,0.0000,1.1652,33.4089,0.0000,0.0000,2.9681,50.3562,37.9314,0.0000,0.0000,0.0000
1797,8244,26,146,0.7936,0.0752,87.3060,199.2060,610087.6250,18.7994,0,0,1,0,0,0,0,0,0,0,0,0,31,0.9990,0.0463,4.0034,0.1863,70.0721,3.2947,1.0000,0.0170,3.9820,0.0696,74.8376,1.4566,0.0000,0.0000,1.1652,33.4085,0.0000,0.0000,2.9681,50.3562,37.9314,0.0000,0.0000,0.0000
1798,8244,26,146,0.7936,0.0752,87.3046,199.2060,610487.8125,18.7994,0,0,0,0,1,0,0,0,0,0,0,0,31,0.9990,0.0463,4.0034,0.1863,70.0728,3.2956,1.0000,0.0170,3.9820,0.0696,74.8376,1.4566,0.0000,0.0000,1.1652,33.4080,0.0000,0.0000,2.9681,50.3562,37.9314,0.0000,0.0000,0.0000
1799,8250,26,146,0.7936,0.0752,87.3030,199.2060,610859.5625,18.7994,0,0,0,0,0,0,0,0,0,0,0,0,31,0.9990,0.0463,4.0034,0.1864,70.0724,3.2974,1.0000,0.0170,3.9820,0.0696,74.8376,1.4566,0.0000,0.0000,1.1652,33.4074,0.0000,0.0000,2.9681,50.3562,37.9314,0.0000,0.0000,0.0000
1800,8255,26,143,0.7936,0.0752,85.2410,199.2513,611272.8125,16.6234,0,0,0,0,0,0,0,0,0,0,0,0,31,0.9990,0.0463,4.0034,0.1864,70.0727,3.2975,1.0000,0.0170,3.9820,0.0696,74.8376,1.4566,0.0000,0.0000,1.1323,32.6231,0.0133,0.0000,2.9742,50.3559,37.9279,0.0000,0.0000,0.0000
1801,8258,26,143,0.7935,0.0752,85.2400,199.2513,611665.6250,16.6234,0,0,0,0,1,0,0,0,0,0,0,0,31,0.9990,0.0463,4.0035,0.1864,70.0725,3.2969,1.0000,0.0170,3.9820,0.0696,74.8376,1.4566,0.0000,0.0000,1.1323,32.6227,0.0000,0.0000,2.9742,50.3559,37.9279,0.0000,0.0000,0.0000
1802,8268,26,143,0.7936,0.0752,85.2383,199.2513,612042.3125,16.6234,0,0,0,0,0,0,0,0,0,0,0,0,31,0.9990,0.0464,4.0034,0.1864,70.0731,3.2984,1.0000,0.0170,3.9820,0.0696,74.8376,1.4566,0.0000,0.0000,1.1323,32.6221,0.0000,0.0000,2.9742,50.3559,37.9279,0.0000,0.0000,0.0000
1803,8274,26,143,0.7935,0.0752,85.2372,199.2513,612441.7500,16.6234,0,0,1,0,0,0,0,0,0,0,0,0,31,0.9990,0.0464,4.0034,0.1865,70.0727,3.2982,1.0000,0.0170,3.9820,0.0696,74.8376,1.4566,0.0000,0.0000,1.1323,32.6217,0.0000,0.0000,2.9742,50.3559,37.9279,0.0000,0.0000,0.0000
1804,8282,26,143,0.7935,0.0752,85.2357,199.2513,612824.7500,16.6234,0,0,0,0,0,0,0,0,0,0,0,0,31,0.9990,0.0464,4.0034,0.1865,70.0698,3.3019,1.0000,0.0170,3.9820,0.0696,74.8376,1.4566,0.0000,0.0000,1.1323,32.6211,0.0000,0.0000,2.9742,50.3559,37.9279,0.0000,0.0000,0.0000
1805,8292,26,143,0.7934,0.0752,85.2348,199.2513,613214.3750,16.6234,0,0,0,0,0,0,0,0,0,0,0,0,31,0.9990,0.0464,4.0034,0.1865,70.0696,3.3026,1.0000,0.0170,3.9820,0.0696,74.8376,1.4566,0.0000,0.0000,1.1323,32.6207,0.0000,0.0000,2.9742,50.3559,37.9279,0.0000,0.0000,0.0000
1806,8292,26,143,0.7934,0.0752,85.2336,199.2513,613622.6875,16.6234,0,0,0,0,1,0,0,0,0,0,0,0,31,0.9990,0.0464,4.0034,0.1865,70.0695,3.3026,1.0000,0.0170,3.9820,0.0696,74.8376,1.4566,0.0000,0.0000,1.1323,32.6203,0.0000,0.0000,2.9742,50.3559,37.9279,0.0000,0.0000,0.0000
1807,8296,26,143,0.7933,0.0752,85.2327,199.2513,614017.8750,16.6234,0,0,1,0,0,0,0,0,0,0,0,0,31,0.9990,0.0464,4.0034,0.1865,70.0683,3.3028,1.0000,0.0170,3.9820,0.0696,74.8376,1.4566,0.0000,0.0000,1.1323,32.6199,0.0000,0.0000,2.9742,50.3559,37.9279,0.0000,0.0000,0.0000
1808,8305,26,143,0.7933,0.0751,85.2314,199.2513,614403.0000,16.6234,0,0,0,0,0,0,0,0,0,0,0,0,31,0.9990,0.0464,4.0033,0.1865,70.0701,3.3042,1.0000,0.0170,3.9820,0.0696,74.8376,1.4566,0.0000,0.0000,1.1323,32.6194,0.0000,0.0000,2.9742,50.3559,37.9279,0.0000,0.0000,0.0000
1809,8310,26,143,0.7933,0.0751,85.2299,199.2513,614789.7500,16.6234,0,0,0,0,1,0,0,0,0,0,0,0,31,0.9990,0.0464,4.0034,0.1865,70.0700,3.3041,1.0000,0.0170,3.9820,0.0696,74.8376,1.4566,0.0000,0.0000,1.1323,32.6189,0.0000,0.0000,2.9742,50.3559,37.9279,0.0000,0.0000,0.0000
1810,8312,26,143,0.7933,0.0751,83.3110,199.3019,615105.6875,16.6234,0,0,0,0,3,0,0,0,0,0,0,0,31,0.9990,0.0464,4.0033,0.1865,70.0695,3.3038,1.0000,0.0170,3.9820,0.0696,74.8376,1.4566,0.0000,0.0000,1.1030,31.8879,0.0132,0.0000,2.9789,50.3557,37.9250,0.0000,0.0000,0.0000
1811,8316,26,143,0.7932,0.0751,83.3101,199.3019,615498.3125,16.6234,0,0,0,0,1,0,0,0,0,0,0,0,31,0.9990,0.0464,4.0033,0.1864,70.0709,3.3035,1.0000,0.0170,3.9820,0.0696,74.8376,1.4566,0.0000,0.0000,1.1030,31.8876,0.0000,0.0000,2.9789,50.3557,37.9250,0.0000,0.0000,0.0000
1812,8323,26,143,0.7932,0.0751,83.3085,199.3019,615875.0000,16.6234,0,0,0,0,0,0,0,0,0,0,0,0,31,0.9990,0.0464,4.0033,0.1865,70.0708,3.3037,1.0000,0.0170,3.9820,0.0696,74.8376,1.4566,0.0000,0.0000,1.1030,31.8870,0.0000,0.0000,2.9789,50.3557,37.9250,0.0000,0.0000,0.0000
1813,8325,26,143,0.7932,0.0751,83.3075,199.3019,616259.2500,16.6234,0,0,0,0,0,0,0,0,0,0,0,0,31,0.9990,0.0464,4.0032,0.1865,70.0715,3.3036,1.0000,0.0170,3.9820,0.0696,74.8376,1.4566,0.0000,0.0000,1.1030,31.8866,0.0000,0.0000,2.9789,50.3557,37.9250,0.0000,0.0000,0.0000
1814,8330,26,143,0.7931,0.0751,83.3061,199.3019,616642.1875,16.6234,0,0,0,0,0,0,0,0,0,0,0,0,31,0.9990,0.0464,4.0033,0.1866,70.0722,3.3046,1.0000,0.0170,3.9820,0.0696,74.8376,1.4566,0.0000,0.0000,1.1030,31.8861,0.0000,0.0000,2.9789,50.3557,37.9250,0.0000,0.0000,0.0000
1815,8331,26,143,0.7931,0.0751,83.3053,199.3019,617046.5000,16.6234,0,0,0,0,1,0,0,0,0,0,0,0,31,0.9990,0.0464,4.0033,0.1866,70.0713,3.3046,1.0000,0.0170,3.9820,0.0696,74.8376,1.4566,0.0000,0.0000,1.1030,31.8857,0.0000,0.0000,2.9789,50.3557,37.9250,0.0000,0.0000,0.0000
1816,8335,26,143,0.7930,0.0751,83.3042,199.3019,617439.6250,16.6234,0,0,0,0,0,0,0,0,0,0,0,0,31,0.9990,0.0464,4.0033,0.1867,70.0713,3.3042,1.0000,0.0170,3.9820,0.0696,74.8376,1.4566,0.0000,0.0000,1.1030,31.8853,0.0000,0.0000,2.9789,50.3557,37.9250,0.0000,0.0000,0.0000
1817,8341,27,143,0.7930,0.0751,83.3033,199.3019,617819.5625,16.6234,0,0,0,0,0,0,0,0,0,0,0,0,31,0.9990,0.0464,4.0034,0.1866,70.0708,3.3046,1.0011,0.0175,3.9824,0.0683,74.7182,1.5536,0.0000,0.0000,1.1030,31.8850,0.0000,0.0000,2.9789,50.3557,37.9250,0.0000,0.0000,0.0000
1818,8351,27,143,0.7929,0.0751,83.3021,199.3019,618204.5625,16.6234,0,0,0,0,0,0,0,0,0,0,0,0,31,0.9990,0.0464,4.0034,0.1867,70.0729,3.3052,1.0011,0.0175,3.9824,0.0683,74.7182,1.5536,0.0000,0.0000,1.1030,31.8845,0.0000,0.0000,2.9789,50.3557,37.9250,0.0000,0.0000,0.0000
1819,8357,27,143,0.7929,0.0751,83.3007,199.3019,618576.3125,16.6234,0,0,0,0,0,0,0,0,0,0,0,0,31,0.9990,0.0464,4.0034,0.1866,70.0750,3.3073,1.0011,0.0175,3.9824,0.0683,74.7182,1.5536,0.0000,0.0000,1.1030,31.8840,0.0000,0.0000,2.9789,50.3557,37.9250,0.0000,0.0000,0.0000
1820,8358,27,143,0.7929,0.0751,81.3861,199.3551,618894.3750,16.6234,0,0,1,0,2,0,0,0,0,0,0,0,31,0.9989,0.0464,4.0035,0.1867,70.0769,3.3082,1.0011,0.0175,3.9824,0.0683,74.7182,1.5536,0.0000,0.0000,1.0758,31.1540,0.0132,0.0000,2.9838,50.3555,37.9221,0.0000,0.0000,0.0000
1821,8365,27,143,0.7928,0.0751,81.3853,199.3551,619271.6875,16.6234,0,0,0,0,0,0,0,0,0,0,0,0,31,0.9989,0.0464,4.0034,0.1868,70.0763,3.3079,1.0011,0.0175,3.9824,0.0683,74.7182,1.5536,0.0000,0.0000,1.0758,31.1537,0.0000,0.0000,2.9838,50.3555,37.9221,0.0000,0.0000,0.0000
1822,8370,27,143,0.7928,0.0751,81.3838,199.3551,619678.3125,16.6234,0,0,0,0,2,0,0,0,0,0,0,0,31,0.9989,0.0464,4.0034,0.1868,70.0762,3.3073,1.0011,0.0175,3.9824,0.0683,74.7182,1.5536,0.0000,0.0000,1.0758,31.1532,0.0000,0.0000,2.9838,50.3555,37.9221,0.0000,0.0000,0.0000
1823,8379,27,143,0.7927,0.0751,81.3829,199.3551,620062.3125,16.6234,0,0,0,0,0,0,0,0,0,0,0,0,31,0.9989,0.0464,4.0035,0.1868,70.0772,3.3086,1.0011,0.0175,3.9824,0.0683,74.7182,1.5536,0.0000,0.0000,1.0758,31.1528,0.0000,0.0000,2.9838,50.3555,37.9221,0.0000,0.0000,0.0000
1824,8383,27,143,0.7927,0.0751,81.3817,199.3551,620460.0625,16.6234,0,0,0,0,1,0,0,0,0,0,0,0,31,0.9989,0.0464,4.0034,0.1868,70.0759,3.3084,1.0011,0.0175,3.9824,0.0683,74.7182,1.5536,0.0000,0.0000,1.0758,31.1523,0.0000,0.0000,2.9838,50.3555,37.9221,0.0000,0.0000,0.0000
1825,8385,27,143,0.7926,0.0751,81.3809,199.3551,620864.1250,16.6234,0,0,0,0,1,0,0,0,0,0,0,0,31,0.9989,0.0464,4.0034,0.1869,70.0765,3.3082,1.0011,0.0175,3.9824,0.0683,74.7182,1.5536,0.0000,0.0000,1.0758,31.1520,0.0000,0.0000,2.9838,50.3555,37.9221,0.0000,0.0000,0.0000
1826,8388,27,143,0.7926,0.0750,81.3799,199.3551,621257.0000,16.6234,0,0,0,0,0,0,0,0,0,0,0,0,31,0.9989,0.0464,4.0035,0.1869,70.0777,3.3086,1.0011,0.0175,3.9824,0.0683,74.7182,1.5536,0.0000,0.0000,1.0758,31.1516,0.0000,0.0000,2.9838,50.3555,37.9221,0.0000,0.0000,0.0000
1827,8392,27,143,0.7925,0.0750,81.3791,199.3551,621636.6875,16.6234,0,0,0,0,0,0,0,0,0,0,0,0,31,0.9989,0.0464,4.0034,0.1868,70.0784,3.3091,1.0011,0.0175,3.9824,0.0683,74.7182,1.5536,0.0000,0.0000,1.0758,31.1513,0.0000,0.0000,2.9838,50.3555,37.9221,0.0000,0.0000,0.0000
1828,8396,27,143,0.7925,0.0750,81.3780,199.3551,622036.5000,16.6234,0,0,0,0,1,0,0,0,0,0,0,0,31,0.9989,0.0464,4.0034,0.1868,70.0787,3.3087,1.0011,0.0175,3.9824,0.0683,74.7182,1.5536,0.0000,0.0000,1.0758,31.1509,0.0000,0.0000,2.9838,50.3555,37.9221,0.0000,0.0000,0.0000
1829,8400,27,143,0.7924,0.0750,81.3767,199.3551,622408.1875,16.6234,0,0,0,0,0,0,0,0,0,0,0,0,31,0.9989,0.0464,4.0034,0.1867,70.0777,3.3088,1.0011,0.0175,3.9824,0.0683,74.7182,1.5536,0.0000,0.0000,1.0758,31.1504,0.0000,0.0000,2.9838,50.3555,37.9221,0.0000,0.0000,0.0000
1830,8405,27,143,0.7924,0.0750,79.4664,199.4118,622683.3125,16.6234,0,0,0,0,0,0,0,0,0,0,0,0,31,0.9989,0.0464,4.0035,0.1867,70.0766,3.3095,1.0011,0.0175,3.9824,0.0683,74.7182,1.5536,0.0000,0.0000,1.0502,30.4214,0.0132,0.0000,2.9886,50.3554,37.9193,0.0000,0.0000,0.0000
1831,8408,27,143,0.7923,0.0750,79.4656,199.4118,623075.3125,16.6234,0,0,0,0,1,0,0,0,0,0,0,0,31,0.9989,0.0464,4.0034,0.1867,70.0772,3.3096,1.0011,0.0175,3.9824,0.0683,74.7182,1.5536,0.0000,0.0000,1.0502,30.4211,0.0000,0.0000,2.9886,50.3554,37.9193,0.0000,0.0000,0.0000
1832,8417,27,143,0.7923,0.0750,79.4643,199.4118,623451.8750,16.6234,0,0,0,0,0,0,0,0,0,0,0,0,31,0.9989,0.0464,4.0035,0.1867,70.0806,3.3111,1.0011,0.0175,3.9824,0.0683,74.7182,1.5536,0.0000,0.0000,1.0502,30.4206,0.0000,0.0000,2.9886,50.3554,37.9193,0.0000,0.0000,0.0000
1833,8424,27,143,0.7922,0.0750,79.4634,199.4118,623850.5625,16.6234,0,0,0,0,1,0,0,0,0,0,0,0,31,0.9989,0.0464,4.0035,0.1867,70.0799,3.3118,1.0011,0.0175,3.9824,0.0683,74.7182,1.5536,0.0000,0.0000,1.0502,30.4203,0.0000,0.0000,2.9886,50.3554,37.9193,0.0000,0.0000,0.0000
1834,8430,27,143,0.7922,0.0750,79.4623,199.4118,624248.1250,16.6234,0,0,0,0,1,0,0,0,0,0,0,0,31,0.9989,0.0464,4.0035,0.1868,70.0790,3.3135,1.0011,0.0175,3.9824,0.0683,74.7182,1.5536,0.0000,0.0000,1.0502,30.4198,0.0000,0.0000,2.9886,50.3554,37.9193,0.0000,0.0000,0.0000
1835,8434,27,143,0.7921,0.0750,79.4616,199.4118,624651.9375,16.6234,0,0,0,0,1,0,0,0,0,0,0,0,31,0.9989,0.0464,4.0035,0.1868,70.0787,3.3136,1.0011,0.0175,3.9824,0.0683,74.7182,1.5536,0.0000,0.0000,1.0502,30.4196,0.0000,0.0000,2.9886,50.3554,37.9193,0.0000,0.0000,0.0000
1836,8439,27,143,0.7920,0.0750,79.4607,199.4118,625044.5000,16.6234,0,0,0,0,0,0,0,0,0,0,0,0,31,0.9989,0.0464,4.0036,0.1869,70.0797,3.3140,1.0011,0.0175,3.9824,0.0683,74.7182,1.5536,0.0000,0.0000,1.0502,30.4192,0.0000,0.0000,2.9886,50.3554,37.9193,0.0000,0.0000,0.0000
1837,8446,27,143,0.7919,0.0750,79.4600,199.4118,625423.8750,16.6234,0,0,0,0,0,0,0,0,0,0,0,0,31,0.9989,0.0464,4.0037,0.1869,70.0809,3.3156,1.0011,0.0175,3.9824,0.0683,74.7182,1.5536,0.0000,0.0000,1.0502,30.4190,0.0000,0.0000,2.9886,50.3554,37.9193,0.0000,0.0000,0.0000
1838,8453,27,143,0.7919,0.0750,79.4589,199.4118,625808.4375,16.6234,0,0,0,0,0,0,0,0,0,0,0,0,31,0.9989,0.0464,4.0037,0.1868,70.0856,3.3194,1.0011,0.0175,3.9824,0.0683,74.7182,1.5536,0.0000,0.0000,1.0502,30.4186,0.0000,0.0000,2.9886,50.3554,37.9193,0.0000,0.0000,0.0000
1839,8457,27,143,0.7919,0.0749,79.4578,199.4118,626180.0625,16.6234,0,0,0,0,0,0,0,0,0,0,0,0,31,0.9989,0.0464,4.0036,0.1869,70.0857,3.3208,1.0011,0.0175,3.9824,0.0683,74.7182,1.5536,0.0000,0.0000,1.0502,30.4181,0.0000,0.0000,2.9886,50.3554,37.9193,0.0000,0.0000,0.0000
1840,8462,27,143,0.7918,0.0749,77.5556,199.4702,626457.1875,16.6234,0,0,0,0,0,0,0,0,0,0,0,0,31,0.9989,0.0464,4.0036,0.1869,70.0852,3.3205,1.0011,0.0175,3.9824,0.0683,74.7182,1.5536,0.0000,0.0000,1.0260,29.6911,0.0132,0.0000,2.9935,50.3552,37.9166,0.0000,0.0000,0.0000
1841,8467,27,143,0.7917,0.0749,77.5549,199.4702,626833.8125,16.6234,0,0,0,0,0,0,0,0,0,0,0,0,31,0.9989,0.0464,4.0035,0.1870,70.0848,3.3200,1.0011,0.0175,3.9824,0.0683,74.7182,1.5536,0.0000,0.0000,1.0260,29.6908,0.0000,0.0000,2.9935,50.3552,37.9166,0.0000,0.0000,0.0000
1842,8468,27,143,0.7917,0.0749,77.5537,199.4702,627240.1875,16.6234,0,0,0,0,2,0,0,0,0,0,0,0,31,0.9989,0.0464,4.0035,0.1870,70.0857,3.3191,1.0011,0.0175,3.9824,0.0683,74.7182,1.5536,0.0000,0.0000,1.0260,29.6904,0.0000,0.0000,2.9935,50.3552,37.9166,0.0000,0.0000,0.0000
1843,8471,27,143,0.7916,0.0749,77.5529,199.4702,627638.5000,16.6234,0,0,0,0,1,0,0,0,0,0,0,0,31,0.9989,0.0464,4.0035,0.1870,70.0853,3.3191,1.0011,0.0175,3.9824,0.0683,74.7182,1.5536,0.0000,0.0000,1.0260,29.6901,0.0000,0.0000,2.9935,50.3552,37.9166,0.0000,0.0000,0.0000
1844,8479,27,143,0.7915,0.0749,77.5519,199.4702,628035.8750,16.6234,0,0,0,0,1,0,0,0,0,0,0,0,31,0.9989,0.0464,4.0036,0.1871,70.0828,3.3195,1.0011,0.0175,3.9824,0.0683,74.7182,1.5536,0.0000,0.0000,1.0260,29.6897,0.0000,0.0000,2.9935,50.3552,37.9166,0.0000,0.0000,0.0000
1845,8481,27,143,0.7915,0.0749,77.5512,199.4702,628424.3125,16.6234,0,0,0,0,0,0,0,0,0,0,0,0,31,0.9989,0.0464,4.0036,0.1871,70.0826,3.3193,1.0011,0.0175,3.9824,0.0683,74.7182,1.5536,0.0000,0.0000,1.0260,29.6894,0.0000,0.0000,2.9935,50.3552,37.9166,0.0000,0.0000,0.0000
1846,8482,27,143,0.7914,0.0749,77.5504,199.4702,628831.5000,16.6234,0,0,0,0,1,0,0,0,0,0,0,0,31,0.9989,0.0464,4.0036,0.1871,70.0825,3.3191,1.0011,0.0175,3.9824,0.0683,74.7182,1.5536,0.0000,0.0000,1.0260,29.6891,0.0000,0.0000,2.9935,50.3552,37.9166,0.0000,0.0000,0.0000
1847,8483,27,143,0.7913,0.0749,77.5498,199.4702,629240.5000,16.6234,0,0,0,0,2,0,0,0,0,0,0,0,31,0.9989,0.0464,4.0036,0.1870,70.0813,3.3187,1.0011,0.0175,3.9824,0.0683,74.7182,1.5536,0.0000,0.0000,1.0260,29.6889,0.0000,0.0000,2.9935,50.3552,37.9166,0.0000,0.0000,0.0000
1848,8488,27,143,0.7912,0.0749,77.5488,199.4702,629624.8125,16.6234,0,0,0,0,0,0,0,0,0,0,0,0,31,0.9988,0.0464,4.0035,0.1871,70.0835,3.3191,1.0011,0.0175,3.9824,0.0683,74.7182,1.5536,0.0000,0.0000,1.0260,29.6885,0.0000,0.0000,2.9935,50.3552,37.9166,0.0000,0.0000,0.0000
1849,8495,27,143,0.7912,0.0749,77.5478,199.4702,630026.3125,16.6234,0,0,0,0,2,0,0,0,0,0,0,0,31,0.9988,0.0464,4.0035,0.1871,70.0821,3.3203,1.0011,0.0175,3.9824,0.0683,74.7182,1.5536,0.0000,0.0000,1.0260,29.6881,0.0000,0.0000,2.9935,50.3552,37.9166,0.0000,0.0000,0.0000
1850,8500,27,145,0.7911,0.0749,75.6441,199.5079,630320.4375,16.6234,0,0,0,0,1,0,0,0,0,0,0,0,31,0.9988,0.0464,4.0035,0.1872,70.0832,3.3230,1.0011,0.0175,3.9824,0.0683,74.7182,1.5536,0.0000,0.0000,1.0029,28.9603,0.0132,0.0000,2.9984,50.3549,37.9126,0.0000,0.0000,0.0000
1851,8507,27,145,0.7910,0.0749,75.6435,199.5079,630696.6250,16.6234,0,0,0,0,0,0,0,0,0,0,0,0,31,0.9988,0.0464,4.0036,0.1873,70.0811,3.3233,1.0011,0.0175,3.9824,0.0683,74.7182,1.5536,0.0000,0.0000,1.0029,28.9601,0.0000,0.0000,2.9984,50.3549,37.9126,0.0000,0.0000,0.0000
1852,8512,27,145,0.7910,0.0748,75.6423,199.5079,631072.8125,16.6234,0,0,0,0,0,0,0,0,0,0,0,0,31,0.9988,0.0464,4.0036,0.1873,70.0804,3.3235,1.0011,0.0175,3.9824,0.0683,74.7182,1.5536,0.0000,0.0000,1.0029,28.9596,0.0000,0.0000,2.9984,50.3549,37.9126,0.0000,0.0000,0.0000
1853,8517,27,145,0.7909,0.0748,81.0646,199.5079,631470.7500,16.6234,0,0,0,0,1,0,0,0,0,0,0,0,31,0.9988,0.0464,4.0036,0.1873,70.0798,3.3262,1.0011,0.0175,3.9824,0.0683,74.7182,1.5536,2.7338,0.8499,1.6473,30.9506,0.0000,0.0982,2.9984,50.3549,37.9126,0.0000,0.0002,0.0000
1854,8520,28,145,0.7908,0.0748,81.0634,199.5079,631852.8125,16.6234,0,0,0,0,0,0,0,0,0,0,0,0,31,0.9988,0.0464,4.0036,0.1873,70.0807,3.3266,1.0022,0.0182,3.9805,0.0678,74.5967,1.6510,0.0000,0.0000,1.6473,30.9501,0.0000,0.0000,2.9984,50.3549,37.9126,0.0000,0.0002,0.0000
1855,8526,28,145,0.7908,0.0748,81.0625,199.5079,632255.8125,16.6234,0,0,0,0,1,0,0,0,0,0,0,0,31,0.9988,0.0464,4.0036,0.1872,70.0802,3.3271,1.0022,0.0182,3.9805,0.0678,74.5967,1.6510,0.0000,0.0000,1.6473,30.9498,0.0000,0.0000,2.9984,50.3549,37.9126,0.0000,0.0002,0.0000
1856,8533,28,145,0.7907,0.0748,81.0615,199.5079,632662.5000,16.6234,0,0,1,0,0,0,0,0,0,0,0,0,31,0.9988,0.0464,4.0035,0.1873,70.0802,3.3268,1.0022,0.0182,3.9805,0.0678,74.5967,1.6510,0.0000,0.0000,1.6473,30.9494,0.0000,0.0000,2.9984,50.3549,37.9126,0.0000,0.0002,0.0000
1857,8538,28,145,0.7907,0.0748,81.0607,199.5079,633041.0625,16.6234,0,0,0,0,0,0,0,0,0,0,0,0,31,0.9988,0.0464,4.0036,0.1873,70.0810,3.3265,1.0022,0.0182,3.9805,0.0678,74.5967,1.6510,0.0000,0.0000,1.6473,30.9492,0.0000,0.0000,2.9984,50.3549,37.9126,0.0000,0.0002,0.0000
1858,8541,28,145,0.7906,0.0748,81.0595,199.5079,633440.0625,16.6234,0,0,0,0,1,0,0,0,0,0,0,0,31,0.9988,0.0464,4.0036,0.1873,70.0817,3.3264,1.0022,0.0182,3.9805,0.0678,74.5967,1.6510,0.0000,0.0000,1.6473,30.9487,0.0000,0.0000,2.9984,50.3549,37.9126,0.0000,0.0002,0.0000
1859,8547,28,145,0.7906,0.0748,81.0583,199.5079,633841.3125,16.6234,0,0,0,0,2,0,0,0,0,0,0,0,31,0.9988,0.0464,4.0037,0.1873,70.0828,3.3282,1.0022,0.0182,3.9805,0.0678,74.5967,1.6510,0.0000,0.0000,1.6473,30.9483,0.0000,0.0000,2.9984,50.3549,37.9126,0.0000,0.0002,0.0000
1860,8555,28,145,0.7905,0.0748,79.0754,199.5540,634114.3125,16.6234,0,0,0,0,0,0,0,0,0,0,0,0,31,0.9988,0.0464,4.0038,0.1877,70.0848,3.3298,1.0022,0.0182,3.9805,0.0678,74.5967,1.6510,0.0000,0.0000,1.5010,30.1847,0.0353,0.0000,3.0029,50.3545,37.9098,0.0003,0.0002,0.0000
1861,8560,28,145,0.7905,0.0748,79.0746,199.5540,634505.0625,16.6234,0,0,0,0,1,0,0,0,0,0,0,0,31,0.9988,0.0464,4.0039,0.1878,70.0870,3.3306,1.0022,0.0182,3.9805,0.0678,74.5967,1.6510,0.0000,0.0000,1.5010,30.1844,0.0000,0.0000,3.0029,50.3545,37.9098,0.0003,0.0002,0.0000
1862,8565,28,145,0.7904,0.0748,79.0732,199.5540,634910.9375,16.6234,0,0,0,0,2,0,0,0,0,0,0,0,31,0.9988,0.0464,4.0039,0.1878,70.0895,3.3320,1.0022,0.0182,3.9805,0.0678,74.5967,1.6510,0.0000,0.0000,1.5010,30.1838,0.0000,0.0000,3.0029,50.3545,37.9098,0.0003,0.0002,0.0000
1863,8567,28,145,0.7904,0.0748,79.0724,199.5540,635323.4375,16.6234,0,0,1,0,1,0,0,0,0,0,0,0,31,0.9988,0.0464,4.0039,0.1877,70.0901,3.3325,1.0022,0.0182,3.9805,0.0678,74.5967,1.6510,0.0000,0.0000,1.5010,30.1835,0.0000,0.0000,3.0029,50.3545,37.9098,0.0003,0.0002,0.0000
1864,8574,28,145,0.7903,0.0748,79.0712,199.5540,635735.3125,16.6234,0,0,0,0,2,0,0,0,0,0,0,0,31,0.9988,0.0464,4.0040,0.1878,70.0915,3.3318,1.0022,0.0182,3.9805,0.0678,74.5967,1.6510,0.0000,0.0000,1.5010,30.1831,0.0000,0.0000,3.0029,50.3545,37.9098,0.0003,0.0002,0.0000
1865,8576,28,145,0.7902,0.0748,79.0705,199.5540,636168.0000,16.6234,0,0,0,0,3,0,0,0,0,0,0,0,31,0.9988,0.0464,4.0039,0.1878,70.0898,3.3310,1.0022,0.0182,3.9805,0.0678,74.5967,1.6510,0.0000,0.0000,1.5010,30.1828,0.0000,0.0000,3.0029,50.3545,37.9098,0.0003,0.0002,0.0000
1866,8585,28,145,0.7901,0.0748,79.0695,199.5540,636574.3750,16.6234,0,0,0,0,1,0,0,0,0,0,0,0,31,0.9988,0.0464,4.0038,0.1878,70.0921,3.3312,1.0022,0.0182,3.9805,0.0678,74.5967,1.6510,0.0000,0.0000,1.5010,30.1825,0.0000,0.0000,3.0029,50.3545,37.9098,0.0003,0.0002,0.0000
1867,8589,28,145,0.7901,0.0747,79.0688,199.5540,636982.6250,16.6234,0,0,0,0,2,0,0,0,0,0,0,0,31,0.9988,0.0464,4.0039,0.1879,70.0930,3.3336,1.0022,0.0182,3.9805,0.0678,74.5967,1.6510,0.0000,0.0000,1.5010,30.1822,0.0000,0.0000,3.0029,50.3545,37.9098,0.0003,0.0002,0.0000
1868,8592,28,145,0.7900,0.0747,79.0677,199.5540,637381.3125,16.6234,0,0,0,0,1,0,0,0,0,0,0,0,31,0.9988,0.0464,4.0038,0.1879,70.0943,3.3341,1.0022,0.0182,3.9805,0.0678,74.5967,1.6510,0.0000,0.0000,1.5010,30.1818,0.0000,0.0000,3.0029,50.3545,37.9098,0.0003,0.0002,0.0000
1869,8601,28,145,0.7900,0.0747,79.0665,199.5540,637767.2500,16.6234,0,0,0,0,1,0,0,0,0,0,0,0,31,0.9988,0.0464,4.0039,0.1879,70.0951,3.3367,1.0022,0.0182,3.9805,0.0678,74.5967,1.6510,0.0000,0.0000,1.5010,30.1814,0.0000,0.0000,3.0029,50.3545,37.9098,0.0003,0.0002,0.0000
1870,8606,28,145,0.7899,0.0747,77.0163,199.6125,638042.5625,16.6234,0,0,0,0,0,0,0,0,0,0,0,0,31,0.9988,0.0464,4.0039,0.1879,70.0956,3.3362,1.0022,0.0182,3.9805,0.0678,74.5967,1.6510,0.0000,0.0000,1.4045,29.4205,0.0153,0.0000,3.0078,50.3543,37.9071,0.0000,0.0002,0.0000
1871,8613,28,145,0.7898,0.0747,77.0156,199.6125,638432.9375,16.6234,0,0,0,0,1,0,0,0,0,0,0,0,31,0.9988,0.0464,4.0039,0.1879,70.0943,3.3351,1.0022,0.0182,3.9805,0.0678,74.5967,1.6510,0.0000,0.0000,1.4045,29.4202,0.0000,0.0000,3.0078,50.3543,37.9071,0.0000,0.0002,0.0000
1872,8620,28,145,0.7898,0.0747,77.0144,199.6125,638808.6875,16.6234,0,0,0,0,0,0,0,0,0,0,0,0,31,0.9988,0.0464,4.0039,0.1879,70.0952,3.3355,1.0022,0.0182,3.9805,0.0678,74.5967,1.6510,0.0000,0.0000,1.4045,29.4197,0.0000,0.0000,3.0078,50.3543,37.9071,0.0000,0.0002,0.0000
1873,8624,28,145,0.7897,0.0747,77.0136,199.6125,639190.8125,16.6234,0,0,0,0,0,0,0,0,0,0,0,0,31,0.9988,0.0464,4.0039,0.1879,70.0938,3.3357,1.0022,0.0182,3.9805,0.0678,74.5967,1.6510,0.0000,0.0000,1.4045,29.4195,0.0000,0.0000,3.0078,50.3543,37.9071,0.0000,0.0002,0.0000
1874,8625,28,145,0.7896,0.0747,77.0126,199.6125,639587.4375,16.6234,0,0,0,0,1,0,0,0,0,0,0,0,31,0.9989,0.0464,4.0039,0.1879,70.0932,3.3357,1.0022,0.0182,3.9805,0.0678,74.5967,1.6510,0.0000,0.0000,1.4045,29.4191,0.0000,0.0000,3.0078,50.3543,37.9071,0.0000,0.0002,0.0000
1875,8630,28,145,0.7895,0.0747,77.0120,199.6125,639974.7500,16.6234,0,0,0,0,0,0,0,0,0,0,0,0,31,0.9989,0.0465,4.0040,0.1879,70.0936,3.3365,1.0022,0.0182,3.9805,0.0678,74.5967,1.6510,0.0000,0.0000,1.4045,29.4189,0.0000,0.0000,3.0078,50.3543,37.9071,0.0000,0.0002,0.0000
1876,8637,28,145,0.7895,0.0747,77.0111,199.6125,640380.8125,16.6234,0,0,0,0,1,0,0,0,0,0,0,0,31,0.9989,0.0465,4.0039,0.1879,70.0928,3.3372,1.0022,0.0182,3.9805,0.0678,74.5967,1.6510,0.0000,0.0000,1.4045,29.4185,0.0000,0.0000,3.0078,50.3543,37.9071,0.0000,0.0002,0.0000
1877,8641,28,145,0.7894,0.0747,77.0105,199.6125,640788.6250,16.6234,0,0,2,0,0,0,0,0,0,0,0,0,31,0.9988,0.0465,4.0038,0.1880,70.0923,3.3370,1.0022,0.0182,3.9805,0.0678,74.5967,1.6510,0.0000,0.0000,1.4045,29.4183,0.0000,0.0000,3.0078,50.3543,37.9071,0.0000,0.0002,0.0000
1878,8642,28,145,0.7893,0.0746,77.0096,199.6125,641217.0000,16.6234,0,0,0,0,3,0,0,0,0,0,0,0,31,0.9989,0.0465,4.0038,0.1880,70.0924,3.3386,1.0022,0.0182,3.9805,0.0678,74.5967,1.6510,0.0000,0.0000,1.4045,29.4180,0.0000,0.0000,3.0078,50.3543,37.9071,0.0000,0.0002,0.0000
1879,8640,28,145,0.7893,0.0746,77.0085,199.6125,641677.7500,16.6234,0,0,2,0,4,0,0,0,0,0,0,0,31,0.9989,0.0465,4.0037,0.1880,70.0928,3.3393,1.0022,0.0182,3.9805,0.0678,74.5967,1.6510,0.0000,0.0000,1.4045,29.4176,0.0000,0.0000,3.0078,50.3543,37.9071,0.0000,0.0002,0.0000
1880,8644,28,145,0.7892,0.0746,75.0879,199.6743,641985.1875,16.6234,0,0,0,0,2,0,0,0,0,0,0,0,31,0.9989,0.0465,4.0037,0.1881,70.0933,3.3389,1.0022,0.0182,3.9805,0.0678,74.5967,1.6510,0.0000,0.0000,1.3317,28.6870,0.0139,0.0000,3.0128,50.3541,37.9046,0.0000,0.0002,0.0000
1881,8645,28,145,0.7891,0.0746,75.0873,199.6743,642420.1250,16.6234,0,0,0,0,4,0,0,0,0,0,0,0,31,0.9989,0.0465,4.0036,0.1882,70.0922,3.3383,1.0022,0.0182,3.9805,0.0678,74.5967,1.6510,0.0000,0.0000,1.3317,28.6868,0.0000,0.0000,3.0128,50.3541,37.9046,0.0000,0.0002,0.0000
1882,8654,28,145,0.7891,0.0746,76.5770,199.6743,642795.6250,16.6234,0,0,0,0,0,0,0,0,0,0,0,0,31,0.9988,0.0465,4.0037,0.1882,70.0925,3.3388,1.0022,0.0182,3.9805,0.0678,74.5967,1.6510,0.7517,0.2185,1.5185,29.2432,0.0000,0.0081,3.0128,50.3541,37.9046,0.0000,0.0000,0.0000
1883,8660,28,145,0.7890,0.0746,76.5762,199.6743,643207.3750,16.6234,0,0,2,0,0,0,0,0,0,0,0,0,31,0.9989,0.0465,4.0037,0.1882,70.0915,3.3395,1.0022,0.0182,3.9805,0.0678,74.5967,1.6510,0.0000,0.0000,1.5185,29.2429,0.0000,0.0000,3.0128,50.3541,37.9046,0.0000,0.0000,0.0000
1884,8669,28,145,0.7889,0.0746,76.5752,199.6743,643618.6250,16.6234,0,0,1,0,1,0,0,0,0,0,0,0,31,0.9989,0.0466,4.0038,0.1882,70.0903,3.3395,1.0022,0.0182,3.9805,0.0678,74.5967,1.6510,0.0000,0.0000,1.5185,29.2425,0.0000,0.0000,3.0128,50.3541,37.9046,0.0000,0.0000,0.0000
1885,8671,28,145,0.7888,0.0746,76.5746,199.6743,644035.5000,16.6234,0,0,0,0,2,0,0,0,0,0,0,0,31,0.9989,0.0466,4.0038,0.1882,70.0898,3.3407,1.0022,0.0182,3.9805,0.0678,74.5967,1.6510,0.0000,0.0000,1.5185,29.2423,0.0000,0.0000,3.0128,50.3541,37.9046,0.0000,0.0000,0.0000
1886,8674,28,145,0.7887,0.0746,76.5737,199.6743,644471.1875,16.6234,0,0,1,0,2,0,0,0,0,0,0,0,31,0.9989,0.0467,4.0037,0.1882,70.0910,3.3405,1.0022,0.0182,3.9805,0.0678,74.5967,1.6510,0.0000,0.0000,1.5185,29.2420,0.0000,0.0000,3.0128,50.3541,37.9046,0.0000,0.0000,0.0000
1887,8680,28,145,0.7886,0.0746,76.5731,199.6743,644878.5625,16.6234,0,0,0,0,2,0,0,0,0,0,0,0,31,0.9989,0.0467,4.0038,0.1883,70.0915,3.3407,1.0022,0.0182,3.9805,0.0678,74.5967,1.6510,0.0000,0.0000,1.5185,29.2418,0.0000,0.0000,3.0128,50.3541,37.9046,0.0000,0.0000,0.0000
1888,8687,28,145,0.7886,0.0746,76.5722,199.6743,645276.5625,16.6234,0,0,0,0,1,0,0,0,0,0,0,0,31,0.9989,0.0467,4.0039,0.1884,70.0911,3.3419,1.0022,0.0182,3.9805,0.0678,74.5967,1.6510,0.0000,0.0000,1.5185,29.2414,0.0000,0.0000,3.0128,50.3541,37.9046,0.0000,0.0000,0.0000
1889,8691,28,145,0.7885,0.0746,76.5712,199.6743,645662.0625,16.6234,0,0,0,0,1,0,0,0,0,0,0,0,31,0.9989,0.0466,4.0038,0.1883,70.0925,3.3429,1.0022,0.0182,3.9805,0.0678,74.5967,1.6510,0.0000,0.0000,1.5185,29.2410,0.0000,0.0000,3.0128,50.3541,37.9046,0.0000,0.0000,0.0000
1890,8695,28,145,0.7884,0.0745,74.5729,199.7301,645954.3125,16.6234,0,0,0,0,1,0,0,0,0,0,0,0,31,0.9989,0.0466,4.0038,0.1883,70.0930,3.3432,1.0022,0.0182,3.9805,0.0678,74.5967,1.6510,0.0000,0.0000,1.4168,28.4748,0.0314,0.0000,3.0178,50.3540,37.9019,0.0001,0.0000,0.0000
1891,8702,28,145,0.7883,0.0745,74.5723,199.7301,646358.7500,16.6234,0,0,0,0,2,0,0,0,0,0,0,0,31,0.9989,0.0467,4.0039,0.1882,70.0949,3.3449,1.0022,0.0182,3.9805,0.0678,74.5967,1.6510,0.0000,0.0000,1.4168,28.4746,0.0000,0.0000,3.0178,50.3540,37.9019,0.0001,0.0000,0.0000
1892,8709,28,145,0.7883,0.0745,74.5712,199.7301,646733.9375,16.6234,0,0,0,0,0,0,0,0,0,0,0,0,31,0.9989,0.0467,4.0040,0.1882,70.0964,3.3462,1.0022,0.0182,3.9805,0.0678,74.5967,1.6510,0.0000,0.0000,1.4168,28.4742,0.0000,0.0000,3.0178,50.3540,37.9019,0.0001,0.0000,0.0000
1893,8718,28,145,0.7882,0.0745,74.5706,199.7301,647130.1875,16.6234,0,0,1,0,0,0,0,0,0,0,0,0,31,0.9988,0.0467,4.0039,0.1882,70.0962,3.3476,1.0022,0.0182,3.9805,0.0678,74.5967,1.6510,0.0000,0.0000,1.4168,28.4740,0.0000,0.0000,3.0178,50.3540,37.9019,0.0001,0.0000,0.0000
1894,8725,28,145,0.7881,0.0745,74.5697,199.7301,647511.1250,16.6234,0,0,0,0,0,0,0,0,0,0,0,0,31,0.9989,0.0467,4.0039,0.1883,70.0982,3.3488,1.0022,0.0182,3.9805,0.0678,74.5967,1.6510,0.0000,0.0000,1.4168,28.4736,0.0000,0.0000,3.0178,50.3540,37.9019,0.0001,0.0000,0.0000
1895,8724,28,145,0.7880,0.0745,74.5692,199.7301,647942.5625,16.6234,0,0,0,0,3,0,0,0,0,0,0,0,31,0.9989,0.0467,4.0039,0.1883,70.0994,3.3497,1.0022,0.0182,3.9805,0.0678,74.5967,1.6510,0.0000,0.0000,1.4168,28.4734,0.0000,0.0000,3.0178,50.3540,37.9019,0.0001,0.0000,0.0000
1896,8733,28,145,0.7879,0.0745,74.5685,199.7301,648362.8125,16.6234,0,0,0,0,2,0,0,0,0,0,0,0,31,0.9989,0.0467,4.0040,0.1883,70.1016,3.3493,1.0022,0.0182,3.9805,0.0678,74.5967,1.6510,0.0000,0.0000,1.4168,28.4732,0.0000,0.0000,3.0178,50.3540,37.9019,0.0001,0.0000,0.0000
1897,8738,28,145,0.7878,0.0745,74.5680,199.7301,648754.6875,16.6234,0,0,1,0,0,0,0,0,0,0,0,0,31,0.9989,0.0467,4.0040,0.1884,70.1005,3.3494,1.0022,0.0182,3.9805,0.0678,74.5967,1.6510,0.0000,0.0000,1.4168,28.4730,0.0000,0.0000,3.0178,50.3540,37.9019,0.0001,0.0000,0.0000
1898,8743,28,145,0.7877,0.0745,74.5672,199.7301,649167.3125,16.6234,0,0,1,0,1,0,0,0,0,0,0,0,31,0.9989,0.0467,4.0040,0.1884,70.0998,3.3492,1.0022,0.0182,3.9805,0.0678,74.5967,1.6510,0.0000,0.0000,1.4168,28.4727,0.0000,0.0000,3.0178,50.3540,37.9019,0.0001,0.0000,0.0000
1899,8752,28,145,0.7876,0.0745,74.5663,199.7301,649537.5625,16.6234,0,0,0,0,0,0,0,0,0,0,0,0,31,0.9989,0.0467,4.0040,0.1884,70.1004,3.3490,1.0022,0.0182,3.9805,0.0678,74.5967,1.6510,0.0000,0.0000,1.4168,28.4723,0.0000,0.0000,3.0178,50.3540,37.9019,0.0001,0.0000,0.0000
1900,8759,28,123,0.7875,0.0745,72.6727,199.7683,650726.8125,14.3378,0,0,0,0,2,0,0,0,0,0,0,0,31,0.9989,0.0467,4.0040,0.1883,70.0990,3.3502,1.0022,0.0182,3.9805,0.0678,74.5967,1.6510,0.0000,0.0000,1.3456,27.7483,0.0175,0.0000,3.0227,50.3537,37.8980,0.0000,0.0000,0.0000
1901,8768,28,123,0.7874,0.0744,72.6722,199.7683,651100.7500,14.3378,0,0,0,0,0,0,0,0,0,0,0,0,31,0.9989,0.0467,4.0041,0.1884,70.0987,3.3501,1.0022,0.0182,3.9805,0.0678,74.5967,1.6510,0.0000,0.0000,1.3456,27.7480,0.0000,0.0000,3.0227,50.3537,37.8980,0.0000,0.0000,0.0000
1902,8775,28,123,0.7874,0.0744,72.6712,199.7683,651505.5000,14.3378,0,0,1,0,1,0,0,0,0,0,0,0,31,0.9989,0.0467,4.0042,0.1883,70.0993,3.3508,1.0022,0.0182,3.9805,0.0678,74.5967,1.6510,0.0000,0.0000,1.3456,27.7477,0.0000,0.0000,3.0227,50.3537,37.8980,0.0000,0.0000,0.0000
1903,8780,28,123,0.7872,0.0744,72.6707,199.7683,651916.2500,14.3378,0,0,0,0,2,0,0,0,0,0,0,0,31,0.9989,0.0468,4.0042,0.1883,70.0993,3.3504,1.0022,0.0182,3.9805,0.0678,74.5967,1.6510,0.0000,0.0000,1.3456,27.7475,0.0000,0.0000,3.0227,50.3537,37.8980,0.0000,0.0000,0.0000
1904,8782,28,123,0.7871,0.0744,72.6699,199.7683,652311.8125,14.3378,0,0,0,0,1,0,0,0,0,0,0,0,31,0.9989,0.0468,4.0041,0.1882,70.0989,3.3510,1.0022,0.0182,3.9805,0.0678,74.5967,1.6510,0.0000,0.0000,1.3456,27.7472,0.0000,0.0000,3.0227,50.3537,37.8980,0.0000,0.0000,0.0000
1905,8786,28,123,0.7870,0.0744,72.6694,199.7683,652712.7500,14.3378,0,0,0,0,1,0,0,0,0,0,0,0,31,0.9989,0.0467,4.0042,0.1882,70.0981,3.3508,1.0022,0.0182,3.9805,0.0678,74.5967,1.6510,0.0000,0.0000,1.3456,27.7470,0.0000,0.0000,3.0227,50.3537,37.8980,0.0000,0.0000,0.0000
1906,8792,28,123,0.7869,0.0744,72.6688,199.7683,653102.4375,14.3378,0,0,0,0,0,0,0,0,0,0,0,0,31,0.9989,0.0467,4.0042,0.1883,70.0980,3.3509,1.0022,0.0182,3.9805,0.0678,74.5967,1.6510,0.0000,0.0000,1.3456,27.7468,0.0000,0.0000,3.0227,50.3537,37.8980,0.0000,0.0000,0.0000
1907,8801,28,123,0.7868,0.0744,82.3518,199.7683,653478.8125,14.3378,0,0,0,0,0,0,0,0,0,0,0,0,31,0.9989,0.0468,4.0041,0.1884,70.0987,3.3505,1.0022,0.0182,3.9805,0.0678,74.5967,1.6510,5.0703,1.6859,1.9033,31.4785,0.0000,0.7807,3.0227,50.3537,37.8980,0.0000,0.0015,0.0000
1908,8808,28,123,0.7868,0.0744,82.3506,199.7683,653861.0000,14.3378,0,0,0,0,0,0,0,0,0,0,0,0,31,0.9989,0.0468,4.0042,0.1884,70.1005,3.3511,1.0022,0.0182,3.9805,0.0678,74.5967,1.6510,0.0000,0.0000,1.9033,31.4780,0.0000,0.0000,3.0227,50.3537,37.8980,0.0000,0.0015,0.0000
1909,8814,28,123,0.7868,0.0743,82.3494,199.7683,654260.9375,14.3378,0,0,2,0,0,0,0,0,0,0,0,0,31,0.9989,0.0468,4.0041,0.1884,70.1036,3.3541,1.0022,0.0182,3.9805,0.0678,74.5967,1.6510,0.0000,0.0000,1.9033,31.4775,0.0000,0.0000,3.0227,50.3537,37.8980,0.0000,0.0015,0.0000
1910,8821,28,123,0.7867,0.0743,80.5792,199.7158,654542.7500,14.3378,0,0,0,0,0,0,0,0,0,0,0,0,31,0.9988,0.0468,4.0041,0.1885,70.1021,3.3550,1.0022,0.0182,3.9805,0.0678,74.5967,1.6510,0.0000,0.0000,1.7021,30.6340,0.2312,0.0000,3.0215,50.3520,37.8929,0.0051,0.0015,0.0000
1911,8824,28,123,0.7867,0.0743,80.5783,199.7158,654931.0625,14.3378,0,0,0,0,1,0,0,0,0,0,0,0,31,0.9988,0.0468,4.0040,0.1885,70.1021,3.3548,1.0022,0.0182,3.9805,0.0678,74.5967,1.6510,0.0000,0.0000,1.7021,30.6336,0.0000,0.0000,3.0215,50.3520,37.8929,0.0051,0.0015,0.0000
1912,8827,28,123,0.7866,0.0743,82.2871,199.7158,655305.4375,14.3378,0,0,0,0,0,0,0,0,0,0,0,0,31,0.9988,0.0468,4.0040,0.1885,70.1023,3.3546,1.0022,0.0182,3.9805,0.0678,74.5967,1.6510,0.9142,0.2831,1.8237,31.3487,0.0000,0.0771,3.0215,50.3520,37.8929,0.0051,0.0001,0.0000
1913,8831,28,123,0.7866,0.0743,82.2861,199.7158,655685.5625,14.3378,0,0,0,0,0,0,0,0,0,0,0,0,31,0.9988,0.0468,4.0039,0.1885,70.1021,3.3555,1.0022,0.0182,3.9805,0.0678,74.5967,1.6510,0.0000,0.0000,1.8237,31.3483,0.0000,0.0000,3.0215,50.3520,37.8929,0.0051,0.0001,0.0000
1914,8835,28,123,0.7865,0.0743,82.2849,199.7158,656080.6250,14.3378,0,0,0,0,1,0,0,0,0,0,0,0,31,0.9989,0.0468,4.0039,0.1885,70.1020,3.3556,1.0022,0.0182,3.9805,0.0678,74.5967,1.6510,0.0000,0.0000,1.8237,31.3479,0.0000,0.0000,3.0215,50.3520,37.8929,0.0051,0.0001,0.0000
1915,8837,28,123,0.7864,0.0743,82.2840,199.7158,656481.0000,14.3378,0,0,0,0,1,0,0,0,0,0,0,0,31,0.9989,0.0468,4.0039,0.1885,70.1015,3.3554,1.0022,0.0182,3.9805,0.0678,74.5967,1.6510,0.0000,0.0000,1.8237,31.3475,0.0000,0.0000,3.0215,50.3520,37.8929,0.0051,0.0001,0.0000
1916,8840,28,123,0.7864,0.0743,82.2829,199.7158,656900.2500,14.3378,0,0,0,0,2,0,0,0,0,0,0,0,31,0.9989,0.0468,4.0039,0.1885,70.1009,3.3560,1.0022,0.0182,3.9805,0.0678,74.5967,1.6510,0.0000,0.0000,1.8237,31.3471,0.0000,0.0000,3.0215,50.3520,37.8929,0.0051,0.0001,0.0000
1917,8843,28,123,0.7863,0.0743,82.2820,199.7158,657275.9375,14.3378,0,0,0,0,0,0,0,0,0,0,0,0,31,0.9989,0.0469,4.0039,0.1885,70.1003,3.3559,1.0022,0.0182,3.9805,0.0678,74.5967,1.6510,0.0000,0.0000,1.8237,31.3468,0.0000,0.0000,3.0215,50.3520,37.8929,0.0051,0.0001,0.0000
1918,8849,28,123,0.7863,0.0743,82.2809,199.7158,657672.9375,14.3378,0,0,0,0,1,0,0,0,0,0,0,0,31,0.9988,0.0469,4.0039,0.1886,70.1005,3.3561,1.0022,0.0182,3.9805,0.0678,74.5967,1.6510,0.0000,0.0000,1.8237,31.3464,0.0000,0.0000,3.0215,50.3520,37.8929,0.0051,0.0001,0.0000
1919,8855,28,123,0.7863,0.0743,82.2797,199.7158,658072.7500,14.3378,0,0,0,0,2,0,0,0,0,0,0,0,31,0.9988,0.0469,4.0039,0.1887,70.0988,3.3575,1.0022,0.0182,3.9805,0.0678,74.5967,1.6510,0.0000,0.0000,1.8237,31.3459,0.0000,0.0000,3.0215,50.3520,37.8929,0.0051,0.0001,0.0000
1920,8856,28,123,0.7862,0.0743,80.3671,199.7120,658383.9375,14.3378,0,0,0,0,2,0,0,0,0,0,0,0,31,0.9988,0.0469,4.0040,0.1886,70.0983,3.3590,1.0022,0.0182,3.9805,0.0678,74.5967,1.6510,0.0000,0.0000,1.6901,30.5438,0.1235,0.0000,3.0232,50.3517,37.8880,0.0018,0.0001,0.0000
1921,8857,28,123,0.7862,0.0742,80.3662,199.7120,658801.9375,14.3378,0,0,0,0,3,0,0,0,0,0,0,0,31,0.9988,0.0469,4.0040,0.1886,70.0981,3.3581,1.0022,0.0182,3.9805,0.0678,74.5967,1.6510,0.0000,0.0000,1.6901,30.5435,0.0000,0.0000,3.0232,50.3517,37.8880,0.0018,0.0001,0.0000
1922,8866,28,123,0.7861,0.0742,80.3648,199.7120,659176.1250,14.3378,0,0,0,0,0,0,0,0,0,0,0,0,31,0.9988,0.0469,4.0040,0.1886,70.1006,3.3593,1.0022,0.0182,3.9805,0.0678,74.5967,1.6510,0.0000,0.0000,1.6901,30.5430,0.0000,0.0000,3.0232,50.3517,37.8880,0.0018,0.0001,0.0000
1923,8871,28,123,0.7861,0.0742,80.3639,199.7120,659570.8750,14.3378,0,0,0,0,1,0,0,0,0,0,0,0,31,0.9988,0.0469,4.0040,0.1886,70.1016,3.3597,1.0022,0.0182,3.9805,0.0678,74.5967,1.6510,0.0000,0.0000,1.6901,30.5427,0.0000,0.0000,3.0232,50.3517,37.8880,0.0018,0.0001,0.0000
1924,8877,28,123,0.7860,0.0742,80.3628,199.7120,659965.8125,14.3378,0,0,0,0,1,0,0,0,0,0,0,0,31,0.9988,0.0469,4.0041,0.1886,70.1007,3.3593,1.0022,0.0182,3.9805,0.0678,74.5967,1.6510,0.0000,0.0000,1.6901,30.5423,0.0000,0.0000,3.0232,50.3517,37.8880,0.0018,0.0001,0.0000
1925,8883,28,123,0.7860,0.0742,80.3620,199.7120,660365.9375,14.3378,0,0,0,0,1,0,0,0,0,0,0,0,31,0.9988,0.0469,4.0042,0.1886,70.1033,3.3605,1.0022,0.0182,3.9805,0.0678,74.5967,1.6510,0.0000,0.0000,1.6901,30.5420,0.0000,0.0000,3.0232,50.3517,37.8880,0.0018,0.0001,0.0000
1926,8889,28,123,0.7859,0.0742,80.3609,199.7120,660769.8125,14.3378,0,0,0,0,1,0,0,0,0,0,0,0,31,0.9988,0.0469,4.0043,0.1886,70.1046,3.3611,1.0022,0.0182,3.9805,0.0678,74.5967,1.6510,0.0000,0.0000,1.6901,30.5416,0.0000,0.0000,3.0232,50.3517,37.8880,0.0018,0.0001,0.0000
1927,8891,28,123,0.7859,0.0742,80.3601,199.7120,661175.1875,14.3378,0,0,0,0,2,0,0,0,0,0,0,0,31,0.9988,0.0469,4.0043,0.1885,70.1061,3.3618,1.0022,0.0182,3.9805,0.0678,74.5967,1.6510,0.0000,0.0000,1.6901,30.5413,0.0000,0.0000,3.0232,50.3517,37.8880,0.0018,0.0001,0.0000
1928,8890,28,123,0.7858,0.0742,80.3590,199.7120,661632.0000,14.3378,0,0,1,0,4,0,0,0,0,0,0,0,31,0.9988,0.0470,4.0043,0.1885,70.1051,3.3623,1.0022,0.0182,3.9805,0.0678,74.5967,1.6510,0.0000,0.0000,1.6901,30.5409,0.0000,0.0000,3.0232,50.3517,37.8880,0.0018,0.0001,0.0000
1929,8892,28,123,0.7858,0.0742,80.3579,199.7120,662001.6250,14.3378,0,0,0,0,0,0,0,0,0,0,0,0,31,0.9988,0.0470,4.0043,0.1885,70.1053,3.3619,1.0022,0.0182,3.9805,0.0678,74.5967,1.6510,0.0000,0.0000,1.6901,30.5405,0.0000,0.0000,3.0232,50.3517,37.8880,0.0018,0.0001,0.0000
1930,8895,28,123,0.7857,0.0742,78.4411,199.7514,662284.8125,14.3378,0,0,0,0,0,0,0,0,0,0,0,0,31,0.9988,0.0469,4.0043,0.1885,70.1057,3.3616,1.0022,0.0182,3.9805,0.0678,74.5967,1.6510,0.0000,0.0000,1.5667,29.8321,0.0318,0.0000,3.0268,50.3514,37.8843,0.0001,0.0001,0.0000
1931,8902,28,123,0.7857,0.0741,78.4404,199.7514,662687.5000,14.3378,0,0,0,0,2,0,0,0,0,0,0,0,31,0.9988,0.0470,4.0043,0.1885,70.1043,3.3622,1.0022,0.0182,3.9805,0.0678,74.5967,1.6510,0.0000,0.0000,1.5667,29.8319,0.0000,0.0000,3.0268,50.3514,37.8843,0.0001,0.0001,0.0000
1932,8906,28,123,0.7856,0.0741,78.4391,199.7514,663076.4375,14.3378,0,0,0,0,1,0,0,0,0,0,0,0,31,0.9988,0.0470,4.0044,0.1885,70.1045,3.3614,1.0022,0.0182,3.9805,0.0678,74.5967,1.6510,0.0000,0.0000,1.5667,29.8314,0.0000,0.0000,3.0268,50.3514,37.8843,0.0001,0.0001,0.0000
1933,8913,28,123,0.7855,0.0741,78.4384,199.7514,663455.8125,14.3378,0,0,0,0,0,0,0,0,0,0,0,0,31,0.9988,0.0470,4.0044,0.1886,70.1068,3.3626,1.0022,0.0182,3.9805,0.0678,74.5967,1.6510,0.0000,0.0000,1.5667,29.8311,0.0000,0.0000,3.0268,50.3514,37.8843,0.0001,0.0001,0.0000
1934,8921,28,123,0.7855,0.0742,78.4373,199.7514,663835.5625,14.3378,0,0,0,0,0,0,0,0,0,0,0,0,31,0.9988,0.0470,4.0045,0.1887,70.1060,3.3656,1.0022,0.0182,3.9805,0.0678,74.5967,1.6510,0.0000,0.0000,1.5667,29.8308,0.0000,0.0000,3.0268,50.3514,37.8843,0.0001,0.0001,0.0000
1935,8922,28,123,0.7854,0.0741,78.4367,199.7514,664235.4375,14.3378,0,0,0,0,1,0,0,0,0,0,0,0,31,0.9988,0.0470,4.0044,0.1887,70.1076,3.3668,1.0022,0.0182,3.9805,0.0678,74.5967,1.6510,0.0000,0.0000,1.5667,29.8305,0.0000,0.0000,3.0268,50.3514,37.8843,0.0001,0.0001,0.0000
1936,8924,28,123,0.7853,0.0741,78.4357,199.7514,664639.0000,14.3378,0,0,0,0,1,0,0,0,0,0,0,0,31,0.9988,0.0470,4.0044,0.1887,70.1079,3.3665,1.0022,0.0182,3.9805,0.0678,74.5967,1.6510,0.0000,0.0000,1.5667,29.8302,0.0000,0.0000,3.0268,50.3514,37.8843,0.0001,0.0001,0.0000
1937,8929,28,123,0.7853,0.0741,78.4350,199.7514,665028.9375,14.3378,0,0,0,0,1,0,0,0,0,0,0,0,31,0.9988,0.0470,4.0043,0.1887,70.1085,3.3658,1.0022,0.0182,3.9805,0.0678,74.5967,1.6510,0.0000,0.0000,1.5667,29.8299,0.0000,0.0000,3.0268,50.3514,37.8843,0.0001,0.0001,0.0000
1938,8930,28,123,0.7852,0.0741,78.4341,199.7514,665470.5000,14.3378,0,0,1,0,3,0,0,0,0,0,0,0,31,0.9988,0.0470,4.0043,0.1889,70.1091,3.3656,1.0022,0.0182,3.9805,0.0678,74.5967,1.6510,0.0000,0.0000,1.5667,29.8296,0.0000,0.0000,3.0268,50.3514,37.8843,0.0001,0.0001,0.0000
1939,8934,28,123,0.7852,0.0741,78.4330,199.7514,665854.9375,14.3378,0,0,0,0,1,0,0,0,0,0,0,0,31,0.9988,0.0470,4.0043,0.1888,70.1084,3.3662,1.0022,0.0182,3.9805,0.0678,74.5967,1.6510,0.0000,0.0000,1.5667,29.8292,0.0000,0.0000,3.0268,50.3514,37.8843,0.0001,0.0001,0.0000
1940,8939,28,123,0.7851,0.0741,76.5271,199.7935,666140.0000,14.3378,0,0,0,0,0,0,0,0,0,0,0,0,31,0.9988,0.0470,4.0044,0.1888,70.1071,3.3663,1.0022,0.0182,3.9805,0.0678,74.5967,1.6510,0.0000,0.0000,1.4785,29.1230,0.0228,0.0000,3.0305,50.3511,37.8809,0.0000,0.0001,0.0000
1941,8947,28,123,0.7850,0.0741,76.5264,199.7935,666512.2500,14.3378,0,0,0,0,0,0,0,0,0,0,0,0,31,0.9988,0.0470,4.0044,0.1888,70.1079,3.3677,1.0022,0.0182,3.9805,0.0678,74.5967,1.6510,0.0000,0.0000,1.4785,29.1228,0.0000,0.0000,3.0305,50.3511,37.8809,0.0000,0.0001,0.0000
1942,8950,28,123,0.7850,0.0741,79.1680,199.7935,666931.0000,14.3378,0,0,0,0,3,0,0,0,0,0,0,0,31,0.9988,0.0470,4.0044,0.1888,70.1084,3.3676,1.0022,0.0182,3.9805,0.0678,74.5967,1.6510,1.3966,0.4264,1.7547,30.1721,0.0000,0.0706,3.0305,50.3511,37.8809,0.0000,0.0001,0.0000
1943,8954,28,123,0.7849,0.0741,79.1672,199.7935,667325.0625,14.3378,0,0,0,0,1,0,0,0,0,0,0,0,31,0.9988,0.0470,4.0044,0.1889,70.1088,3.3675,1.0022,0.0182,3.9805,0.0678,74.5967,1.6510,0.0000,0.0000,1.7547,30.1719,0.0000,0.0000,3.0305,50.3511,37.8809,0.0000,0.0001,0.0000
1944,8961,28,123,0.7849,0.0740,79.1662,199.7935,667719.5625,14.3378,0,0,0,0,1,0,0,0,0,0,0,0,31,0.9988,0.0470,4.0045,0.1889,70.1111,3.3679,1.0022,0.0182,3.9805,0.0678,74.5967,1.6510,0.0000,0.0000,1.7547,30.1715,0.0000,0.0000,3.0305,50.3511,37.8809,0.0000,0.0001,0.0000
1945,8963,28,123,0.7848,0.0740,79.1655,199.7935,668134.0000,14.3378,0,0,0,0,2,0,0,0,0,0,0,0,31,0.9988,0.0470,4.0045,0.1889,70.1125,3.3678,1.0022,0.0182,3.9805,0.0678,74.5967,1.6510,0.0000,0.0000,1.7547,30.1712,0.0000,0.0000,3.0305,50.3511,37.8809,0.0000,0.0001,0.0000
1946,8970,28,123,0.7847,0.0740,79.1646,199.7935,668537.1250,14.3378,0,0,0,0,1,0,0,0,0,0,0,0,31,0.9988,0.0470,4.0045,0.1889,70.1113,3.3688,1.0022,0.0182,3.9805,0.0678,74.5967,1.6510,0.0000,0.0000,1.7547,30.1709,0.0000,0.0000,3.0305,50.3511,37.8809,0.0000,0.0001,0.0000
1947,8975,28,123,0.7847,0.0740,79.1639,199.7935,668941.6875,14.3378,0,0,0,0,2,0,0,0,0,0,0,0,31,0.9988,0.0470,4.0046,0.1890,70.1127,3.3698,1.0022,0.0182,3.9805,0.0678,74.5967,1.6510,0.0000,0.0000,1.7547,30.1706,0.0000,0.0000,3.0305,50.3511,37.8809,0.0000,0.0001,0.0000
1948,8980,28,123,0.7846,0.0740,79.1629,199.7935,669337.8750,14.3378,0,0,1,0,0,0,0,0,0,0,0,0,31,0.9988,0.0471,4.0047,0.1890,70.1135,3.3697,1.0022,0.0182,3.9805,0.0678,74.5967,1.6510,0.0000,0.0000,1.7547,30.1702,0.0000,0.0000,3.0305,50.3511,37.8809,0.0000,0.0001,0.0000
1949,8980,28,123,0.7846,0.0740,79.1619,199.7935,669722.1250,14.3378,0,0,0,0,1,0,0,0,0,0,0,0,31,0.9988,0.0471,4.0047,0.1891,70.1124,3.3699,1.0022,0.0182,3.9805,0.0678,74.5967,1.6510,0.0000,0.0000,1.7547,30.1698,0.0000,0.0000,3.0305,50.3511,37.8809,0.0000,0.0001,0.0000
1950,8992,28,97,0.7845,0.0740,91.6463,199.4388,671064.3125,14.3378,0,0,0,0,0,0,0,0,0,0,0,0,31,0.9988,0.0471,4.0047,0.1890,70.1110,3.3726,1.0022,0.0182,3.9805,0.0678,74.5967,1.6510,8.2169,2.9077,1.9130,34.7571,0.7852,1.8620,3.0125,50.3424,37.8687,0.0217,0.0084,0.0000
1951,8994,28,97,0.7845,0.0740,91.6448,199.4388,671466.1250,14.3378,0,0,0,0,2,0,0,0,0,0,0,0,31,0.9988,0.0471,4.0046,0.1892,70.1132,3.3716,1.0022,0.0182,3.9805,0.0678,74.5967,1.6510,0.0000,0.0000,1.9130,34.7565,0.0000,0.0000,3.0125,50.3424,37.8687,0.0217,0.0084,0.0000
1952,8995,28,97,0.7846,0.0740,91.6430,199.4388,671869.5000,14.3378,0,0,0,0,2,0,0,0,0,0,0,0,31,0.9988,0.0471,4.0047,0.1893,70.1121,3.3698,1.0022,0.0182,3.9805,0.0678,74.5967,1.6510,0.0000,0.0000,1.9130,34.7559,0.0000,0.0000,3.0125,50.3424,37.8687,0.0217,0.0084,0.0000
1953,9001,28,97,0.7846,0.0740,91.6415,199.4388,672248.1875,14.3378,0,0,0,0,0,0,0,0,0,0,0,0,31,0.9988,0.0471,4.0047,0.1893,70.1146,3.3712,1.0022,0.0182,3.9805,0.0678,74.5967,1.6510,0.0000,0.0000,1.9130,34.7553,0.0000,0.0000,3.0125,50.3424,37.8687,0.0217,0.0084,0.0000
1954,9006,28,97,0.7846,0.0739,91.6400,199.4388,672642.4375,14.3378,0,0,0,0,1,0,0,0,0,0,0,0,31,0.9988,0.0471,4.0047,0.1894,70.1141,3.3710,1.0022,0.0182,3.9805,0.0678,74.5967,1.6510,0.0000,0.0000,1.9130,34.7548,0.0000,0.0000,3.0125,50.3424,37.8687,0.0217,0.0084,0.0000
1955,9009,28,97,0.7846,0.0739,91.6385,199.4388,673026.5000,14.3378,0,0,0,0,0,0,0,0,0,0,0,0,31,0.9988,0.0471,4.0047,0.1894,70.1151,3.3711,1.0022,0.0182,3.9805,0.0678,74.5967,1.6510,0.0000,0.0000,1.9130,34.7542,0.0000,0.0000,3.0125,50.3424,37.8687,0.0217,0.0084,0.0000
1956,9014,28,97,0.7846,0.0739,91.6370,199.4388,673429.2500,14.3378,0,0,0,0,1,0,0,0,0,0,0,0,31,0.9988,0.0471,4.0046,0.1893,70.1159,3.3716,1.0022,0.0182,3.9805,0.0678,74.5967,1.6510,0.0000,0.0000,1.9130,34.7537,0.0000,0.0000,3.0125,50.3424,37.8687,0.0217,0.0084,0.0000
1957,9018,28,97,0.7846,0.0739,91.6356,199.4388,673818.3750,14.3378,0,0,0,0,1,0,0,0,0,0,0,0,31,0.9988,0.0471,4.0047,0.1894,70.1150,3.3712,1.0022,0.0182,3.9805,0.0678,74.5967,1.6510,0.0000,0.0000,1.9130,34.7531,0.0000,0.0000,3.0125,50.3424,37.8687,0.0217,0.0084,0.0000
1958,9020,28,97,0.7846,0.0739,91.6341,199.4388,674199.3125,14.3378,0,0,0,0,0,0,0,0,0,0,0,0,31,0.9988,0.0471,4.0047,0.1894,70.1145,3.3711,1.0022,0.0182,3.9805,0.0678,74.5967,1.6510,0.0000,0.0000,1.9130,34.7526,0.0000,0.0000,3.0125,50.3424,37.8687,0.0217,0.0084,0.0000
1959,9023,28,97,0.7846,0.0739,91.6324,199.4388,674583.3750,14.3378,0,0,0,0,1,0,0,0,0,0,0,0,31,0.9988,0.0471,4.0048,0.1894,70.1142,3.3711,1.0022,0.0182,3.9805,0.0678,74.5967,1.6510,0.0000,0.0000,1.9130,34.7520,0.0000,0.0000,3.0125,50.3424,37.8687,0.0217,0.0084,0.0000
1960,9029,28,97,0.7846,0.0739,89.7404,199.4456,674862.3125,14.3378,0,0,0,0,1,0,0,0,0,0,0,0,31,0.9989,0.0471,4.0048,0.1895,70.1134,3.3719,1.0022,0.0182,3.9805,0.0678,74.5967,1.6510,0.0000,0.0000,1.7357,34.0507,0.0761,0.0000,3.0153,50.3421,37.8640,0.0005,0.0084,0.0000
1961,9032,28,97,0.7846,0.0739,90.8295,199.4456,675249.1250,14.3378,0,0,0,0,1,0,0,0,0,0,0,0,31,0.9989,0.0471,4.0048,0.1895,70.1126,3.3716,1.0022,0.0182,3.9805,0.0678,74.5967,1.6510,0.5630,0.1637,1.8662,34.4763,0.0000,0.0065,3.0153,50.3421,37.8640,0.0005,0.0000,0.0000
1962,9042,28,97,0.7846,0.0739,90.8278,199.4456,675637.5625,14.3378,0,0,1,0,0,0,0,0,0,0,0,0,31,0.9989,0.0471,4.0047,0.1895,70.1131,3.3712,1.0022,0.0182,3.9805,0.0678,74.5967,1.6510,0.0000,0.0000,1.8662,34.4756,0.0000,0.0000,3.0153,50.3421,37.8640,0.0005,0.0000,0.0000
1963,9045,28,97,0.7846,0.0739,90.8264,199.4456,676046.1875,14.3378,0,0,0,0,2,0,0,0,0,0,0,0,31,0.9989,0.0471,4.0046,0.1896,70.1132,3.3714,1.0022,0.0182,3.9805,0.0678,74.5967,1.6510,0.0000,0.0000,1.8662,34.4751,0.0000,0.0000,3.0153,50.3421,37.8640,0.0005,0.0000,0.0000
1964,9047,28,97,0.7846,0.0739,90.8249,199.4456,676440.4375,14.3378,0,0,0,0,1,0,0,0,0,0,0,0,31,0.9989,0.0471,4.0047,0.1896,70.1135,3.3714,1.0022,0.0182,3.9805,0.0678,74.5967,1.6510,0.0000,0.0000,1.8662,34.4745,0.0000,0.0000,3.0153,50.3421,37.8640,0.0005,0.0000,0.0000
1965,9053,28,97,0.7846,0.0739,90.8235,199.4456,676824.5000,14.3378,0,0,0,0,0,0,0,0,0,0,0,0,31,0.9989,0.0471,4.0047,0.1896,70.1146,3.3731,1.0022,0.0182,3.9805,0.0678,74.5967,1.6510,0.0000,0.0000,1.8662,34.4740,0.0000,0.0000,3.0153,50.3421,37.8640,0.0005,0.0000,0.0000
1966,9057,28,97,0.7846,0.0738,90.8221,199.4456,677227.2500,14.3378,0,0,0,0,1,0,0,0,0,0,0,0,31,0.9989,0.0471,4.0047,0.1896,70.1114,3.3723,1.0022,0.0182,3.9805,0.0678,74.5967,1.6510,0.0000,0.0000,1.8662,34.4735,0.0000,0.0000,3.0153,50.3421,37.8640,0.0005,0.0000,0.0000
1967,9062,28,97,0.7846,0.0738,90.8207,199.4456,677631.1875,14.3378,0,0,1,0,1,0,0,0,0,0,0,0,31,0.9989,0.0471,4.0046,0.1896,70.1115,3.3713,1.0022,0.0182,3.9805,0.0678,74.5967,1.6510,0.0000,0.0000,1.8662,34.4730,0.0000,0.0000,3.0153,50.3421,37.8640,0.0005,0.0000,0.0000
1968,9069,28,97,0.7846,0.0738,90.8193,199.4456,678027.1875,14.3378,0,0,0,0,1,0,0,0,0,0,0,0,31,0.9989,0.0471,4.0045,0.1897,70.1113,3.3754,1.0022,0.0182,3.9805,0.0678,74.5967,1.6510,0.0000,0.0000,1.8662,34.4725,0.0000,0.0000,3.0153,50.3421,37.8640,0.0005,0.0000,0.0000
1969,9075,28,97,0.7846,0.0738,90.8177,199.4456,678426.3125,14.3378,0,0,0,0,2,0,0,0,0,0,0,0,31,0.9989,0.0471,4.0045,0.1897,70.1131,3.3766,1.0022,0.0182,3.9805,0.0678,74.5967,1.6510,0.0000,0.0000,1.8662,34.4719,0.0000,0.0000,3.0153,50.3421,37.8640,0.0005,0.0000,0.0000
1970,9083,28,97,0.7846,0.0738,88.8927,199.4627,678705.8750,14.3378,0,0,0,0,1,0,0,0,0,0,0,0,31,0.9989,0.0471,4.0044,0.1897,70.1121,3.3765,1.0022,0.0182,3.9805,0.0678,74.5967,1.6510,0.0000,0.0000,1.7405,33.7309,0.0579,0.0000,3.0183,50.3418,37.8597,0.0003,0.0000,0.0000
1971,9085,28,97,0.7846,0.0738,88.8913,199.4627,679077.5625,14.3378,0,0,0,0,0,0,0,0,0,0,0,0,31,0.9989,0.0471,4.0044,0.1897,70.1131,3.3772,1.0022,0.0182,3.9805,0.0678,74.5967,1.6510,0.0000,0.0000,1.7405,33.7304,0.0000,0.0000,3.0183,50.3418,37.8597,0.0003,0.0000,0.0000
1972,9096,28,97,0.7846,0.0738,88.8896,199.4627,679466.0625,14.3378,0,0,0,0,1,0,0,0,0,0,0,0,31,0.9989,0.0472,4.0043,0.1898,70.1138,3.3793,1.0022,0.0182,3.9805,0.0678,74.5967,1.6510,0.0000,0.0000,1.7405,33.7298,0.0000,0.0000,3.0183,50.3418,37.8597,0.0003,0.0000,0.0000
1973,9106,28,97,0.7846,0.0738,88.8883,199.4627,679844.6250,14.3378,0,0,0,0,0,0,0,0,0,0,0,0,31,0.9989,0.0472,4.0042,0.1898,70.1146,3.3788,1.0022,0.0182,3.9805,0.0678,74.5967,1.6510,0.0000,0.0000,1.7405,33.7293,0.0000,0.0000,3.0183,50.3418,37.8597,0.0003,0.0000,0.0000
1974,9107,28,97,0.7846,0.0738,88.8868,199.4627,680253.8125,14.3378,0,0,0,0,2,0,0,0,0,0,0,0,31,0.9989,0.0472,4.0041,0.1898,70.1145,3.3788,1.0022,0.0182,3.9805,0.0678,74.5967,1.6510,0.0000,0.0000,1.7405,33.7288,0.0000,0.0000,3.0183,50.3418,37.8597,0.0003,0.0000,0.0000
1975,9113,28,97,0.7846,0.0738,88.8856,199.4627,680652.8125,14.3378,0,0,0,0,1,0,0,0,0,0,0,0,31,0.9989,0.0472,4.0042,0.1898,70.1129,3.3797,1.0022,0.0182,3.9805,0.0678,74.5967,1.6510,0.0000,0.0000,1.7405,33.7283,0.0000,0.0000,3.0183,50.3418,37.8597,0.0003,0.0000,0.0000
1976,9119,28,97,0.7846,0.0738,88.8842,199.4627,681070.5000,14.3378,0,0,0,0,2,0,0,0,0,0,0,0,31,0.9989,0.0472,4.0042,0.1899,70.1113,3.3824,1.0022,0.0182,3.9805,0.0678,74.5967,1.6510,0.0000,0.0000,1.7405,33.7278,0.0000,0.0000,3.0183,50.3418,37.8597,0.0003,0.0000,0.0000
1977,9122,28,97,0.7846,0.0737,88.8829,199.4627,681459.3750,14.3378,0,0,1,0,0,0,0,0,0,0,0,0,31,0.9989,0.0472,4.0042,0.1898,70.1111,3.3821,1.0022,0.0182,3.9805,0.0678,74.5967,1.6510,0.0000,0.0000,1.7405,33.7273,0.0000,0.0000,3.0183,50.3418,37.8597,0.0003,0.0000,0.0000
1978,9125,28,97,0.7845,0.0737,88.8815,199.4627,681870.3125,14.3378,0,0,0,0,2,0,0,0,0,0,0,0,31,0.9989,0.0472,4.0042,0.1898,70.1113,3.3815,1.0022,0.0182,3.9805,0.0678,74.5967,1.6510,0.0000,0.0000,1.7405,33.7268,0.0000,0.0000,3.0183,50.3418,37.8597,0.0003,0.0000,0.0000
1979,9129,28,97,0.7845,0.0737,88.8800,199.4627,682254.4375,14.3378,0,0,0,0,1,0,0,0,0,0,0,0,31,0.9989,0.0472,4.0042,0.1899,70.1100,3.3817,1.0022,0.0182,3.9805,0.0678,74.5967,1.6510,0.0000,0.0000,1.7405,33.7263,0.0000,0.0000,3.0183,50.3418,37.8597,0.0003,0.0000,0.0000
1980,9136,28,97,0.7846,0.0737,86.9543,199.4932,682536.1875,14.3378,0,0,0,0,1,0,0,0,0,0,0,0,31,0.9989,0.0472,4.0042,0.1899,70.1076,3.3825,1.0022,0.0182,3.9805,0.0678,74.5967,1.6510,0.0000,0.0000,1.6243,33.0165,0.0309,0.0000,3.0217,50.3415,37.8557,0.0000,0.0000,0.0000
1981,9137,28,97,0.7845,0.0737,86.9531,199.4932,682937.8125,14.3378,0,0,0,0,2,0,0,0,0,0,0,0,31,0.9989,0.0472,4.0042,0.1899,70.1073,3.3820,1.0022,0.0182,3.9805,0.0678,74.5967,1.6510,0.0000,0.0000,1.6243,33.0160,0.0000,0.0000,3.0217,50.3415,37.8557,0.0000,0.0000,0.0000
1982,9138,28,97,0.7845,0.0737,86.9515,199.4932,683341.3125,14.3378,0,0,0,0,2,0,0,0,0,0,0,0,31,0.9989,0.0472,4.0042,0.1900,70.1050,3.3832,1.0022,0.0182,3.9805,0.0678,74.5967,1.6510,0.0000,0.0000,1.6243,33.0155,0.0000,0.0000,3.0217,50.3415,37.8557,0.0000,0.0000,0.0000
1983,9144,28,97,0.7845,0.0737,86.9503,199.4932,683719.7500,14.3378,0,0,0,0,0,0,0,0,0,0,0,0,31,0.9989,0.0472,4.0042,0.1900,70.1037,3.3837,1.0022,0.0182,3.9805,0.0678,74.5967,1.6510,0.0000,0.0000,1.6243,33.0150,0.0000,0.0000,3.0217,50.3415,37.8557,0.0000,0.0000,0.0000
1984,9149,28,97,0.7845,0.0737,86.9489,199.4932,684113.8750,14.3378,0,0,0,0,1,0,0,0,0,0,0,0,31,0.9989,0.0472,4.0042,0.1900,70.1033,3.3835,1.0022,0.0182,3.9805,0.0678,74.5967,1.6510,0.0000,0.0000,1.6243,33.0145,0.0000,0.0000,3.0217,50.3415,37.8557,0.0000,0.0000,0.0000
1985,9154,28,97,0.7845,0.0737,86.9477,199.4932,684527.7500,14.3378,0,0,0,0,2,0,0,0,0,0,0,0,31,0.9989,0.0472,4.0040,0.1901,70.1028,3.3827,1.0022,0.0182,3.9805,0.0678,74.5967,1.6510,0.0000,0.0000,1.6243,33.0141,0.0000,0.0000,3.0217,50.3415,37.8557,0.0000,0.0000,0.0000
1986,9157,28,97,0.7844,0.0737,86.9464,199.4932,684930.2500,14.3378,0,0,0,0,1,0,0,0,0,0,0,0,31,0.9989,0.0472,4.0040,0.1901,70.1030,3.3834,1.0022,0.0182,3.9805,0.0678,74.5967,1.6510,0.0000,0.0000,1.6243,33.0136,0.0000,0.0000,3.0217,50.3415,37.8557,0.0000,0.0000,0.0000
1987,9162,28,97,0.7844,0.0737,86.9453,199.4932,685303.9375,14.3378,0,0,0,0,0,0,0,0,0,0,0,0,31,0.9989,0.0472,4.0040,0.1902,70.1031,3.3828,1.0022,0.0182,3.9805,0.0678,74.5967,1.6510,0.0000,0.0000,1.6243,33.0132,0.0000,0.0000,3.0217,50.3415,37.8557,0.0000,0.0000,0.0000
1988,9170,28,97,0.7844,0.0736,95.0340,199.4932,685699.7500,14.3378,0,0,0,0,1,0,0,0,0,0,0,0,31,0.9989,0.0472,4.0040,0.1903,70.1025,3.3832,1.0022,0.0182,3.9805,0.0678,74.5967,1.6510,4.7395,1.5984,2.0344,36.5310,0.0000,0.8111,3.0217,50.3415,37.8557,0.0000,0.0017,0.0000
1989,9176,28,97,0.7844,0.0736,95.0323,199.4932,686083.9375,14.3378,0,0,0,0,1,0,0,0,0,0,0,0,31,0.9988,0.0472,4.0041,0.1903,70.1033,3.3827,1.0022,0.0182,3.9805,0.0678,74.5967,1.6510,0.0000,0.0000,2.0344,36.5304,0.0000,0.0000,3.0217,50.3415,37.8557,0.0000,0.0017,0.0000
1990,9182,28,97,0.7844,0.0736,93.1662,199.2669,686370.8125,14.3378,0,0,0,0,2,0,0,0,0,0,0,0,31,0.9988,0.0473,4.0042,0.1904,70.1025,3.3840,1.0022,0.0182,3.9805,0.0678,74.5967,1.6510,0.0000,0.0000,1.8488,35.3310,0.5707,0.0000,3.0124,50.3396,37.8459,0.0129,0.0017,0.0000
1991,9190,28,97,0.7844,0.0736,93.1647,199.2669,686772.3125,14.3378,0,0,1,0,1,0,0,0,0,0,0,0,31,0.9988,0.0473,4.0042,0.1904,70.1016,3.3839,1.0022,0.0182,3.9805,0.0678,74.5967,1.6510,0.0000,0.0000,1.8488,35.3305,0.0000,0.0000,3.0124,50.3396,37.8459,0.0129,0.0017,0.0000
1992,9193,28,97,0.7845,0.0736,93.1629,199.2669,687160.7500,14.3378,0,0,0,0,1,0,0,0,0,0,0,0,31,0.9988,0.0473,4.0043,0.1904,70.1012,3.3835,1.0022,0.0182,3.9805,0.0678,74.5967,1.6510,0.0000,0.0000,1.8488,35.3298,0.0000,0.0000,3.0124,50.3396,37.8459,0.0129,0.0017,0.0000
1993,9200,28,97,0.7845,0.0736,93.1615,199.2669,687569.0000,14.3378,0,0,0,0,2,0,0,0,0,0,0,0,31,0.9988,0.0473,4.0043,0.1905,70.1017,3.3844,1.0022,0.0182,3.9805,0.0678,74.5967,1.6510,0.0000,0.0000,1.8488,35.3293,0.0000,0.0000,3.0124,50.3396,37.8459,0.0129,0.0017,0.0000
1994,9203,28,97,0.7845,0.0736,93.1599,199.2669,687977.9375,14.3378,0,0,0,0,2,0,0,0,0,0,0,0,31,0.9988,0.0473,4.0044,0.1904,70.1027,3.3853,1.0022,0.0182,3.9805,0.0678,74.5967,1.6510,0.0000,0.0000,1.8488,35.3287,0.0000,0.0000,3.0124,50.3396,37.8459,0.0129,0.0017,0.0000
1995,9209,28,97,0.7845,0.0736,93.1585,199.2669,688361.7500,14.3378,0,0,0,0,0,0,0,0,0,0,0,0,31,0.9988,0.0473,4.0045,0.1905,70.1025,3.3850,1.0022,0.0182,3.9805,0.0678,74.5967,1.6510,0.0000,0.0000,1.8488,35.3282,0.0000,0.0000,3.0124,50.3396,37.8459,0.0129,0.0017,0.0000
1996,9210,28,97,0.7845,0.0736,93.1570,199.2669,688764.0625,14.3378,0,0,0,0,1,0,0,0,0,0,0,0,31,0.9988,0.0473,4.0044,0.1905,70.1020,3.3855,1.0022,0.0182,3.9805,0.0678,74.5967,1.6510,0.0000,0.0000,1.8488,35.3276,0.0000,0.0000,3.0124,50.3396,37.8459,0.0129,0.0017,0.0000
1997,9215,28,97,0.7845,0.0736,93.1555,199.2669,689137.5000,14.3378,0,0,0,0,0,0,0,0,0,0,0,0,31,0.9988,0.0473,4.0045,0.1905,70.1023,3.3861,1.0022,0.0182,3.9805,0.0678,74.5967,1.6510,0.0000,0.0000,1.8488,35.3271,0.0000,0.0000,3.0124,50.3396,37.8459,0.0129,0.0017,0.0000
1998,9223,28,97,0.7845,0.0736,93.1541,199.2669,689533.2500,14.3378,0,0,0,0,1,0,0,0,0,0,0,0,31,0.9987,0.0473,4.0045,0.1905,70.1031,3.3862,1.0022,0.0182,3.9805,0.0678,74.5967,1.6510,0.0000,0.0000,1.8488,35.3266,0.0000,0.0000,3.0124,50.3396,37.8459,0.0129,0.0017,0.0000
1999,9228,28,97,0.7845,0.0736,93.1524,199.2669,689902.5000,14.3378,0,0,0,0,0,0,0,0,0,0,0,0,31,0.9987,0.0473,4.0045,0.1905,70.1036,3.3856,1.0022,0.0182,3.9805,0.0678,74.5967,1.6510,0.0000,0.0000,1.8488,35.3260,0.0000,0.0000,3.0124,50.3396,37.8459,0.0129,0.0017,0.0000
2000,9236,28,72,0.7845,0.0736,91.2272,199.2778,691216.3750,11.9954,0,0,0,0,1,0,0,0,0,0,0,0,31,0.9987,0.0473,4.0047,0.1906,70.1020,3.3864,1.0022,0.0182,3.9805,0.0678,74.5967,1.6510,0.0000,0.0000,1.7025,34.6137,0.0503,0.0000,3.0156,50.3392,37.8407,0.0002,0.0017,0.0000
